Running: gcovr -r /home/sufyan/Zephyr_IOMICO/zephyr-course/app/modules/ring_buf --gcov-ignore-parse-errors=negative_hits.warn_once_per_file --gcov-executable gcov -e tests/* -e .*generated.* -e .*/tests/.* -e .*/samples/.* --exclude-branches-by-pattern (^\s*LOG_(?:HEXDUMP_)?(?:DBG|INF|WRN|ERR)\(.*)|(^\s*__ASSERT(?:_EVAL|_NO_MSG|_POST_ACTION)?\(.*) -v --merge-mode-functions=separate --json -o /home/sufyan/Zephyr_IOMICO/zephyr-course/twister-out/coverage.json /home/sufyan/Zephyr_IOMICO/zephyr-course/twister-out
(DEBUG) gcovr version 8.6
(DEBUG) File system is case sensitive.
(DEBUG) Filters for --filter: (1)
(DEBUG)  - DirectoryPrefixFilter(/home/sufyan/Zephyr_IOMICO/zephyr\-course/app/modules/ring_buf/)
(DEBUG) Filters for --exclude: (4)
(DEBUG)  - RelativeFilter(tests/* root=/home/sufyan/Zephyr_IOMICO/zephyr-course)
(DEBUG)  - RelativeFilter(.*generated.* root=/home/sufyan/Zephyr_IOMICO/zephyr-course)
(DEBUG)  - RelativeFilter(.*/tests/.* root=/home/sufyan/Zephyr_IOMICO/zephyr-course)
(DEBUG)  - RelativeFilter(.*/samples/.* root=/home/sufyan/Zephyr_IOMICO/zephyr-course)
(DEBUG) Filters for --include: (0)
(DEBUG) Filters for --gcov-filter: (1)
(DEBUG)  - AlwaysMatchFilter()
(DEBUG) Filters for --gcov-exclude: (0)
(DEBUG) Filters for --exclude-directory: (0)
(DEBUG) Filters for --trace-include: (0)
(DEBUG) Filters for --trace-exclude: (0)
(DEBUG) Patterns for --exclude-function: (0)
(DEBUG) Patterns for --exclude-lines-by-pattern: (0)
(DEBUG) Patterns for --exclude-branches-by-pattern: (1)
(DEBUG)  - re.compile('(^\\s*LOG_(?:HEXDUMP_)?(?:DBG|INF|WRN|ERR)\\(.*)|(^\\s*__ASSERT(?:_EVAL|_NO_MSG|_POST_ACTION)?\\(.*)')
(INFO) Reading coverage data...
(DEBUG) Scanning directory twister-out for gcda/gcno files...
(DEBUG) Found 176 files (and will process 99)
(DEBUG) Using 1 workers.
(DEBUG) Pool started with 1 threads
(DEBUG) Check if /home/sufyan/Zephyr_IOMICO/zephyr-course/twister-out/native_sim_native/host/homework.unit.ring_buf/CMakeFiles/app.dir/home/sufyan/Zephyr_IOMICO/zephyr-course/app/modules/ring_buf/src/ring_buf.c.gcda is included (trace)...
(DEBUG)   No filter matched.
(DEBUG) --> File is excluded.
(DEBUG) GCOV capabilities: Unsupported JSON format detected.
(DEBUG) GCOV capabilities: Demangled names available.
(DEBUG) GCOV capabilities: Hashing of filenames available.
(DEBUG) Check if /home/sufyan/Zephyr_IOMICO/zephyr-course/twister-out/native_sim_native/host/homework.unit.ring_buf/CMakeFiles/app.dir/home/sufyan/Zephyr_IOMICO/zephyr-course/app/modules/ring_buf/src/ring_buf.c.gcda is included (trace)...
(DEBUG) --> File is excluded.
(DEBUG) Check if ring_buf.c##eca2924896e45375c5a2c94f08fc2d8b.gcov is included (gcov file)...
(DEBUG)   Filter AlwaysMatchFilter() matched.
(DEBUG) --> File is included.
(DEBUG) Check if log_msg.h##c3d7a43353dd151ee47d3c13d66651b3.gcov is included (gcov file)...
(DEBUG)   Filter AlwaysMatchFilter() matched.
(DEBUG) --> File is included.
(DEBUG) Check if /home/sufyan/Zephyr_IOMICO/zephyr-course/app/modules/ring_buf/ring_buf.c##eca2924896e45375c5a2c94f08fc2d8b.gcov is included (trace)...
(DEBUG)   No filter matched.
(DEBUG) --> File is excluded.
(DEBUG) Finding source file corresponding to a gcov data file
  gcov_fname   /home/sufyan/Zephyr_IOMICO/zephyr-course/app/modules/ring_buf/ring_buf.c##eca2924896e45375c5a2c94f08fc2d8b.gcov
  current_dir  /home/sufyan/Zephyr_IOMICO/zephyr-course/app/modules/ring_buf
  root         /home/sufyan/Zephyr_IOMICO/zephyr-course/app/modules/ring_buf
  starting_dir /home/sufyan/Zephyr_IOMICO/zephyr-course
  obj_dir      None
  gcda_fname   ../../../twister-out/native_sim_native/host/homework.unit.ring_buf/CMakeFiles/app.dir/home/sufyan/Zephyr_IOMICO/zephyr-course/app/modules/ring_buf/src/ring_buf.c.gcda
  --> fname    /home/sufyan/Zephyr_IOMICO/zephyr-course/app/modules/ring_buf/src/ring_buf.c
(DEBUG) Check if /home/sufyan/Zephyr_IOMICO/zephyr-course/app/modules/ring_buf/src/ring_buf.c is included (source file)...
(DEBUG)   Filter DirectoryPrefixFilter(/home/sufyan/Zephyr_IOMICO/zephyr\-course/app/modules/ring_buf/) matched for path /home/sufyan/Zephyr_IOMICO/zephyr-course/app/modules/ring_buf/src/ring_buf.c.
(DEBUG) Check for exclusion...
(DEBUG)   No filter matched.
(DEBUG) --> File is included.
(DEBUG) Check if /home/sufyan/Zephyr_IOMICO/zephyr-course/app/modules/ring_buf/log_msg.h##c3d7a43353dd151ee47d3c13d66651b3.gcov is included (trace)...
(DEBUG)   No filter matched.
(DEBUG) --> File is excluded.
(DEBUG) Finding source file corresponding to a gcov data file
  gcov_fname   /home/sufyan/Zephyr_IOMICO/zephyr-course/app/modules/ring_buf/log_msg.h##c3d7a43353dd151ee47d3c13d66651b3.gcov
  current_dir  /home/sufyan/Zephyr_IOMICO/zephyr-course/app/modules/ring_buf
  root         /home/sufyan/Zephyr_IOMICO/zephyr-course/app/modules/ring_buf
  starting_dir /home/sufyan/Zephyr_IOMICO/zephyr-course
  obj_dir      None
  gcda_fname   ../../../twister-out/native_sim_native/host/homework.unit.ring_buf/CMakeFiles/app.dir/home/sufyan/Zephyr_IOMICO/zephyr-course/app/modules/ring_buf/src/ring_buf.c.gcda
  --> fname    /home/sufyan/Zephyr_IOMICO/deps/zephyr/include/zephyr/logging/log_msg.h
(DEBUG) Check if /home/sufyan/Zephyr_IOMICO/deps/zephyr/include/zephyr/logging/log_msg.h is included (source file)...
(DEBUG)   No filter matched.
(DEBUG) --> File is excluded.
(DEBUG) Check if /home/sufyan/Zephyr_IOMICO/zephyr-course/twister-out/native_sim_native/host/homework.unit.ring_buf/CMakeFiles/app.dir/src/test_ring_buf.c.gcda is included (trace)...
(DEBUG)   No filter matched.
(DEBUG) --> File is excluded.
(DEBUG) Check if /home/sufyan/Zephyr_IOMICO/zephyr-course/twister-out/native_sim_native/host/homework.unit.ring_buf/CMakeFiles/app.dir/src/test_ring_buf.c.gcda is included (trace)...
(DEBUG) --> File is excluded.
(DEBUG) Check if test_ring_buf.c##55720e33241e595a2da8e37467bc8e59.gcov is included (gcov file)...
(DEBUG)   Filter AlwaysMatchFilter() matched.
(DEBUG) --> File is included.
(DEBUG) Check if ztest_assert.h##cd32e0e6654b0ff6f0bea1498bc4cdc2.gcov is included (gcov file)...
(DEBUG)   Filter AlwaysMatchFilter() matched.
(DEBUG) --> File is included.
(DEBUG) Check if /home/sufyan/Zephyr_IOMICO/zephyr-course/app/modules/ring_buf/ztest_assert.h##cd32e0e6654b0ff6f0bea1498bc4cdc2.gcov is included (trace)...
(DEBUG)   No filter matched.
(DEBUG) --> File is excluded.
(DEBUG) Finding source file corresponding to a gcov data file
  gcov_fname   /home/sufyan/Zephyr_IOMICO/zephyr-course/app/modules/ring_buf/ztest_assert.h##cd32e0e6654b0ff6f0bea1498bc4cdc2.gcov
  current_dir  /home/sufyan/Zephyr_IOMICO/zephyr-course/app/modules/ring_buf
  root         /home/sufyan/Zephyr_IOMICO/zephyr-course/app/modules/ring_buf
  starting_dir /home/sufyan/Zephyr_IOMICO/zephyr-course
  obj_dir      None
  gcda_fname   ../../../twister-out/native_sim_native/host/homework.unit.ring_buf/CMakeFiles/app.dir/src/test_ring_buf.c.gcda
  --> fname    /home/sufyan/Zephyr_IOMICO/deps/zephyr/subsys/testsuite/ztest/include/zephyr/ztest_assert.h
(DEBUG) Check if /home/sufyan/Zephyr_IOMICO/deps/zephyr/subsys/testsuite/ztest/include/zephyr/ztest_assert.h is included (source file)...
(DEBUG)   No filter matched.
(DEBUG) --> File is excluded.
(DEBUG) Check if /home/sufyan/Zephyr_IOMICO/zephyr-course/app/modules/ring_buf/test_ring_buf.c##55720e33241e595a2da8e37467bc8e59.gcov is included (trace)...
(DEBUG)   No filter matched.
(DEBUG) --> File is excluded.
(DEBUG) Finding source file corresponding to a gcov data file
  gcov_fname   /home/sufyan/Zephyr_IOMICO/zephyr-course/app/modules/ring_buf/test_ring_buf.c##55720e33241e595a2da8e37467bc8e59.gcov
  current_dir  /home/sufyan/Zephyr_IOMICO/zephyr-course/app/modules/ring_buf
  root         /home/sufyan/Zephyr_IOMICO/zephyr-course/app/modules/ring_buf
  starting_dir /home/sufyan/Zephyr_IOMICO/zephyr-course
  obj_dir      None
  gcda_fname   ../../../twister-out/native_sim_native/host/homework.unit.ring_buf/CMakeFiles/app.dir/src/test_ring_buf.c.gcda
  --> fname    /home/sufyan/Zephyr_IOMICO/zephyr-course/tests/ring_buf/src/test_ring_buf.c
(DEBUG) Check if /home/sufyan/Zephyr_IOMICO/zephyr-course/tests/ring_buf/src/test_ring_buf.c is included (source file)...
(DEBUG)   No filter matched.
(DEBUG) --> File is excluded.
(DEBUG) Check if /home/sufyan/Zephyr_IOMICO/zephyr-course/twister-out/native_sim_native/host/homework.unit.ring_buf/zephyr/CMakeFiles/offsets.dir/arch/posix/core/offsets/offsets.c.gcda is included (trace)...
(DEBUG)   No filter matched.
(DEBUG) --> File is excluded.
(DEBUG) Check if /home/sufyan/Zephyr_IOMICO/zephyr-course/twister-out/native_sim_native/host/homework.unit.ring_buf/zephyr/CMakeFiles/offsets.dir/arch/posix/core/offsets/offsets.c.gcda is included (trace)...
(DEBUG) --> File is excluded.
(DEBUG) Check if kernel_offsets.h##1c80751b864b14167963417009ae94dd.gcov is included (gcov file)...
(DEBUG)   Filter AlwaysMatchFilter() matched.
(DEBUG) --> File is included.
(DEBUG) Check if offsets.c##3ff8e9fd1fc8b5155eb46fdc3e493727.gcov is included (gcov file)...
(DEBUG)   Filter AlwaysMatchFilter() matched.
(DEBUG) --> File is included.
(DEBUG) Check if /home/sufyan/Zephyr_IOMICO/zephyr-course/app/modules/ring_buf/kernel_offsets.h##1c80751b864b14167963417009ae94dd.gcov is included (trace)...
(DEBUG)   No filter matched.
(DEBUG) --> File is excluded.
(DEBUG) Finding source file corresponding to a gcov data file
  gcov_fname   /home/sufyan/Zephyr_IOMICO/zephyr-course/app/modules/ring_buf/kernel_offsets.h##1c80751b864b14167963417009ae94dd.gcov
  current_dir  /home/sufyan/Zephyr_IOMICO/zephyr-course/app/modules/ring_buf
  root         /home/sufyan/Zephyr_IOMICO/zephyr-course/app/modules/ring_buf
  starting_dir /home/sufyan/Zephyr_IOMICO/zephyr-course
  obj_dir      None
  gcda_fname   ../../../twister-out/native_sim_native/host/homework.unit.ring_buf/zephyr/CMakeFiles/offsets.dir/arch/posix/core/offsets/offsets.c.gcda
  --> fname    /home/sufyan/Zephyr_IOMICO/deps/zephyr/kernel/include/kernel_offsets.h
(DEBUG) Check if /home/sufyan/Zephyr_IOMICO/deps/zephyr/kernel/include/kernel_offsets.h is included (source file)...
(DEBUG)   No filter matched.
(DEBUG) --> File is excluded.
(DEBUG) Check if /home/sufyan/Zephyr_IOMICO/zephyr-course/app/modules/ring_buf/offsets.c##3ff8e9fd1fc8b5155eb46fdc3e493727.gcov is included (trace)...
(DEBUG)   No filter matched.
(DEBUG) --> File is excluded.
(DEBUG) Finding source file corresponding to a gcov data file
  gcov_fname   /home/sufyan/Zephyr_IOMICO/zephyr-course/app/modules/ring_buf/offsets.c##3ff8e9fd1fc8b5155eb46fdc3e493727.gcov
  current_dir  /home/sufyan/Zephyr_IOMICO/zephyr-course/app/modules/ring_buf
  root         /home/sufyan/Zephyr_IOMICO/zephyr-course/app/modules/ring_buf
  starting_dir /home/sufyan/Zephyr_IOMICO/zephyr-course
  obj_dir      None
  gcda_fname   ../../../twister-out/native_sim_native/host/homework.unit.ring_buf/zephyr/CMakeFiles/offsets.dir/arch/posix/core/offsets/offsets.c.gcda
  --> fname    /home/sufyan/Zephyr_IOMICO/deps/zephyr/arch/posix/core/offsets/offsets.c
(DEBUG) Check if /home/sufyan/Zephyr_IOMICO/deps/zephyr/arch/posix/core/offsets/offsets.c is included (source file)...
(DEBUG)   No filter matched.
(DEBUG) --> File is excluded.
(DEBUG) Check if /home/sufyan/Zephyr_IOMICO/zephyr-course/twister-out/native_sim_native/host/homework.unit.ring_buf/zephyr/CMakeFiles/zephyr.dir/lib/heap/heap.c.gcda is included (trace)...
(DEBUG)   No filter matched.
(DEBUG) --> File is excluded.
(DEBUG) Check if /home/sufyan/Zephyr_IOMICO/zephyr-course/twister-out/native_sim_native/host/homework.unit.ring_buf/zephyr/CMakeFiles/zephyr.dir/lib/heap/heap.c.gcda is included (trace)...
(DEBUG) --> File is excluded.
(DEBUG) Check if heap.c##d2527b3ada604acdfacfb252b722b67b.gcov is included (gcov file)...
(DEBUG)   Filter AlwaysMatchFilter() matched.
(DEBUG) --> File is included.
(DEBUG) Check if heap.h##c57f97c3644a2f88839f912ec50cb2c5.gcov is included (gcov file)...
(DEBUG)   Filter AlwaysMatchFilter() matched.
(DEBUG) --> File is included.
(DEBUG) Check if /home/sufyan/Zephyr_IOMICO/zephyr-course/app/modules/ring_buf/heap.c##d2527b3ada604acdfacfb252b722b67b.gcov is included (trace)...
(DEBUG)   No filter matched.
(DEBUG) --> File is excluded.
(DEBUG) Finding source file corresponding to a gcov data file
  gcov_fname   /home/sufyan/Zephyr_IOMICO/zephyr-course/app/modules/ring_buf/heap.c##d2527b3ada604acdfacfb252b722b67b.gcov
  current_dir  /home/sufyan/Zephyr_IOMICO/zephyr-course/app/modules/ring_buf
  root         /home/sufyan/Zephyr_IOMICO/zephyr-course/app/modules/ring_buf
  starting_dir /home/sufyan/Zephyr_IOMICO/zephyr-course
  obj_dir      None
  gcda_fname   ../../../twister-out/native_sim_native/host/homework.unit.ring_buf/zephyr/CMakeFiles/zephyr.dir/lib/heap/heap.c.gcda
  --> fname    /home/sufyan/Zephyr_IOMICO/deps/zephyr/lib/heap/heap.c
(DEBUG) Check if /home/sufyan/Zephyr_IOMICO/deps/zephyr/lib/heap/heap.c is included (source file)...
(DEBUG)   No filter matched.
(DEBUG) --> File is excluded.
(DEBUG) Check if /home/sufyan/Zephyr_IOMICO/zephyr-course/app/modules/ring_buf/heap.h##c57f97c3644a2f88839f912ec50cb2c5.gcov is included (trace)...
(DEBUG)   No filter matched.
(DEBUG) --> File is excluded.
(DEBUG) Finding source file corresponding to a gcov data file
  gcov_fname   /home/sufyan/Zephyr_IOMICO/zephyr-course/app/modules/ring_buf/heap.h##c57f97c3644a2f88839f912ec50cb2c5.gcov
  current_dir  /home/sufyan/Zephyr_IOMICO/zephyr-course/app/modules/ring_buf
  root         /home/sufyan/Zephyr_IOMICO/zephyr-course/app/modules/ring_buf
  starting_dir /home/sufyan/Zephyr_IOMICO/zephyr-course
  obj_dir      None
  gcda_fname   ../../../twister-out/native_sim_native/host/homework.unit.ring_buf/zephyr/CMakeFiles/zephyr.dir/lib/heap/heap.c.gcda
  --> fname    /home/sufyan/Zephyr_IOMICO/deps/zephyr/lib/heap/heap.h
(DEBUG) Check if /home/sufyan/Zephyr_IOMICO/deps/zephyr/lib/heap/heap.h is included (source file)...
(DEBUG)   No filter matched.
(DEBUG) --> File is excluded.
(DEBUG) Check if /home/sufyan/Zephyr_IOMICO/zephyr-course/twister-out/native_sim_native/host/homework.unit.ring_buf/zephyr/CMakeFiles/zephyr.dir/lib/os/assert.c.gcda is included (trace)...
(DEBUG)   No filter matched.
(DEBUG) --> File is excluded.
(DEBUG) Check if /home/sufyan/Zephyr_IOMICO/zephyr-course/twister-out/native_sim_native/host/homework.unit.ring_buf/zephyr/CMakeFiles/zephyr.dir/lib/os/assert.c.gcda is included (trace)...
(DEBUG) --> File is excluded.
(DEBUG) Check if assert.c##f3d0665c904500fafb317fbbdb0ede2b.gcov is included (gcov file)...
(DEBUG)   Filter AlwaysMatchFilter() matched.
(DEBUG) --> File is included.
(DEBUG) Check if /home/sufyan/Zephyr_IOMICO/zephyr-course/app/modules/ring_buf/assert.c##f3d0665c904500fafb317fbbdb0ede2b.gcov is included (trace)...
(DEBUG)   No filter matched.
(DEBUG) --> File is excluded.
(DEBUG) Finding source file corresponding to a gcov data file
  gcov_fname   /home/sufyan/Zephyr_IOMICO/zephyr-course/app/modules/ring_buf/assert.c##f3d0665c904500fafb317fbbdb0ede2b.gcov
  current_dir  /home/sufyan/Zephyr_IOMICO/zephyr-course/app/modules/ring_buf
  root         /home/sufyan/Zephyr_IOMICO/zephyr-course/app/modules/ring_buf
  starting_dir /home/sufyan/Zephyr_IOMICO/zephyr-course
  obj_dir      None
  gcda_fname   ../../../twister-out/native_sim_native/host/homework.unit.ring_buf/zephyr/CMakeFiles/zephyr.dir/lib/os/assert.c.gcda
  --> fname    /home/sufyan/Zephyr_IOMICO/deps/zephyr/lib/os/assert.c
(DEBUG) Check if /home/sufyan/Zephyr_IOMICO/deps/zephyr/lib/os/assert.c is included (source file)...
(DEBUG)   No filter matched.
(DEBUG) --> File is excluded.
(DEBUG) Check if /home/sufyan/Zephyr_IOMICO/zephyr-course/twister-out/native_sim_native/host/homework.unit.ring_buf/zephyr/CMakeFiles/zephyr.dir/lib/os/cbprintf.c.gcda is included (trace)...
(DEBUG)   No filter matched.
(DEBUG) --> File is excluded.
(DEBUG) Check if /home/sufyan/Zephyr_IOMICO/zephyr-course/twister-out/native_sim_native/host/homework.unit.ring_buf/zephyr/CMakeFiles/zephyr.dir/lib/os/cbprintf.c.gcda is included (trace)...
(DEBUG) --> File is excluded.
(DEBUG) Check if cbprintf.c##1e99d17f5bc6119765f0161450f073dc.gcov is included (gcov file)...
(DEBUG)   Filter AlwaysMatchFilter() matched.
(DEBUG) --> File is included.
(DEBUG) Check if cbprintf.h##5b8c1e0cc44011c2ff098d76df0481e1.gcov is included (gcov file)...
(DEBUG)   Filter AlwaysMatchFilter() matched.
(DEBUG) --> File is included.
(DEBUG) Check if /home/sufyan/Zephyr_IOMICO/zephyr-course/app/modules/ring_buf/cbprintf.h##5b8c1e0cc44011c2ff098d76df0481e1.gcov is included (trace)...
(DEBUG)   No filter matched.
(DEBUG) --> File is excluded.
(DEBUG) Finding source file corresponding to a gcov data file
  gcov_fname   /home/sufyan/Zephyr_IOMICO/zephyr-course/app/modules/ring_buf/cbprintf.h##5b8c1e0cc44011c2ff098d76df0481e1.gcov
  current_dir  /home/sufyan/Zephyr_IOMICO/zephyr-course/app/modules/ring_buf
  root         /home/sufyan/Zephyr_IOMICO/zephyr-course/app/modules/ring_buf
  starting_dir /home/sufyan/Zephyr_IOMICO/zephyr-course
  obj_dir      None
  gcda_fname   ../../../twister-out/native_sim_native/host/homework.unit.ring_buf/zephyr/CMakeFiles/zephyr.dir/lib/os/cbprintf.c.gcda
  --> fname    /home/sufyan/Zephyr_IOMICO/deps/zephyr/include/zephyr/sys/cbprintf.h
(DEBUG) Check if /home/sufyan/Zephyr_IOMICO/deps/zephyr/include/zephyr/sys/cbprintf.h is included (source file)...
(DEBUG)   No filter matched.
(DEBUG) --> File is excluded.
(DEBUG) Check if /home/sufyan/Zephyr_IOMICO/zephyr-course/app/modules/ring_buf/cbprintf.c##1e99d17f5bc6119765f0161450f073dc.gcov is included (trace)...
(DEBUG)   No filter matched.
(DEBUG) --> File is excluded.
(DEBUG) Finding source file corresponding to a gcov data file
  gcov_fname   /home/sufyan/Zephyr_IOMICO/zephyr-course/app/modules/ring_buf/cbprintf.c##1e99d17f5bc6119765f0161450f073dc.gcov
  current_dir  /home/sufyan/Zephyr_IOMICO/zephyr-course/app/modules/ring_buf
  root         /home/sufyan/Zephyr_IOMICO/zephyr-course/app/modules/ring_buf
  starting_dir /home/sufyan/Zephyr_IOMICO/zephyr-course
  obj_dir      None
  gcda_fname   ../../../twister-out/native_sim_native/host/homework.unit.ring_buf/zephyr/CMakeFiles/zephyr.dir/lib/os/cbprintf.c.gcda
  --> fname    /home/sufyan/Zephyr_IOMICO/deps/zephyr/lib/os/cbprintf.c
(DEBUG) Check if /home/sufyan/Zephyr_IOMICO/deps/zephyr/lib/os/cbprintf.c is included (source file)...
(DEBUG)   No filter matched.
(DEBUG) --> File is excluded.
(DEBUG) Check if /home/sufyan/Zephyr_IOMICO/zephyr-course/twister-out/native_sim_native/host/homework.unit.ring_buf/zephyr/CMakeFiles/zephyr.dir/lib/os/cbprintf_complete.c.gcda is included (trace)...
(DEBUG)   No filter matched.
(DEBUG) --> File is excluded.
(DEBUG) Check if /home/sufyan/Zephyr_IOMICO/zephyr-course/twister-out/native_sim_native/host/homework.unit.ring_buf/zephyr/CMakeFiles/zephyr.dir/lib/os/cbprintf_complete.c.gcda is included (trace)...
(DEBUG) --> File is excluded.
(DEBUG) Check if cbprintf_complete.c##392dc1481b26906c5a2e29c85c0a6bd7.gcov is included (gcov file)...
(DEBUG)   Filter AlwaysMatchFilter() matched.
(DEBUG) --> File is included.
(DEBUG) Check if /home/sufyan/Zephyr_IOMICO/zephyr-course/app/modules/ring_buf/cbprintf_complete.c##392dc1481b26906c5a2e29c85c0a6bd7.gcov is included (trace)...
(DEBUG)   No filter matched.
(DEBUG) --> File is excluded.
(DEBUG) Finding source file corresponding to a gcov data file
  gcov_fname   /home/sufyan/Zephyr_IOMICO/zephyr-course/app/modules/ring_buf/cbprintf_complete.c##392dc1481b26906c5a2e29c85c0a6bd7.gcov
  current_dir  /home/sufyan/Zephyr_IOMICO/zephyr-course/app/modules/ring_buf
  root         /home/sufyan/Zephyr_IOMICO/zephyr-course/app/modules/ring_buf
  starting_dir /home/sufyan/Zephyr_IOMICO/zephyr-course
  obj_dir      None
  gcda_fname   ../../../twister-out/native_sim_native/host/homework.unit.ring_buf/zephyr/CMakeFiles/zephyr.dir/lib/os/cbprintf_complete.c.gcda
  --> fname    /home/sufyan/Zephyr_IOMICO/deps/zephyr/lib/os/cbprintf_complete.c
(DEBUG) Check if /home/sufyan/Zephyr_IOMICO/deps/zephyr/lib/os/cbprintf_complete.c is included (source file)...
(DEBUG)   No filter matched.
(DEBUG) --> File is excluded.
(DEBUG) Check if /home/sufyan/Zephyr_IOMICO/zephyr-course/twister-out/native_sim_native/host/homework.unit.ring_buf/zephyr/CMakeFiles/zephyr.dir/lib/os/cbprintf_packaged.c.gcda is included (trace)...
(DEBUG)   No filter matched.
(DEBUG) --> File is excluded.
(DEBUG) Check if /home/sufyan/Zephyr_IOMICO/zephyr-course/twister-out/native_sim_native/host/homework.unit.ring_buf/zephyr/CMakeFiles/zephyr.dir/lib/os/cbprintf_packaged.c.gcda is included (trace)...
(DEBUG) --> File is excluded.
(DEBUG) Check if cbprintf_packaged.c##6dfce5a10e1e1b767ec0280eca95d901.gcov is included (gcov file)...
(DEBUG)   Filter AlwaysMatchFilter() matched.
(DEBUG) --> File is included.
(DEBUG) Check if log_msg.h##c3d7a43353dd151ee47d3c13d66651b3.gcov is included (gcov file)...
(DEBUG) --> File is included.
(DEBUG) Check if utils.h##2fa5e0e6d540eaf7657b5c20dce1a416.gcov is included (gcov file)...
(DEBUG)   Filter AlwaysMatchFilter() matched.
(DEBUG) --> File is included.
(DEBUG) Check if /home/sufyan/Zephyr_IOMICO/zephyr-course/app/modules/ring_buf/cbprintf_packaged.c##6dfce5a10e1e1b767ec0280eca95d901.gcov is included (trace)...
(DEBUG)   No filter matched.
(DEBUG) --> File is excluded.
(DEBUG) Finding source file corresponding to a gcov data file
  gcov_fname   /home/sufyan/Zephyr_IOMICO/zephyr-course/app/modules/ring_buf/cbprintf_packaged.c##6dfce5a10e1e1b767ec0280eca95d901.gcov
  current_dir  /home/sufyan/Zephyr_IOMICO/zephyr-course/app/modules/ring_buf
  root         /home/sufyan/Zephyr_IOMICO/zephyr-course/app/modules/ring_buf
  starting_dir /home/sufyan/Zephyr_IOMICO/zephyr-course
  obj_dir      None
  gcda_fname   ../../../twister-out/native_sim_native/host/homework.unit.ring_buf/zephyr/CMakeFiles/zephyr.dir/lib/os/cbprintf_packaged.c.gcda
  --> fname    /home/sufyan/Zephyr_IOMICO/deps/zephyr/lib/os/cbprintf_packaged.c
(DEBUG) Check if /home/sufyan/Zephyr_IOMICO/deps/zephyr/lib/os/cbprintf_packaged.c is included (source file)...
(DEBUG)   No filter matched.
(DEBUG) --> File is excluded.
(DEBUG) Check if /home/sufyan/Zephyr_IOMICO/zephyr-course/app/modules/ring_buf/utils.h##2fa5e0e6d540eaf7657b5c20dce1a416.gcov is included (trace)...
(DEBUG)   No filter matched.
(DEBUG) --> File is excluded.
(DEBUG) Finding source file corresponding to a gcov data file
  gcov_fname   /home/sufyan/Zephyr_IOMICO/zephyr-course/app/modules/ring_buf/utils.h##2fa5e0e6d540eaf7657b5c20dce1a416.gcov
  current_dir  /home/sufyan/Zephyr_IOMICO/zephyr-course/app/modules/ring_buf
  root         /home/sufyan/Zephyr_IOMICO/zephyr-course/app/modules/ring_buf
  starting_dir /home/sufyan/Zephyr_IOMICO/zephyr-course
  obj_dir      None
  gcda_fname   ../../../twister-out/native_sim_native/host/homework.unit.ring_buf/zephyr/CMakeFiles/zephyr.dir/lib/os/cbprintf_packaged.c.gcda
  --> fname    /home/sufyan/Zephyr_IOMICO/deps/zephyr/include/zephyr/linker/utils.h
(DEBUG) Check if /home/sufyan/Zephyr_IOMICO/deps/zephyr/include/zephyr/linker/utils.h is included (source file)...
(DEBUG)   No filter matched.
(DEBUG) --> File is excluded.
(DEBUG) Check if /home/sufyan/Zephyr_IOMICO/zephyr-course/app/modules/ring_buf/log_msg.h##c3d7a43353dd151ee47d3c13d66651b3.gcov is included (trace)...
(DEBUG) --> File is excluded.
(DEBUG) Finding source file corresponding to a gcov data file
  gcov_fname   /home/sufyan/Zephyr_IOMICO/zephyr-course/app/modules/ring_buf/log_msg.h##c3d7a43353dd151ee47d3c13d66651b3.gcov
  current_dir  /home/sufyan/Zephyr_IOMICO/zephyr-course/app/modules/ring_buf
  root         /home/sufyan/Zephyr_IOMICO/zephyr-course/app/modules/ring_buf
  starting_dir /home/sufyan/Zephyr_IOMICO/zephyr-course
  obj_dir      None
  gcda_fname   ../../../twister-out/native_sim_native/host/homework.unit.ring_buf/zephyr/CMakeFiles/zephyr.dir/lib/os/cbprintf_packaged.c.gcda
  --> fname    /home/sufyan/Zephyr_IOMICO/deps/zephyr/include/zephyr/logging/log_msg.h
(DEBUG) Check if /home/sufyan/Zephyr_IOMICO/deps/zephyr/include/zephyr/logging/log_msg.h is included (source file)...
(DEBUG) --> File is excluded.
(DEBUG) Check if /home/sufyan/Zephyr_IOMICO/zephyr-course/twister-out/native_sim_native/host/homework.unit.ring_buf/zephyr/CMakeFiles/zephyr.dir/lib/os/clock.c.gcda is included (trace)...
(DEBUG)   No filter matched.
(DEBUG) --> File is excluded.
(DEBUG) Check if /home/sufyan/Zephyr_IOMICO/zephyr-course/twister-out/native_sim_native/host/homework.unit.ring_buf/zephyr/CMakeFiles/zephyr.dir/lib/os/clock.c.gcda is included (trace)...
(DEBUG) --> File is excluded.
(DEBUG) Check if clock.c##fb196a081239b292cd2ea231a8e7cceb.gcov is included (gcov file)...
(DEBUG)   Filter AlwaysMatchFilter() matched.
(DEBUG) --> File is included.
(DEBUG) Check if timeutil.h##6efd403ad51ae5fda8ce50a2a0a88c21.gcov is included (gcov file)...
(DEBUG)   Filter AlwaysMatchFilter() matched.
(DEBUG) --> File is included.
(DEBUG) Check if kernel.h##613194e766979d51f14f46fda6f8f0e6.gcov is included (gcov file)...
(DEBUG)   Filter AlwaysMatchFilter() matched.
(DEBUG) --> File is included.
(DEBUG) Check if spinlock.h##ac54c28a46b90c889de3665abac3ef1a.gcov is included (gcov file)...
(DEBUG)   Filter AlwaysMatchFilter() matched.
(DEBUG) --> File is included.
(DEBUG) Check if clock.h##ed13c601849a91c6304bc36e3cdcefdc.gcov is included (gcov file)...
(DEBUG)   Filter AlwaysMatchFilter() matched.
(DEBUG) --> File is included.
(DEBUG) Check if arch.h##dc70e81a221e00a96b5b011e55795c6f.gcov is included (gcov file)...
(DEBUG)   Filter AlwaysMatchFilter() matched.
(DEBUG) --> File is included.
(DEBUG) Check if /home/sufyan/Zephyr_IOMICO/zephyr-course/app/modules/ring_buf/timeutil.h##6efd403ad51ae5fda8ce50a2a0a88c21.gcov is included (trace)...
(DEBUG)   No filter matched.
(DEBUG) --> File is excluded.
(DEBUG) Finding source file corresponding to a gcov data file
  gcov_fname   /home/sufyan/Zephyr_IOMICO/zephyr-course/app/modules/ring_buf/timeutil.h##6efd403ad51ae5fda8ce50a2a0a88c21.gcov
  current_dir  /home/sufyan/Zephyr_IOMICO/zephyr-course/app/modules/ring_buf
  root         /home/sufyan/Zephyr_IOMICO/zephyr-course/app/modules/ring_buf
  starting_dir /home/sufyan/Zephyr_IOMICO/zephyr-course
  obj_dir      None
  gcda_fname   ../../../twister-out/native_sim_native/host/homework.unit.ring_buf/zephyr/CMakeFiles/zephyr.dir/lib/os/clock.c.gcda
  --> fname    /home/sufyan/Zephyr_IOMICO/deps/zephyr/include/zephyr/sys/timeutil.h
(DEBUG) Check if /home/sufyan/Zephyr_IOMICO/deps/zephyr/include/zephyr/sys/timeutil.h is included (source file)...
(DEBUG)   No filter matched.
(DEBUG) --> File is excluded.
(DEBUG) Check if /home/sufyan/Zephyr_IOMICO/zephyr-course/app/modules/ring_buf/clock.h##ed13c601849a91c6304bc36e3cdcefdc.gcov is included (trace)...
(DEBUG)   No filter matched.
(DEBUG) --> File is excluded.
(DEBUG) Finding source file corresponding to a gcov data file
  gcov_fname   /home/sufyan/Zephyr_IOMICO/zephyr-course/app/modules/ring_buf/clock.h##ed13c601849a91c6304bc36e3cdcefdc.gcov
  current_dir  /home/sufyan/Zephyr_IOMICO/zephyr-course/app/modules/ring_buf
  root         /home/sufyan/Zephyr_IOMICO/zephyr-course/app/modules/ring_buf
  starting_dir /home/sufyan/Zephyr_IOMICO/zephyr-course
  obj_dir      None
  gcda_fname   ../../../twister-out/native_sim_native/host/homework.unit.ring_buf/zephyr/CMakeFiles/zephyr.dir/lib/os/clock.c.gcda
  --> fname    /home/sufyan/Zephyr_IOMICO/zephyr-course/twister-out/native_sim_native/host/homework.unit.ring_buf/zephyr/include/generated/zephyr/syscalls/clock.h
(DEBUG) Check if /home/sufyan/Zephyr_IOMICO/zephyr-course/twister-out/native_sim_native/host/homework.unit.ring_buf/zephyr/include/generated/zephyr/syscalls/clock.h is included (source file)...
(DEBUG)   No filter matched.
(DEBUG) --> File is excluded.
(DEBUG) Check if /home/sufyan/Zephyr_IOMICO/zephyr-course/app/modules/ring_buf/spinlock.h##ac54c28a46b90c889de3665abac3ef1a.gcov is included (trace)...
(DEBUG)   No filter matched.
(DEBUG) --> File is excluded.
(DEBUG) Finding source file corresponding to a gcov data file
  gcov_fname   /home/sufyan/Zephyr_IOMICO/zephyr-course/app/modules/ring_buf/spinlock.h##ac54c28a46b90c889de3665abac3ef1a.gcov
  current_dir  /home/sufyan/Zephyr_IOMICO/zephyr-course/app/modules/ring_buf
  root         /home/sufyan/Zephyr_IOMICO/zephyr-course/app/modules/ring_buf
  starting_dir /home/sufyan/Zephyr_IOMICO/zephyr-course
  obj_dir      None
  gcda_fname   ../../../twister-out/native_sim_native/host/homework.unit.ring_buf/zephyr/CMakeFiles/zephyr.dir/lib/os/clock.c.gcda
  --> fname    /home/sufyan/Zephyr_IOMICO/deps/zephyr/include/zephyr/spinlock.h
(DEBUG) Check if /home/sufyan/Zephyr_IOMICO/deps/zephyr/include/zephyr/spinlock.h is included (source file)...
(DEBUG)   No filter matched.
(DEBUG) --> File is excluded.
(DEBUG) Check if /home/sufyan/Zephyr_IOMICO/zephyr-course/app/modules/ring_buf/arch.h##dc70e81a221e00a96b5b011e55795c6f.gcov is included (trace)...
(DEBUG)   No filter matched.
(DEBUG) --> File is excluded.
(DEBUG) Finding source file corresponding to a gcov data file
  gcov_fname   /home/sufyan/Zephyr_IOMICO/zephyr-course/app/modules/ring_buf/arch.h##dc70e81a221e00a96b5b011e55795c6f.gcov
  current_dir  /home/sufyan/Zephyr_IOMICO/zephyr-course/app/modules/ring_buf
  root         /home/sufyan/Zephyr_IOMICO/zephyr-course/app/modules/ring_buf
  starting_dir /home/sufyan/Zephyr_IOMICO/zephyr-course
  obj_dir      None
  gcda_fname   ../../../twister-out/native_sim_native/host/homework.unit.ring_buf/zephyr/CMakeFiles/zephyr.dir/lib/os/clock.c.gcda
  --> fname    /home/sufyan/Zephyr_IOMICO/deps/zephyr/include/zephyr/arch/posix/arch.h
(DEBUG) Check if /home/sufyan/Zephyr_IOMICO/deps/zephyr/include/zephyr/arch/posix/arch.h is included (source file)...
(DEBUG)   No filter matched.
(DEBUG) --> File is excluded.
(DEBUG) Check if /home/sufyan/Zephyr_IOMICO/zephyr-course/app/modules/ring_buf/kernel.h##613194e766979d51f14f46fda6f8f0e6.gcov is included (trace)...
(DEBUG)   No filter matched.
(DEBUG) --> File is excluded.
(DEBUG) Finding source file corresponding to a gcov data file
  gcov_fname   /home/sufyan/Zephyr_IOMICO/zephyr-course/app/modules/ring_buf/kernel.h##613194e766979d51f14f46fda6f8f0e6.gcov
  current_dir  /home/sufyan/Zephyr_IOMICO/zephyr-course/app/modules/ring_buf
  root         /home/sufyan/Zephyr_IOMICO/zephyr-course/app/modules/ring_buf
  starting_dir /home/sufyan/Zephyr_IOMICO/zephyr-course
  obj_dir      None
  gcda_fname   ../../../twister-out/native_sim_native/host/homework.unit.ring_buf/zephyr/CMakeFiles/zephyr.dir/lib/os/clock.c.gcda
  --> fname    /home/sufyan/Zephyr_IOMICO/zephyr-course/twister-out/native_sim_native/host/homework.unit.ring_buf/zephyr/include/generated/zephyr/syscalls/kernel.h
(DEBUG) Check if /home/sufyan/Zephyr_IOMICO/zephyr-course/twister-out/native_sim_native/host/homework.unit.ring_buf/zephyr/include/generated/zephyr/syscalls/kernel.h is included (source file)...
(DEBUG)   No filter matched.
(DEBUG) --> File is excluded.
(DEBUG) Check if /home/sufyan/Zephyr_IOMICO/zephyr-course/app/modules/ring_buf/clock.c##fb196a081239b292cd2ea231a8e7cceb.gcov is included (trace)...
(DEBUG)   No filter matched.
(DEBUG) --> File is excluded.
(DEBUG) Finding source file corresponding to a gcov data file
  gcov_fname   /home/sufyan/Zephyr_IOMICO/zephyr-course/app/modules/ring_buf/clock.c##fb196a081239b292cd2ea231a8e7cceb.gcov
  current_dir  /home/sufyan/Zephyr_IOMICO/zephyr-course/app/modules/ring_buf
  root         /home/sufyan/Zephyr_IOMICO/zephyr-course/app/modules/ring_buf
  starting_dir /home/sufyan/Zephyr_IOMICO/zephyr-course
  obj_dir      None
  gcda_fname   ../../../twister-out/native_sim_native/host/homework.unit.ring_buf/zephyr/CMakeFiles/zephyr.dir/lib/os/clock.c.gcda
  --> fname    /home/sufyan/Zephyr_IOMICO/deps/zephyr/lib/os/clock.c
(DEBUG) Check if /home/sufyan/Zephyr_IOMICO/deps/zephyr/lib/os/clock.c is included (source file)...
(DEBUG)   No filter matched.
(DEBUG) --> File is excluded.
(DEBUG) Check if /home/sufyan/Zephyr_IOMICO/zephyr-course/twister-out/native_sim_native/host/homework.unit.ring_buf/zephyr/CMakeFiles/zephyr.dir/lib/os/printk.c.gcda is included (trace)...
(DEBUG)   No filter matched.
(DEBUG) --> File is excluded.
(DEBUG) Check if /home/sufyan/Zephyr_IOMICO/zephyr-course/twister-out/native_sim_native/host/homework.unit.ring_buf/zephyr/CMakeFiles/zephyr.dir/lib/os/printk.c.gcda is included (trace)...
(DEBUG) --> File is excluded.
(DEBUG) Check if printk.c##ad9bef82122ca3c905ed3d0917ec973c.gcov is included (gcov file)...
(DEBUG)   Filter AlwaysMatchFilter() matched.
(DEBUG) --> File is included.
(DEBUG) Check if cbprintf.h##5b8c1e0cc44011c2ff098d76df0481e1.gcov is included (gcov file)...
(DEBUG) --> File is included.
(DEBUG) Check if kernel.h##613194e766979d51f14f46fda6f8f0e6.gcov is included (gcov file)...
(DEBUG) --> File is included.
(DEBUG) Check if /home/sufyan/Zephyr_IOMICO/zephyr-course/app/modules/ring_buf/kernel.h##613194e766979d51f14f46fda6f8f0e6.gcov is included (trace)...
(DEBUG) --> File is excluded.
(DEBUG) Finding source file corresponding to a gcov data file
  gcov_fname   /home/sufyan/Zephyr_IOMICO/zephyr-course/app/modules/ring_buf/kernel.h##613194e766979d51f14f46fda6f8f0e6.gcov
  current_dir  /home/sufyan/Zephyr_IOMICO/zephyr-course/app/modules/ring_buf
  root         /home/sufyan/Zephyr_IOMICO/zephyr-course/app/modules/ring_buf
  starting_dir /home/sufyan/Zephyr_IOMICO/zephyr-course
  obj_dir      None
  gcda_fname   ../../../twister-out/native_sim_native/host/homework.unit.ring_buf/zephyr/CMakeFiles/zephyr.dir/lib/os/printk.c.gcda
  --> fname    /home/sufyan/Zephyr_IOMICO/zephyr-course/twister-out/native_sim_native/host/homework.unit.ring_buf/zephyr/include/generated/zephyr/syscalls/kernel.h
(DEBUG) Check if /home/sufyan/Zephyr_IOMICO/zephyr-course/twister-out/native_sim_native/host/homework.unit.ring_buf/zephyr/include/generated/zephyr/syscalls/kernel.h is included (source file)...
(DEBUG) --> File is excluded.
(DEBUG) Check if /home/sufyan/Zephyr_IOMICO/zephyr-course/app/modules/ring_buf/printk.c##ad9bef82122ca3c905ed3d0917ec973c.gcov is included (trace)...
(DEBUG)   No filter matched.
(DEBUG) --> File is excluded.
(DEBUG) Finding source file corresponding to a gcov data file
  gcov_fname   /home/sufyan/Zephyr_IOMICO/zephyr-course/app/modules/ring_buf/printk.c##ad9bef82122ca3c905ed3d0917ec973c.gcov
  current_dir  /home/sufyan/Zephyr_IOMICO/zephyr-course/app/modules/ring_buf
  root         /home/sufyan/Zephyr_IOMICO/zephyr-course/app/modules/ring_buf
  starting_dir /home/sufyan/Zephyr_IOMICO/zephyr-course
  obj_dir      None
  gcda_fname   ../../../twister-out/native_sim_native/host/homework.unit.ring_buf/zephyr/CMakeFiles/zephyr.dir/lib/os/printk.c.gcda
  --> fname    /home/sufyan/Zephyr_IOMICO/deps/zephyr/lib/os/printk.c
(DEBUG) Check if /home/sufyan/Zephyr_IOMICO/deps/zephyr/lib/os/printk.c is included (source file)...
(DEBUG)   No filter matched.
(DEBUG) --> File is excluded.
(DEBUG) Check if /home/sufyan/Zephyr_IOMICO/zephyr-course/app/modules/ring_buf/cbprintf.h##5b8c1e0cc44011c2ff098d76df0481e1.gcov is included (trace)...
(DEBUG) --> File is excluded.
(DEBUG) Finding source file corresponding to a gcov data file
  gcov_fname   /home/sufyan/Zephyr_IOMICO/zephyr-course/app/modules/ring_buf/cbprintf.h##5b8c1e0cc44011c2ff098d76df0481e1.gcov
  current_dir  /home/sufyan/Zephyr_IOMICO/zephyr-course/app/modules/ring_buf
  root         /home/sufyan/Zephyr_IOMICO/zephyr-course/app/modules/ring_buf
  starting_dir /home/sufyan/Zephyr_IOMICO/zephyr-course
  obj_dir      None
  gcda_fname   ../../../twister-out/native_sim_native/host/homework.unit.ring_buf/zephyr/CMakeFiles/zephyr.dir/lib/os/printk.c.gcda
  --> fname    /home/sufyan/Zephyr_IOMICO/deps/zephyr/include/zephyr/sys/cbprintf.h
(DEBUG) Check if /home/sufyan/Zephyr_IOMICO/deps/zephyr/include/zephyr/sys/cbprintf.h is included (source file)...
(DEBUG) --> File is excluded.
(DEBUG) Check if /home/sufyan/Zephyr_IOMICO/zephyr-course/twister-out/native_sim_native/host/homework.unit.ring_buf/zephyr/CMakeFiles/zephyr.dir/lib/os/sem.c.gcda is included (trace)...
(DEBUG)   No filter matched.
(DEBUG) --> File is excluded.
(DEBUG) Check if /home/sufyan/Zephyr_IOMICO/zephyr-course/twister-out/native_sim_native/host/homework.unit.ring_buf/zephyr/CMakeFiles/zephyr.dir/lib/os/sem.c.gcda is included (trace)...
(DEBUG) --> File is excluded.
(DEBUG) Check if sem.c##ce0139229551fc53f3778b19eb7627e0.gcov is included (gcov file)...
(DEBUG)   Filter AlwaysMatchFilter() matched.
(DEBUG) --> File is included.
(DEBUG) Check if kernel.h##613194e766979d51f14f46fda6f8f0e6.gcov is included (gcov file)...
(DEBUG) --> File is included.
(DEBUG) Check if kernel.h##0603b591ac855b4a2926257de0e213f1.gcov is included (gcov file)...
(DEBUG)   Filter AlwaysMatchFilter() matched.
(DEBUG) --> File is included.
(DEBUG) Check if /home/sufyan/Zephyr_IOMICO/zephyr-course/app/modules/ring_buf/kernel.h##0603b591ac855b4a2926257de0e213f1.gcov is included (trace)...
(DEBUG)   No filter matched.
(DEBUG) --> File is excluded.
(DEBUG) Finding source file corresponding to a gcov data file
  gcov_fname   /home/sufyan/Zephyr_IOMICO/zephyr-course/app/modules/ring_buf/kernel.h##0603b591ac855b4a2926257de0e213f1.gcov
  current_dir  /home/sufyan/Zephyr_IOMICO/zephyr-course/app/modules/ring_buf
  root         /home/sufyan/Zephyr_IOMICO/zephyr-course/app/modules/ring_buf
  starting_dir /home/sufyan/Zephyr_IOMICO/zephyr-course
  obj_dir      None
  gcda_fname   ../../../twister-out/native_sim_native/host/homework.unit.ring_buf/zephyr/CMakeFiles/zephyr.dir/lib/os/sem.c.gcda
  --> fname    /home/sufyan/Zephyr_IOMICO/deps/zephyr/include/zephyr/kernel.h
(DEBUG) Check if /home/sufyan/Zephyr_IOMICO/deps/zephyr/include/zephyr/kernel.h is included (source file)...
(DEBUG)   No filter matched.
(DEBUG) --> File is excluded.
(DEBUG) Check if /home/sufyan/Zephyr_IOMICO/zephyr-course/app/modules/ring_buf/kernel.h##613194e766979d51f14f46fda6f8f0e6.gcov is included (trace)...
(DEBUG) --> File is excluded.
(DEBUG) Finding source file corresponding to a gcov data file
  gcov_fname   /home/sufyan/Zephyr_IOMICO/zephyr-course/app/modules/ring_buf/kernel.h##613194e766979d51f14f46fda6f8f0e6.gcov
  current_dir  /home/sufyan/Zephyr_IOMICO/zephyr-course/app/modules/ring_buf
  root         /home/sufyan/Zephyr_IOMICO/zephyr-course/app/modules/ring_buf
  starting_dir /home/sufyan/Zephyr_IOMICO/zephyr-course
  obj_dir      None
  gcda_fname   ../../../twister-out/native_sim_native/host/homework.unit.ring_buf/zephyr/CMakeFiles/zephyr.dir/lib/os/sem.c.gcda
  --> fname    /home/sufyan/Zephyr_IOMICO/zephyr-course/twister-out/native_sim_native/host/homework.unit.ring_buf/zephyr/include/generated/zephyr/syscalls/kernel.h
(DEBUG) Check if /home/sufyan/Zephyr_IOMICO/zephyr-course/twister-out/native_sim_native/host/homework.unit.ring_buf/zephyr/include/generated/zephyr/syscalls/kernel.h is included (source file)...
(DEBUG) --> File is excluded.
(DEBUG) Check if /home/sufyan/Zephyr_IOMICO/zephyr-course/app/modules/ring_buf/sem.c##ce0139229551fc53f3778b19eb7627e0.gcov is included (trace)...
(DEBUG)   No filter matched.
(DEBUG) --> File is excluded.
(DEBUG) Finding source file corresponding to a gcov data file
  gcov_fname   /home/sufyan/Zephyr_IOMICO/zephyr-course/app/modules/ring_buf/sem.c##ce0139229551fc53f3778b19eb7627e0.gcov
  current_dir  /home/sufyan/Zephyr_IOMICO/zephyr-course/app/modules/ring_buf
  root         /home/sufyan/Zephyr_IOMICO/zephyr-course/app/modules/ring_buf
  starting_dir /home/sufyan/Zephyr_IOMICO/zephyr-course
  obj_dir      None
  gcda_fname   ../../../twister-out/native_sim_native/host/homework.unit.ring_buf/zephyr/CMakeFiles/zephyr.dir/lib/os/sem.c.gcda
  --> fname    /home/sufyan/Zephyr_IOMICO/deps/zephyr/lib/os/sem.c
(DEBUG) Check if /home/sufyan/Zephyr_IOMICO/deps/zephyr/lib/os/sem.c is included (source file)...
(DEBUG)   No filter matched.
(DEBUG) --> File is excluded.
(DEBUG) Check if /home/sufyan/Zephyr_IOMICO/zephyr-course/twister-out/native_sim_native/host/homework.unit.ring_buf/zephyr/CMakeFiles/zephyr.dir/lib/os/thread_entry.c.gcda is included (trace)...
(DEBUG)   No filter matched.
(DEBUG) --> File is excluded.
(DEBUG) Check if /home/sufyan/Zephyr_IOMICO/zephyr-course/twister-out/native_sim_native/host/homework.unit.ring_buf/zephyr/CMakeFiles/zephyr.dir/lib/os/thread_entry.c.gcda is included (trace)...
(DEBUG) --> File is excluded.
(DEBUG) Check if thread_entry.c##fcc45636da414b91bc60e20e29809ebe.gcov is included (gcov file)...
(DEBUG)   Filter AlwaysMatchFilter() matched.
(DEBUG) --> File is included.
(DEBUG) Check if kernel.h##613194e766979d51f14f46fda6f8f0e6.gcov is included (gcov file)...
(DEBUG) --> File is included.
(DEBUG) Check if kernel.h##0603b591ac855b4a2926257de0e213f1.gcov is included (gcov file)...
(DEBUG) --> File is included.
(DEBUG) Check if /home/sufyan/Zephyr_IOMICO/zephyr-course/app/modules/ring_buf/kernel.h##0603b591ac855b4a2926257de0e213f1.gcov is included (trace)...
(DEBUG) --> File is excluded.
(DEBUG) Finding source file corresponding to a gcov data file
  gcov_fname   /home/sufyan/Zephyr_IOMICO/zephyr-course/app/modules/ring_buf/kernel.h##0603b591ac855b4a2926257de0e213f1.gcov
  current_dir  /home/sufyan/Zephyr_IOMICO/zephyr-course/app/modules/ring_buf
  root         /home/sufyan/Zephyr_IOMICO/zephyr-course/app/modules/ring_buf
  starting_dir /home/sufyan/Zephyr_IOMICO/zephyr-course
  obj_dir      None
  gcda_fname   ../../../twister-out/native_sim_native/host/homework.unit.ring_buf/zephyr/CMakeFiles/zephyr.dir/lib/os/thread_entry.c.gcda
  --> fname    /home/sufyan/Zephyr_IOMICO/deps/zephyr/include/zephyr/kernel.h
(DEBUG) Check if /home/sufyan/Zephyr_IOMICO/deps/zephyr/include/zephyr/kernel.h is included (source file)...
(DEBUG) --> File is excluded.
(DEBUG) Check if /home/sufyan/Zephyr_IOMICO/zephyr-course/app/modules/ring_buf/kernel.h##613194e766979d51f14f46fda6f8f0e6.gcov is included (trace)...
(DEBUG) --> File is excluded.
(DEBUG) Finding source file corresponding to a gcov data file
  gcov_fname   /home/sufyan/Zephyr_IOMICO/zephyr-course/app/modules/ring_buf/kernel.h##613194e766979d51f14f46fda6f8f0e6.gcov
  current_dir  /home/sufyan/Zephyr_IOMICO/zephyr-course/app/modules/ring_buf
  root         /home/sufyan/Zephyr_IOMICO/zephyr-course/app/modules/ring_buf
  starting_dir /home/sufyan/Zephyr_IOMICO/zephyr-course
  obj_dir      None
  gcda_fname   ../../../twister-out/native_sim_native/host/homework.unit.ring_buf/zephyr/CMakeFiles/zephyr.dir/lib/os/thread_entry.c.gcda
  --> fname    /home/sufyan/Zephyr_IOMICO/zephyr-course/twister-out/native_sim_native/host/homework.unit.ring_buf/zephyr/include/generated/zephyr/syscalls/kernel.h
(DEBUG) Check if /home/sufyan/Zephyr_IOMICO/zephyr-course/twister-out/native_sim_native/host/homework.unit.ring_buf/zephyr/include/generated/zephyr/syscalls/kernel.h is included (source file)...
(DEBUG) --> File is excluded.
(DEBUG) Check if /home/sufyan/Zephyr_IOMICO/zephyr-course/app/modules/ring_buf/thread_entry.c##fcc45636da414b91bc60e20e29809ebe.gcov is included (trace)...
(DEBUG)   No filter matched.
(DEBUG) --> File is excluded.
(DEBUG) Finding source file corresponding to a gcov data file
  gcov_fname   /home/sufyan/Zephyr_IOMICO/zephyr-course/app/modules/ring_buf/thread_entry.c##fcc45636da414b91bc60e20e29809ebe.gcov
  current_dir  /home/sufyan/Zephyr_IOMICO/zephyr-course/app/modules/ring_buf
  root         /home/sufyan/Zephyr_IOMICO/zephyr-course/app/modules/ring_buf
  starting_dir /home/sufyan/Zephyr_IOMICO/zephyr-course
  obj_dir      None
  gcda_fname   ../../../twister-out/native_sim_native/host/homework.unit.ring_buf/zephyr/CMakeFiles/zephyr.dir/lib/os/thread_entry.c.gcda
  --> fname    /home/sufyan/Zephyr_IOMICO/deps/zephyr/lib/os/thread_entry.c
(DEBUG) Check if /home/sufyan/Zephyr_IOMICO/deps/zephyr/lib/os/thread_entry.c is included (source file)...
(DEBUG)   No filter matched.
(DEBUG) --> File is excluded.
(DEBUG) Check if /home/sufyan/Zephyr_IOMICO/zephyr-course/twister-out/native_sim_native/host/homework.unit.ring_buf/zephyr/CMakeFiles/zephyr.dir/lib/utils/bitarray.c.gcda is included (trace)...
(DEBUG)   No filter matched.
(DEBUG) --> File is excluded.
(DEBUG) Check if /home/sufyan/Zephyr_IOMICO/zephyr-course/twister-out/native_sim_native/host/homework.unit.ring_buf/zephyr/CMakeFiles/zephyr.dir/lib/utils/bitarray.c.gcda is included (trace)...
(DEBUG) --> File is excluded.
(DEBUG) Check if bitarray.c##6a3b5b8a5db4947ded37b1e8097bf753.gcov is included (gcov file)...
(DEBUG)   Filter AlwaysMatchFilter() matched.
(DEBUG) --> File is included.
(DEBUG) Check if spinlock.h##ac54c28a46b90c889de3665abac3ef1a.gcov is included (gcov file)...
(DEBUG) --> File is included.
(DEBUG) Check if arch.h##dc70e81a221e00a96b5b011e55795c6f.gcov is included (gcov file)...
(DEBUG) --> File is included.
(DEBUG) Check if ffs.h##0c866f704b12fc5116779293507f7ee0.gcov is included (gcov file)...
(DEBUG)   Filter AlwaysMatchFilter() matched.
(DEBUG) --> File is included.
(DEBUG) Check if /home/sufyan/Zephyr_IOMICO/zephyr-course/app/modules/ring_buf/ffs.h##0c866f704b12fc5116779293507f7ee0.gcov is included (trace)...
(DEBUG)   No filter matched.
(DEBUG) --> File is excluded.
(DEBUG) Finding source file corresponding to a gcov data file
  gcov_fname   /home/sufyan/Zephyr_IOMICO/zephyr-course/app/modules/ring_buf/ffs.h##0c866f704b12fc5116779293507f7ee0.gcov
  current_dir  /home/sufyan/Zephyr_IOMICO/zephyr-course/app/modules/ring_buf
  root         /home/sufyan/Zephyr_IOMICO/zephyr-course/app/modules/ring_buf
  starting_dir /home/sufyan/Zephyr_IOMICO/zephyr-course
  obj_dir      None
  gcda_fname   ../../../twister-out/native_sim_native/host/homework.unit.ring_buf/zephyr/CMakeFiles/zephyr.dir/lib/utils/bitarray.c.gcda
  --> fname    /home/sufyan/Zephyr_IOMICO/deps/zephyr/include/zephyr/arch/common/ffs.h
(DEBUG) Check if /home/sufyan/Zephyr_IOMICO/deps/zephyr/include/zephyr/arch/common/ffs.h is included (source file)...
(DEBUG)   No filter matched.
(DEBUG) --> File is excluded.
(DEBUG) Check if /home/sufyan/Zephyr_IOMICO/zephyr-course/app/modules/ring_buf/spinlock.h##ac54c28a46b90c889de3665abac3ef1a.gcov is included (trace)...
(DEBUG) --> File is excluded.
(DEBUG) Finding source file corresponding to a gcov data file
  gcov_fname   /home/sufyan/Zephyr_IOMICO/zephyr-course/app/modules/ring_buf/spinlock.h##ac54c28a46b90c889de3665abac3ef1a.gcov
  current_dir  /home/sufyan/Zephyr_IOMICO/zephyr-course/app/modules/ring_buf
  root         /home/sufyan/Zephyr_IOMICO/zephyr-course/app/modules/ring_buf
  starting_dir /home/sufyan/Zephyr_IOMICO/zephyr-course
  obj_dir      None
  gcda_fname   ../../../twister-out/native_sim_native/host/homework.unit.ring_buf/zephyr/CMakeFiles/zephyr.dir/lib/utils/bitarray.c.gcda
  --> fname    /home/sufyan/Zephyr_IOMICO/deps/zephyr/include/zephyr/spinlock.h
(DEBUG) Check if /home/sufyan/Zephyr_IOMICO/deps/zephyr/include/zephyr/spinlock.h is included (source file)...
(DEBUG) --> File is excluded.
(DEBUG) Check if /home/sufyan/Zephyr_IOMICO/zephyr-course/app/modules/ring_buf/arch.h##dc70e81a221e00a96b5b011e55795c6f.gcov is included (trace)...
(DEBUG) --> File is excluded.
(DEBUG) Finding source file corresponding to a gcov data file
  gcov_fname   /home/sufyan/Zephyr_IOMICO/zephyr-course/app/modules/ring_buf/arch.h##dc70e81a221e00a96b5b011e55795c6f.gcov
  current_dir  /home/sufyan/Zephyr_IOMICO/zephyr-course/app/modules/ring_buf
  root         /home/sufyan/Zephyr_IOMICO/zephyr-course/app/modules/ring_buf
  starting_dir /home/sufyan/Zephyr_IOMICO/zephyr-course
  obj_dir      None
  gcda_fname   ../../../twister-out/native_sim_native/host/homework.unit.ring_buf/zephyr/CMakeFiles/zephyr.dir/lib/utils/bitarray.c.gcda
  --> fname    /home/sufyan/Zephyr_IOMICO/deps/zephyr/include/zephyr/arch/posix/arch.h
(DEBUG) Check if /home/sufyan/Zephyr_IOMICO/deps/zephyr/include/zephyr/arch/posix/arch.h is included (source file)...
(DEBUG) --> File is excluded.
(DEBUG) Check if /home/sufyan/Zephyr_IOMICO/zephyr-course/app/modules/ring_buf/bitarray.c##6a3b5b8a5db4947ded37b1e8097bf753.gcov is included (trace)...
(DEBUG)   No filter matched.
(DEBUG) --> File is excluded.
(DEBUG) Finding source file corresponding to a gcov data file
  gcov_fname   /home/sufyan/Zephyr_IOMICO/zephyr-course/app/modules/ring_buf/bitarray.c##6a3b5b8a5db4947ded37b1e8097bf753.gcov
  current_dir  /home/sufyan/Zephyr_IOMICO/zephyr-course/app/modules/ring_buf
  root         /home/sufyan/Zephyr_IOMICO/zephyr-course/app/modules/ring_buf
  starting_dir /home/sufyan/Zephyr_IOMICO/zephyr-course
  obj_dir      None
  gcda_fname   ../../../twister-out/native_sim_native/host/homework.unit.ring_buf/zephyr/CMakeFiles/zephyr.dir/lib/utils/bitarray.c.gcda
  --> fname    /home/sufyan/Zephyr_IOMICO/deps/zephyr/lib/utils/bitarray.c
(DEBUG) Check if /home/sufyan/Zephyr_IOMICO/deps/zephyr/lib/utils/bitarray.c is included (source file)...
(DEBUG)   No filter matched.
(DEBUG) --> File is excluded.
(DEBUG) Check if /home/sufyan/Zephyr_IOMICO/zephyr-course/twister-out/native_sim_native/host/homework.unit.ring_buf/zephyr/CMakeFiles/zephyr.dir/lib/utils/dec.c.gcda is included (trace)...
(DEBUG)   No filter matched.
(DEBUG) --> File is excluded.
(DEBUG) Check if /home/sufyan/Zephyr_IOMICO/zephyr-course/twister-out/native_sim_native/host/homework.unit.ring_buf/zephyr/CMakeFiles/zephyr.dir/lib/utils/dec.c.gcda is included (trace)...
(DEBUG) --> File is excluded.
(DEBUG) Check if dec.c##b13450a24eb6c66e0e560bafbfa8da9b.gcov is included (gcov file)...
(DEBUG)   Filter AlwaysMatchFilter() matched.
(DEBUG) --> File is included.
(DEBUG) Check if /home/sufyan/Zephyr_IOMICO/zephyr-course/app/modules/ring_buf/dec.c##b13450a24eb6c66e0e560bafbfa8da9b.gcov is included (trace)...
(DEBUG)   No filter matched.
(DEBUG) --> File is excluded.
(DEBUG) Finding source file corresponding to a gcov data file
  gcov_fname   /home/sufyan/Zephyr_IOMICO/zephyr-course/app/modules/ring_buf/dec.c##b13450a24eb6c66e0e560bafbfa8da9b.gcov
  current_dir  /home/sufyan/Zephyr_IOMICO/zephyr-course/app/modules/ring_buf
  root         /home/sufyan/Zephyr_IOMICO/zephyr-course/app/modules/ring_buf
  starting_dir /home/sufyan/Zephyr_IOMICO/zephyr-course
  obj_dir      None
  gcda_fname   ../../../twister-out/native_sim_native/host/homework.unit.ring_buf/zephyr/CMakeFiles/zephyr.dir/lib/utils/dec.c.gcda
  --> fname    /home/sufyan/Zephyr_IOMICO/deps/zephyr/lib/utils/dec.c
(DEBUG) Check if /home/sufyan/Zephyr_IOMICO/deps/zephyr/lib/utils/dec.c is included (source file)...
(DEBUG)   No filter matched.
(DEBUG) --> File is excluded.
(DEBUG) Check if /home/sufyan/Zephyr_IOMICO/zephyr-course/twister-out/native_sim_native/host/homework.unit.ring_buf/zephyr/CMakeFiles/zephyr.dir/lib/utils/hex.c.gcda is included (trace)...
(DEBUG)   No filter matched.
(DEBUG) --> File is excluded.
(DEBUG) Check if /home/sufyan/Zephyr_IOMICO/zephyr-course/twister-out/native_sim_native/host/homework.unit.ring_buf/zephyr/CMakeFiles/zephyr.dir/lib/utils/hex.c.gcda is included (trace)...
(DEBUG) --> File is excluded.
(DEBUG) Check if hex.c##f0564ab26c500a95db81d10001a89455.gcov is included (gcov file)...
(DEBUG)   Filter AlwaysMatchFilter() matched.
(DEBUG) --> File is included.
(DEBUG) Check if /home/sufyan/Zephyr_IOMICO/zephyr-course/app/modules/ring_buf/hex.c##f0564ab26c500a95db81d10001a89455.gcov is included (trace)...
(DEBUG)   No filter matched.
(DEBUG) --> File is excluded.
(DEBUG) Finding source file corresponding to a gcov data file
  gcov_fname   /home/sufyan/Zephyr_IOMICO/zephyr-course/app/modules/ring_buf/hex.c##f0564ab26c500a95db81d10001a89455.gcov
  current_dir  /home/sufyan/Zephyr_IOMICO/zephyr-course/app/modules/ring_buf
  root         /home/sufyan/Zephyr_IOMICO/zephyr-course/app/modules/ring_buf
  starting_dir /home/sufyan/Zephyr_IOMICO/zephyr-course
  obj_dir      None
  gcda_fname   ../../../twister-out/native_sim_native/host/homework.unit.ring_buf/zephyr/CMakeFiles/zephyr.dir/lib/utils/hex.c.gcda
  --> fname    /home/sufyan/Zephyr_IOMICO/deps/zephyr/lib/utils/hex.c
(DEBUG) Check if /home/sufyan/Zephyr_IOMICO/deps/zephyr/lib/utils/hex.c is included (source file)...
(DEBUG)   No filter matched.
(DEBUG) --> File is excluded.
(DEBUG) Check if /home/sufyan/Zephyr_IOMICO/zephyr-course/twister-out/native_sim_native/host/homework.unit.ring_buf/zephyr/CMakeFiles/zephyr.dir/lib/utils/rb.c.gcda is included (trace)...
(DEBUG)   No filter matched.
(DEBUG) --> File is excluded.
(DEBUG) Check if /home/sufyan/Zephyr_IOMICO/zephyr-course/twister-out/native_sim_native/host/homework.unit.ring_buf/zephyr/CMakeFiles/zephyr.dir/lib/utils/rb.c.gcda is included (trace)...
(DEBUG) --> File is excluded.
(DEBUG) Check if rb.c##e90807b62f8c7ce1d4a06a4b9ea913f9.gcov is included (gcov file)...
(DEBUG)   Filter AlwaysMatchFilter() matched.
(DEBUG) --> File is included.
(DEBUG) Check if /home/sufyan/Zephyr_IOMICO/zephyr-course/app/modules/ring_buf/rb.c##e90807b62f8c7ce1d4a06a4b9ea913f9.gcov is included (trace)...
(DEBUG)   No filter matched.
(DEBUG) --> File is excluded.
(DEBUG) Finding source file corresponding to a gcov data file
  gcov_fname   /home/sufyan/Zephyr_IOMICO/zephyr-course/app/modules/ring_buf/rb.c##e90807b62f8c7ce1d4a06a4b9ea913f9.gcov
  current_dir  /home/sufyan/Zephyr_IOMICO/zephyr-course/app/modules/ring_buf
  root         /home/sufyan/Zephyr_IOMICO/zephyr-course/app/modules/ring_buf
  starting_dir /home/sufyan/Zephyr_IOMICO/zephyr-course
  obj_dir      None
  gcda_fname   ../../../twister-out/native_sim_native/host/homework.unit.ring_buf/zephyr/CMakeFiles/zephyr.dir/lib/utils/rb.c.gcda
  --> fname    /home/sufyan/Zephyr_IOMICO/deps/zephyr/lib/utils/rb.c
(DEBUG) Check if /home/sufyan/Zephyr_IOMICO/deps/zephyr/lib/utils/rb.c is included (source file)...
(DEBUG)   No filter matched.
(DEBUG) --> File is excluded.
(DEBUG) Check if /home/sufyan/Zephyr_IOMICO/zephyr-course/twister-out/native_sim_native/host/homework.unit.ring_buf/zephyr/CMakeFiles/zephyr.dir/lib/utils/ring_buffer.c.gcda is included (trace)...
(DEBUG)   No filter matched.
(DEBUG) --> File is excluded.
(DEBUG) Check if /home/sufyan/Zephyr_IOMICO/zephyr-course/twister-out/native_sim_native/host/homework.unit.ring_buf/zephyr/CMakeFiles/zephyr.dir/lib/utils/ring_buffer.c.gcda is included (trace)...
(DEBUG) --> File is excluded.
(DEBUG) Check if ring_buffer.c##387f8f75bbea8511f3e9a7c467b87fc8.gcov is included (gcov file)...
(DEBUG)   Filter AlwaysMatchFilter() matched.
(DEBUG) --> File is included.
(DEBUG) Check if ring_buffer.h##779e003f3c4eaffb557c5a0052ac92b2.gcov is included (gcov file)...
(DEBUG)   Filter AlwaysMatchFilter() matched.
(DEBUG) --> File is included.
(DEBUG) Check if /home/sufyan/Zephyr_IOMICO/zephyr-course/app/modules/ring_buf/ring_buffer.h##779e003f3c4eaffb557c5a0052ac92b2.gcov is included (trace)...
(DEBUG)   No filter matched.
(DEBUG) --> File is excluded.
(DEBUG) Finding source file corresponding to a gcov data file
  gcov_fname   /home/sufyan/Zephyr_IOMICO/zephyr-course/app/modules/ring_buf/ring_buffer.h##779e003f3c4eaffb557c5a0052ac92b2.gcov
  current_dir  /home/sufyan/Zephyr_IOMICO/zephyr-course/app/modules/ring_buf
  root         /home/sufyan/Zephyr_IOMICO/zephyr-course/app/modules/ring_buf
  starting_dir /home/sufyan/Zephyr_IOMICO/zephyr-course
  obj_dir      None
  gcda_fname   ../../../twister-out/native_sim_native/host/homework.unit.ring_buf/zephyr/CMakeFiles/zephyr.dir/lib/utils/ring_buffer.c.gcda
  --> fname    /home/sufyan/Zephyr_IOMICO/deps/zephyr/include/zephyr/sys/ring_buffer.h
(DEBUG) Check if /home/sufyan/Zephyr_IOMICO/deps/zephyr/include/zephyr/sys/ring_buffer.h is included (source file)...
(DEBUG)   No filter matched.
(DEBUG) --> File is excluded.
(DEBUG) Check if /home/sufyan/Zephyr_IOMICO/zephyr-course/app/modules/ring_buf/ring_buffer.c##387f8f75bbea8511f3e9a7c467b87fc8.gcov is included (trace)...
(DEBUG)   No filter matched.
(DEBUG) --> File is excluded.
(DEBUG) Finding source file corresponding to a gcov data file
  gcov_fname   /home/sufyan/Zephyr_IOMICO/zephyr-course/app/modules/ring_buf/ring_buffer.c##387f8f75bbea8511f3e9a7c467b87fc8.gcov
  current_dir  /home/sufyan/Zephyr_IOMICO/zephyr-course/app/modules/ring_buf
  root         /home/sufyan/Zephyr_IOMICO/zephyr-course/app/modules/ring_buf
  starting_dir /home/sufyan/Zephyr_IOMICO/zephyr-course
  obj_dir      None
  gcda_fname   ../../../twister-out/native_sim_native/host/homework.unit.ring_buf/zephyr/CMakeFiles/zephyr.dir/lib/utils/ring_buffer.c.gcda
  --> fname    /home/sufyan/Zephyr_IOMICO/deps/zephyr/lib/utils/ring_buffer.c
(DEBUG) Check if /home/sufyan/Zephyr_IOMICO/deps/zephyr/lib/utils/ring_buffer.c is included (source file)...
(DEBUG)   No filter matched.
(DEBUG) --> File is excluded.
(DEBUG) Check if /home/sufyan/Zephyr_IOMICO/zephyr-course/twister-out/native_sim_native/host/homework.unit.ring_buf/zephyr/CMakeFiles/zephyr.dir/lib/utils/timeutil.c.gcda is included (trace)...
(DEBUG)   No filter matched.
(DEBUG) --> File is excluded.
(DEBUG) Check if /home/sufyan/Zephyr_IOMICO/zephyr-course/twister-out/native_sim_native/host/homework.unit.ring_buf/zephyr/CMakeFiles/zephyr.dir/lib/utils/timeutil.c.gcda is included (trace)...
(DEBUG) --> File is excluded.
(DEBUG) Check if timeutil.c##41e0fe037686dc27259cc3a17b60b380.gcov is included (gcov file)...
(DEBUG)   Filter AlwaysMatchFilter() matched.
(DEBUG) --> File is included.
(DEBUG) Check if /home/sufyan/Zephyr_IOMICO/zephyr-course/app/modules/ring_buf/timeutil.c##41e0fe037686dc27259cc3a17b60b380.gcov is included (trace)...
(DEBUG)   No filter matched.
(DEBUG) --> File is excluded.
(DEBUG) Finding source file corresponding to a gcov data file
  gcov_fname   /home/sufyan/Zephyr_IOMICO/zephyr-course/app/modules/ring_buf/timeutil.c##41e0fe037686dc27259cc3a17b60b380.gcov
  current_dir  /home/sufyan/Zephyr_IOMICO/zephyr-course/app/modules/ring_buf
  root         /home/sufyan/Zephyr_IOMICO/zephyr-course/app/modules/ring_buf
  starting_dir /home/sufyan/Zephyr_IOMICO/zephyr-course
  obj_dir      None
  gcda_fname   ../../../twister-out/native_sim_native/host/homework.unit.ring_buf/zephyr/CMakeFiles/zephyr.dir/lib/utils/timeutil.c.gcda
  --> fname    /home/sufyan/Zephyr_IOMICO/deps/zephyr/lib/utils/timeutil.c
(DEBUG) Check if /home/sufyan/Zephyr_IOMICO/deps/zephyr/lib/utils/timeutil.c is included (source file)...
(DEBUG)   No filter matched.
(DEBUG) --> File is excluded.
(DEBUG) Check if /home/sufyan/Zephyr_IOMICO/zephyr-course/twister-out/native_sim_native/host/homework.unit.ring_buf/zephyr/CMakeFiles/zephyr.dir/misc/generated/configs.c.gcda is included (trace)...
(DEBUG)   No filter matched.
(DEBUG) --> File is excluded.
(DEBUG) Check if /home/sufyan/Zephyr_IOMICO/zephyr-course/twister-out/native_sim_native/host/homework.unit.ring_buf/zephyr/CMakeFiles/zephyr.dir/misc/generated/configs.c.gcda is included (trace)...
(DEBUG) --> File is excluded.
(DEBUG) Check if configs.c##9e59662244bab0316820876c47403a39.gcov is included (gcov file)...
(DEBUG)   Filter AlwaysMatchFilter() matched.
(DEBUG) --> File is included.
(DEBUG) Check if /home/sufyan/Zephyr_IOMICO/zephyr-course/app/modules/ring_buf/configs.c##9e59662244bab0316820876c47403a39.gcov is included (trace)...
(DEBUG)   No filter matched.
(DEBUG) --> File is excluded.
(DEBUG) Finding source file corresponding to a gcov data file
  gcov_fname   /home/sufyan/Zephyr_IOMICO/zephyr-course/app/modules/ring_buf/configs.c##9e59662244bab0316820876c47403a39.gcov
  current_dir  /home/sufyan/Zephyr_IOMICO/zephyr-course/app/modules/ring_buf
  root         /home/sufyan/Zephyr_IOMICO/zephyr-course/app/modules/ring_buf
  starting_dir /home/sufyan/Zephyr_IOMICO/zephyr-course
  obj_dir      None
  gcda_fname   ../../../twister-out/native_sim_native/host/homework.unit.ring_buf/zephyr/CMakeFiles/zephyr.dir/misc/generated/configs.c.gcda
  --> fname    /home/sufyan/Zephyr_IOMICO/zephyr-course/twister-out/native_sim_native/host/homework.unit.ring_buf/zephyr/misc/generated/configs.c
(DEBUG) Check if /home/sufyan/Zephyr_IOMICO/zephyr-course/twister-out/native_sim_native/host/homework.unit.ring_buf/zephyr/misc/generated/configs.c is included (source file)...
(DEBUG)   No filter matched.
(DEBUG) --> File is excluded.
(DEBUG) Check if /home/sufyan/Zephyr_IOMICO/zephyr-course/twister-out/native_sim_native/host/homework.unit.ring_buf/zephyr/CMakeFiles/zephyr.dir/subsys/logging/backends/log_backend_native_posix.c.gcda is included (trace)...
(DEBUG)   No filter matched.
(DEBUG) --> File is excluded.
(DEBUG) Check if /home/sufyan/Zephyr_IOMICO/zephyr-course/twister-out/native_sim_native/host/homework.unit.ring_buf/zephyr/CMakeFiles/zephyr.dir/subsys/logging/backends/log_backend_native_posix.c.gcda is included (trace)...
(DEBUG) --> File is excluded.
(DEBUG) Check if log_backend_native_posix.c##8d3c32a49bc745f32a78d15726e14842.gcov is included (gcov file)...
(DEBUG)   Filter AlwaysMatchFilter() matched.
(DEBUG) --> File is included.
(DEBUG) Check if log_backend_std.h##b4e0cb7a9400ffdade709c73ec08a15d.gcov is included (gcov file)...
(DEBUG)   Filter AlwaysMatchFilter() matched.
(DEBUG) --> File is included.
(DEBUG) Check if log_output.h##489a78eeab4f10670d6ec2b823c7d277.gcov is included (gcov file)...
(DEBUG)   Filter AlwaysMatchFilter() matched.
(DEBUG) --> File is included.
(DEBUG) Check if /home/sufyan/Zephyr_IOMICO/zephyr-course/app/modules/ring_buf/log_backend_native_posix.c##8d3c32a49bc745f32a78d15726e14842.gcov is included (trace)...
(DEBUG)   No filter matched.
(DEBUG) --> File is excluded.
(DEBUG) Finding source file corresponding to a gcov data file
  gcov_fname   /home/sufyan/Zephyr_IOMICO/zephyr-course/app/modules/ring_buf/log_backend_native_posix.c##8d3c32a49bc745f32a78d15726e14842.gcov
  current_dir  /home/sufyan/Zephyr_IOMICO/zephyr-course/app/modules/ring_buf
  root         /home/sufyan/Zephyr_IOMICO/zephyr-course/app/modules/ring_buf
  starting_dir /home/sufyan/Zephyr_IOMICO/zephyr-course
  obj_dir      None
  gcda_fname   ../../../twister-out/native_sim_native/host/homework.unit.ring_buf/zephyr/CMakeFiles/zephyr.dir/subsys/logging/backends/log_backend_native_posix.c.gcda
  --> fname    /home/sufyan/Zephyr_IOMICO/deps/zephyr/subsys/logging/backends/log_backend_native_posix.c
(DEBUG) Check if /home/sufyan/Zephyr_IOMICO/deps/zephyr/subsys/logging/backends/log_backend_native_posix.c is included (source file)...
(DEBUG)   No filter matched.
(DEBUG) --> File is excluded.
(DEBUG) Check if /home/sufyan/Zephyr_IOMICO/zephyr-course/app/modules/ring_buf/log_backend_std.h##b4e0cb7a9400ffdade709c73ec08a15d.gcov is included (trace)...
(DEBUG)   No filter matched.
(DEBUG) --> File is excluded.
(DEBUG) Finding source file corresponding to a gcov data file
  gcov_fname   /home/sufyan/Zephyr_IOMICO/zephyr-course/app/modules/ring_buf/log_backend_std.h##b4e0cb7a9400ffdade709c73ec08a15d.gcov
  current_dir  /home/sufyan/Zephyr_IOMICO/zephyr-course/app/modules/ring_buf
  root         /home/sufyan/Zephyr_IOMICO/zephyr-course/app/modules/ring_buf
  starting_dir /home/sufyan/Zephyr_IOMICO/zephyr-course
  obj_dir      None
  gcda_fname   ../../../twister-out/native_sim_native/host/homework.unit.ring_buf/zephyr/CMakeFiles/zephyr.dir/subsys/logging/backends/log_backend_native_posix.c.gcda
  --> fname    /home/sufyan/Zephyr_IOMICO/deps/zephyr/include/zephyr/logging/log_backend_std.h
(DEBUG) Check if /home/sufyan/Zephyr_IOMICO/deps/zephyr/include/zephyr/logging/log_backend_std.h is included (source file)...
(DEBUG)   No filter matched.
(DEBUG) --> File is excluded.
(DEBUG) Check if /home/sufyan/Zephyr_IOMICO/zephyr-course/app/modules/ring_buf/log_output.h##489a78eeab4f10670d6ec2b823c7d277.gcov is included (trace)...
(DEBUG)   No filter matched.
(DEBUG) --> File is excluded.
(DEBUG) Finding source file corresponding to a gcov data file
  gcov_fname   /home/sufyan/Zephyr_IOMICO/zephyr-course/app/modules/ring_buf/log_output.h##489a78eeab4f10670d6ec2b823c7d277.gcov
  current_dir  /home/sufyan/Zephyr_IOMICO/zephyr-course/app/modules/ring_buf
  root         /home/sufyan/Zephyr_IOMICO/zephyr-course/app/modules/ring_buf
  starting_dir /home/sufyan/Zephyr_IOMICO/zephyr-course
  obj_dir      None
  gcda_fname   ../../../twister-out/native_sim_native/host/homework.unit.ring_buf/zephyr/CMakeFiles/zephyr.dir/subsys/logging/backends/log_backend_native_posix.c.gcda
  --> fname    /home/sufyan/Zephyr_IOMICO/deps/zephyr/include/zephyr/logging/log_output.h
(DEBUG) Check if /home/sufyan/Zephyr_IOMICO/deps/zephyr/include/zephyr/logging/log_output.h is included (source file)...
(DEBUG)   No filter matched.
(DEBUG) --> File is excluded.
(DEBUG) Check if /home/sufyan/Zephyr_IOMICO/zephyr-course/twister-out/native_sim_native/host/homework.unit.ring_buf/zephyr/CMakeFiles/zephyr.dir/subsys/logging/log_cache.c.gcda is included (trace)...
(DEBUG)   No filter matched.
(DEBUG) --> File is excluded.
(DEBUG) Check if /home/sufyan/Zephyr_IOMICO/zephyr-course/twister-out/native_sim_native/host/homework.unit.ring_buf/zephyr/CMakeFiles/zephyr.dir/subsys/logging/log_cache.c.gcda is included (trace)...
(DEBUG) --> File is excluded.
(DEBUG) Check if log_cache.c##e56760f8c79fb96101ec0c06a68ec4a2.gcov is included (gcov file)...
(DEBUG)   Filter AlwaysMatchFilter() matched.
(DEBUG) --> File is included.
(DEBUG) Check if slist.h##a2be9c325ed0449952d94437f6b2e046.gcov is included (gcov file)...
(DEBUG)   Filter AlwaysMatchFilter() matched.
(DEBUG) --> File is included.
(DEBUG) Check if /home/sufyan/Zephyr_IOMICO/zephyr-course/app/modules/ring_buf/log_cache.c##e56760f8c79fb96101ec0c06a68ec4a2.gcov is included (trace)...
(DEBUG)   No filter matched.
(DEBUG) --> File is excluded.
(DEBUG) Finding source file corresponding to a gcov data file
  gcov_fname   /home/sufyan/Zephyr_IOMICO/zephyr-course/app/modules/ring_buf/log_cache.c##e56760f8c79fb96101ec0c06a68ec4a2.gcov
  current_dir  /home/sufyan/Zephyr_IOMICO/zephyr-course/app/modules/ring_buf
  root         /home/sufyan/Zephyr_IOMICO/zephyr-course/app/modules/ring_buf
  starting_dir /home/sufyan/Zephyr_IOMICO/zephyr-course
  obj_dir      None
  gcda_fname   ../../../twister-out/native_sim_native/host/homework.unit.ring_buf/zephyr/CMakeFiles/zephyr.dir/subsys/logging/log_cache.c.gcda
  --> fname    /home/sufyan/Zephyr_IOMICO/deps/zephyr/subsys/logging/log_cache.c
(DEBUG) Check if /home/sufyan/Zephyr_IOMICO/deps/zephyr/subsys/logging/log_cache.c is included (source file)...
(DEBUG)   No filter matched.
(DEBUG) --> File is excluded.
(DEBUG) Check if /home/sufyan/Zephyr_IOMICO/zephyr-course/app/modules/ring_buf/slist.h##a2be9c325ed0449952d94437f6b2e046.gcov is included (trace)...
(DEBUG)   No filter matched.
(DEBUG) --> File is excluded.
(DEBUG) Finding source file corresponding to a gcov data file
  gcov_fname   /home/sufyan/Zephyr_IOMICO/zephyr-course/app/modules/ring_buf/slist.h##a2be9c325ed0449952d94437f6b2e046.gcov
  current_dir  /home/sufyan/Zephyr_IOMICO/zephyr-course/app/modules/ring_buf
  root         /home/sufyan/Zephyr_IOMICO/zephyr-course/app/modules/ring_buf
  starting_dir /home/sufyan/Zephyr_IOMICO/zephyr-course
  obj_dir      None
  gcda_fname   ../../../twister-out/native_sim_native/host/homework.unit.ring_buf/zephyr/CMakeFiles/zephyr.dir/subsys/logging/log_cache.c.gcda
  --> fname    /home/sufyan/Zephyr_IOMICO/deps/zephyr/include/zephyr/sys/slist.h
(DEBUG) Check if /home/sufyan/Zephyr_IOMICO/deps/zephyr/include/zephyr/sys/slist.h is included (source file)...
(DEBUG)   No filter matched.
(DEBUG) --> File is excluded.
(DEBUG) Check if /home/sufyan/Zephyr_IOMICO/zephyr-course/twister-out/native_sim_native/host/homework.unit.ring_buf/zephyr/CMakeFiles/zephyr.dir/subsys/logging/log_core.c.gcda is included (trace)...
(DEBUG)   No filter matched.
(DEBUG) --> File is excluded.
(DEBUG) Check if /home/sufyan/Zephyr_IOMICO/zephyr-course/twister-out/native_sim_native/host/homework.unit.ring_buf/zephyr/CMakeFiles/zephyr.dir/subsys/logging/log_core.c.gcda is included (trace)...
(DEBUG) --> File is excluded.
(DEBUG) Check if log_core.c##e4473761e594abed706f598615859b93.gcov is included (gcov file)...
(DEBUG)   Filter AlwaysMatchFilter() matched.
(DEBUG) --> File is included.
(DEBUG) Check if log_ctrl.h##57b6e6ed29bc9abbe1cfe0da87527331.gcov is included (gcov file)...
(DEBUG)   Filter AlwaysMatchFilter() matched.
(DEBUG) --> File is included.
(DEBUG) Check if log_backend.h##7f28ec1591696be284cad8ef6ea725b3.gcov is included (gcov file)...
(DEBUG)   Filter AlwaysMatchFilter() matched.
(DEBUG) --> File is included.
(DEBUG) Check if kernel.h##613194e766979d51f14f46fda6f8f0e6.gcov is included (gcov file)...
(DEBUG) --> File is included.
(DEBUG) Check if kernel.h##0603b591ac855b4a2926257de0e213f1.gcov is included (gcov file)...
(DEBUG) --> File is included.
(DEBUG) Check if spinlock.h##ac54c28a46b90c889de3665abac3ef1a.gcov is included (gcov file)...
(DEBUG) --> File is included.
(DEBUG) Check if log_msg.h##c3d7a43353dd151ee47d3c13d66651b3.gcov is included (gcov file)...
(DEBUG) --> File is included.
(DEBUG) Check if arch.h##dc70e81a221e00a96b5b011e55795c6f.gcov is included (gcov file)...
(DEBUG) --> File is included.
(DEBUG) Check if atomic_builtin.h##d0dc482dc22dee5dc9801bf3a9813258.gcov is included (gcov file)...
(DEBUG)   Filter AlwaysMatchFilter() matched.
(DEBUG) --> File is included.
(DEBUG) Check if /home/sufyan/Zephyr_IOMICO/zephyr-course/app/modules/ring_buf/atomic_builtin.h##d0dc482dc22dee5dc9801bf3a9813258.gcov is included (trace)...
(DEBUG)   No filter matched.
(DEBUG) --> File is excluded.
(DEBUG) Finding source file corresponding to a gcov data file
  gcov_fname   /home/sufyan/Zephyr_IOMICO/zephyr-course/app/modules/ring_buf/atomic_builtin.h##d0dc482dc22dee5dc9801bf3a9813258.gcov
  current_dir  /home/sufyan/Zephyr_IOMICO/zephyr-course/app/modules/ring_buf
  root         /home/sufyan/Zephyr_IOMICO/zephyr-course/app/modules/ring_buf
  starting_dir /home/sufyan/Zephyr_IOMICO/zephyr-course
  obj_dir      None
  gcda_fname   ../../../twister-out/native_sim_native/host/homework.unit.ring_buf/zephyr/CMakeFiles/zephyr.dir/subsys/logging/log_core.c.gcda
  --> fname    /home/sufyan/Zephyr_IOMICO/deps/zephyr/include/zephyr/sys/atomic_builtin.h
(DEBUG) Check if /home/sufyan/Zephyr_IOMICO/deps/zephyr/include/zephyr/sys/atomic_builtin.h is included (source file)...
(DEBUG)   No filter matched.
(DEBUG) --> File is excluded.
(DEBUG) Check if /home/sufyan/Zephyr_IOMICO/zephyr-course/app/modules/ring_buf/log_core.c##e4473761e594abed706f598615859b93.gcov is included (trace)...
(DEBUG)   No filter matched.
(DEBUG) --> File is excluded.
(DEBUG) Finding source file corresponding to a gcov data file
  gcov_fname   /home/sufyan/Zephyr_IOMICO/zephyr-course/app/modules/ring_buf/log_core.c##e4473761e594abed706f598615859b93.gcov
  current_dir  /home/sufyan/Zephyr_IOMICO/zephyr-course/app/modules/ring_buf
  root         /home/sufyan/Zephyr_IOMICO/zephyr-course/app/modules/ring_buf
  starting_dir /home/sufyan/Zephyr_IOMICO/zephyr-course
  obj_dir      None
  gcda_fname   ../../../twister-out/native_sim_native/host/homework.unit.ring_buf/zephyr/CMakeFiles/zephyr.dir/subsys/logging/log_core.c.gcda
  --> fname    /home/sufyan/Zephyr_IOMICO/deps/zephyr/subsys/logging/log_core.c
(DEBUG) Check if /home/sufyan/Zephyr_IOMICO/deps/zephyr/subsys/logging/log_core.c is included (source file)...
(DEBUG)   No filter matched.
(DEBUG) --> File is excluded.
(DEBUG) Check if /home/sufyan/Zephyr_IOMICO/zephyr-course/app/modules/ring_buf/kernel.h##0603b591ac855b4a2926257de0e213f1.gcov is included (trace)...
(DEBUG) --> File is excluded.
(DEBUG) Finding source file corresponding to a gcov data file
  gcov_fname   /home/sufyan/Zephyr_IOMICO/zephyr-course/app/modules/ring_buf/kernel.h##0603b591ac855b4a2926257de0e213f1.gcov
  current_dir  /home/sufyan/Zephyr_IOMICO/zephyr-course/app/modules/ring_buf
  root         /home/sufyan/Zephyr_IOMICO/zephyr-course/app/modules/ring_buf
  starting_dir /home/sufyan/Zephyr_IOMICO/zephyr-course
  obj_dir      None
  gcda_fname   ../../../twister-out/native_sim_native/host/homework.unit.ring_buf/zephyr/CMakeFiles/zephyr.dir/subsys/logging/log_core.c.gcda
  --> fname    /home/sufyan/Zephyr_IOMICO/deps/zephyr/include/zephyr/kernel.h
(DEBUG) Check if /home/sufyan/Zephyr_IOMICO/deps/zephyr/include/zephyr/kernel.h is included (source file)...
(DEBUG) --> File is excluded.
(DEBUG) Check if /home/sufyan/Zephyr_IOMICO/zephyr-course/app/modules/ring_buf/spinlock.h##ac54c28a46b90c889de3665abac3ef1a.gcov is included (trace)...
(DEBUG) --> File is excluded.
(DEBUG) Finding source file corresponding to a gcov data file
  gcov_fname   /home/sufyan/Zephyr_IOMICO/zephyr-course/app/modules/ring_buf/spinlock.h##ac54c28a46b90c889de3665abac3ef1a.gcov
  current_dir  /home/sufyan/Zephyr_IOMICO/zephyr-course/app/modules/ring_buf
  root         /home/sufyan/Zephyr_IOMICO/zephyr-course/app/modules/ring_buf
  starting_dir /home/sufyan/Zephyr_IOMICO/zephyr-course
  obj_dir      None
  gcda_fname   ../../../twister-out/native_sim_native/host/homework.unit.ring_buf/zephyr/CMakeFiles/zephyr.dir/subsys/logging/log_core.c.gcda
  --> fname    /home/sufyan/Zephyr_IOMICO/deps/zephyr/include/zephyr/spinlock.h
(DEBUG) Check if /home/sufyan/Zephyr_IOMICO/deps/zephyr/include/zephyr/spinlock.h is included (source file)...
(DEBUG) --> File is excluded.
(DEBUG) Check if /home/sufyan/Zephyr_IOMICO/zephyr-course/app/modules/ring_buf/arch.h##dc70e81a221e00a96b5b011e55795c6f.gcov is included (trace)...
(DEBUG) --> File is excluded.
(DEBUG) Finding source file corresponding to a gcov data file
  gcov_fname   /home/sufyan/Zephyr_IOMICO/zephyr-course/app/modules/ring_buf/arch.h##dc70e81a221e00a96b5b011e55795c6f.gcov
  current_dir  /home/sufyan/Zephyr_IOMICO/zephyr-course/app/modules/ring_buf
  root         /home/sufyan/Zephyr_IOMICO/zephyr-course/app/modules/ring_buf
  starting_dir /home/sufyan/Zephyr_IOMICO/zephyr-course
  obj_dir      None
  gcda_fname   ../../../twister-out/native_sim_native/host/homework.unit.ring_buf/zephyr/CMakeFiles/zephyr.dir/subsys/logging/log_core.c.gcda
  --> fname    /home/sufyan/Zephyr_IOMICO/deps/zephyr/include/zephyr/arch/posix/arch.h
(DEBUG) Check if /home/sufyan/Zephyr_IOMICO/deps/zephyr/include/zephyr/arch/posix/arch.h is included (source file)...
(DEBUG) --> File is excluded.
(DEBUG) Check if /home/sufyan/Zephyr_IOMICO/zephyr-course/app/modules/ring_buf/log_backend.h##7f28ec1591696be284cad8ef6ea725b3.gcov is included (trace)...
(DEBUG)   No filter matched.
(DEBUG) --> File is excluded.
(DEBUG) Finding source file corresponding to a gcov data file
  gcov_fname   /home/sufyan/Zephyr_IOMICO/zephyr-course/app/modules/ring_buf/log_backend.h##7f28ec1591696be284cad8ef6ea725b3.gcov
  current_dir  /home/sufyan/Zephyr_IOMICO/zephyr-course/app/modules/ring_buf
  root         /home/sufyan/Zephyr_IOMICO/zephyr-course/app/modules/ring_buf
  starting_dir /home/sufyan/Zephyr_IOMICO/zephyr-course
  obj_dir      None
  gcda_fname   ../../../twister-out/native_sim_native/host/homework.unit.ring_buf/zephyr/CMakeFiles/zephyr.dir/subsys/logging/log_core.c.gcda
  --> fname    /home/sufyan/Zephyr_IOMICO/deps/zephyr/include/zephyr/logging/log_backend.h
(DEBUG) Check if /home/sufyan/Zephyr_IOMICO/deps/zephyr/include/zephyr/logging/log_backend.h is included (source file)...
(DEBUG)   No filter matched.
(DEBUG) --> File is excluded.
(DEBUG) Check if /home/sufyan/Zephyr_IOMICO/zephyr-course/app/modules/ring_buf/kernel.h##613194e766979d51f14f46fda6f8f0e6.gcov is included (trace)...
(DEBUG) --> File is excluded.
(DEBUG) Finding source file corresponding to a gcov data file
  gcov_fname   /home/sufyan/Zephyr_IOMICO/zephyr-course/app/modules/ring_buf/kernel.h##613194e766979d51f14f46fda6f8f0e6.gcov
  current_dir  /home/sufyan/Zephyr_IOMICO/zephyr-course/app/modules/ring_buf
  root         /home/sufyan/Zephyr_IOMICO/zephyr-course/app/modules/ring_buf
  starting_dir /home/sufyan/Zephyr_IOMICO/zephyr-course
  obj_dir      None
  gcda_fname   ../../../twister-out/native_sim_native/host/homework.unit.ring_buf/zephyr/CMakeFiles/zephyr.dir/subsys/logging/log_core.c.gcda
  --> fname    /home/sufyan/Zephyr_IOMICO/zephyr-course/twister-out/native_sim_native/host/homework.unit.ring_buf/zephyr/include/generated/zephyr/syscalls/kernel.h
(DEBUG) Check if /home/sufyan/Zephyr_IOMICO/zephyr-course/twister-out/native_sim_native/host/homework.unit.ring_buf/zephyr/include/generated/zephyr/syscalls/kernel.h is included (source file)...
(DEBUG) --> File is excluded.
(DEBUG) Check if /home/sufyan/Zephyr_IOMICO/zephyr-course/app/modules/ring_buf/log_ctrl.h##57b6e6ed29bc9abbe1cfe0da87527331.gcov is included (trace)...
(DEBUG)   No filter matched.
(DEBUG) --> File is excluded.
(DEBUG) Finding source file corresponding to a gcov data file
  gcov_fname   /home/sufyan/Zephyr_IOMICO/zephyr-course/app/modules/ring_buf/log_ctrl.h##57b6e6ed29bc9abbe1cfe0da87527331.gcov
  current_dir  /home/sufyan/Zephyr_IOMICO/zephyr-course/app/modules/ring_buf
  root         /home/sufyan/Zephyr_IOMICO/zephyr-course/app/modules/ring_buf
  starting_dir /home/sufyan/Zephyr_IOMICO/zephyr-course
  obj_dir      None
  gcda_fname   ../../../twister-out/native_sim_native/host/homework.unit.ring_buf/zephyr/CMakeFiles/zephyr.dir/subsys/logging/log_core.c.gcda
  --> fname    /home/sufyan/Zephyr_IOMICO/zephyr-course/twister-out/native_sim_native/host/homework.unit.ring_buf/zephyr/include/generated/zephyr/syscalls/log_ctrl.h
(DEBUG) Check if /home/sufyan/Zephyr_IOMICO/zephyr-course/twister-out/native_sim_native/host/homework.unit.ring_buf/zephyr/include/generated/zephyr/syscalls/log_ctrl.h is included (source file)...
(DEBUG)   No filter matched.
(DEBUG) --> File is excluded.
(DEBUG) Check if /home/sufyan/Zephyr_IOMICO/zephyr-course/app/modules/ring_buf/log_msg.h##c3d7a43353dd151ee47d3c13d66651b3.gcov is included (trace)...
(DEBUG) --> File is excluded.
(DEBUG) Finding source file corresponding to a gcov data file
  gcov_fname   /home/sufyan/Zephyr_IOMICO/zephyr-course/app/modules/ring_buf/log_msg.h##c3d7a43353dd151ee47d3c13d66651b3.gcov
  current_dir  /home/sufyan/Zephyr_IOMICO/zephyr-course/app/modules/ring_buf
  root         /home/sufyan/Zephyr_IOMICO/zephyr-course/app/modules/ring_buf
  starting_dir /home/sufyan/Zephyr_IOMICO/zephyr-course
  obj_dir      None
  gcda_fname   ../../../twister-out/native_sim_native/host/homework.unit.ring_buf/zephyr/CMakeFiles/zephyr.dir/subsys/logging/log_core.c.gcda
  --> fname    /home/sufyan/Zephyr_IOMICO/deps/zephyr/include/zephyr/logging/log_msg.h
(DEBUG) Check if /home/sufyan/Zephyr_IOMICO/deps/zephyr/include/zephyr/logging/log_msg.h is included (source file)...
(DEBUG) --> File is excluded.
(DEBUG) Check if /home/sufyan/Zephyr_IOMICO/zephyr-course/twister-out/native_sim_native/host/homework.unit.ring_buf/zephyr/CMakeFiles/zephyr.dir/subsys/logging/log_mgmt.c.gcda is included (trace)...
(DEBUG)   No filter matched.
(DEBUG) --> File is excluded.
(DEBUG) Check if /home/sufyan/Zephyr_IOMICO/zephyr-course/twister-out/native_sim_native/host/homework.unit.ring_buf/zephyr/CMakeFiles/zephyr.dir/subsys/logging/log_mgmt.c.gcda is included (trace)...
(DEBUG) --> File is excluded.
(DEBUG) Check if log_mgmt.c##efef7e5da859e487c9da5ae4e53f106d.gcov is included (gcov file)...
(DEBUG)   Filter AlwaysMatchFilter() matched.
(DEBUG) --> File is included.
(DEBUG) Check if log_link.h##998ca8714d4f3ade2ae952fc4f3a925e.gcov is included (gcov file)...
(DEBUG)   Filter AlwaysMatchFilter() matched.
(DEBUG) --> File is included.
(DEBUG) Check if log_ctrl.h##57b6e6ed29bc9abbe1cfe0da87527331.gcov is included (gcov file)...
(DEBUG) --> File is included.
(DEBUG) Check if log_backend.h##7f28ec1591696be284cad8ef6ea725b3.gcov is included (gcov file)...
(DEBUG) --> File is included.
(DEBUG) Check if log_internal.h##7f3a0fa3cbddf08c88843895c041311c.gcov is included (gcov file)...
(DEBUG)   Filter AlwaysMatchFilter() matched.
(DEBUG) --> File is included.
(DEBUG) Check if log_core.h##2acde1d278468265e279acb9e7bd23bb.gcov is included (gcov file)...
(DEBUG)   Filter AlwaysMatchFilter() matched.
(DEBUG) --> File is included.
(DEBUG) Check if /home/sufyan/Zephyr_IOMICO/zephyr-course/app/modules/ring_buf/log_mgmt.c##efef7e5da859e487c9da5ae4e53f106d.gcov is included (trace)...
(DEBUG)   No filter matched.
(DEBUG) --> File is excluded.
(DEBUG) Finding source file corresponding to a gcov data file
  gcov_fname   /home/sufyan/Zephyr_IOMICO/zephyr-course/app/modules/ring_buf/log_mgmt.c##efef7e5da859e487c9da5ae4e53f106d.gcov
  current_dir  /home/sufyan/Zephyr_IOMICO/zephyr-course/app/modules/ring_buf
  root         /home/sufyan/Zephyr_IOMICO/zephyr-course/app/modules/ring_buf
  starting_dir /home/sufyan/Zephyr_IOMICO/zephyr-course
  obj_dir      None
  gcda_fname   ../../../twister-out/native_sim_native/host/homework.unit.ring_buf/zephyr/CMakeFiles/zephyr.dir/subsys/logging/log_mgmt.c.gcda
  --> fname    /home/sufyan/Zephyr_IOMICO/deps/zephyr/subsys/logging/log_mgmt.c
(DEBUG) Check if /home/sufyan/Zephyr_IOMICO/deps/zephyr/subsys/logging/log_mgmt.c is included (source file)...
(DEBUG)   No filter matched.
(DEBUG) --> File is excluded.
(DEBUG) Check if /home/sufyan/Zephyr_IOMICO/zephyr-course/app/modules/ring_buf/log_internal.h##7f3a0fa3cbddf08c88843895c041311c.gcov is included (trace)...
(DEBUG)   No filter matched.
(DEBUG) --> File is excluded.
(DEBUG) Finding source file corresponding to a gcov data file
  gcov_fname   /home/sufyan/Zephyr_IOMICO/zephyr-course/app/modules/ring_buf/log_internal.h##7f3a0fa3cbddf08c88843895c041311c.gcov
  current_dir  /home/sufyan/Zephyr_IOMICO/zephyr-course/app/modules/ring_buf
  root         /home/sufyan/Zephyr_IOMICO/zephyr-course/app/modules/ring_buf
  starting_dir /home/sufyan/Zephyr_IOMICO/zephyr-course
  obj_dir      None
  gcda_fname   ../../../twister-out/native_sim_native/host/homework.unit.ring_buf/zephyr/CMakeFiles/zephyr.dir/subsys/logging/log_mgmt.c.gcda
  --> fname    /home/sufyan/Zephyr_IOMICO/deps/zephyr/include/zephyr/logging/log_internal.h
(DEBUG) Check if /home/sufyan/Zephyr_IOMICO/deps/zephyr/include/zephyr/logging/log_internal.h is included (source file)...
(DEBUG)   No filter matched.
(DEBUG) --> File is excluded.
(DEBUG) Check if /home/sufyan/Zephyr_IOMICO/zephyr-course/app/modules/ring_buf/log_core.h##2acde1d278468265e279acb9e7bd23bb.gcov is included (trace)...
(DEBUG)   No filter matched.
(DEBUG) --> File is excluded.
(DEBUG) Finding source file corresponding to a gcov data file
  gcov_fname   /home/sufyan/Zephyr_IOMICO/zephyr-course/app/modules/ring_buf/log_core.h##2acde1d278468265e279acb9e7bd23bb.gcov
  current_dir  /home/sufyan/Zephyr_IOMICO/zephyr-course/app/modules/ring_buf
  root         /home/sufyan/Zephyr_IOMICO/zephyr-course/app/modules/ring_buf
  starting_dir /home/sufyan/Zephyr_IOMICO/zephyr-course
  obj_dir      None
  gcda_fname   ../../../twister-out/native_sim_native/host/homework.unit.ring_buf/zephyr/CMakeFiles/zephyr.dir/subsys/logging/log_mgmt.c.gcda
  --> fname    /home/sufyan/Zephyr_IOMICO/deps/zephyr/include/zephyr/logging/log_core.h
(DEBUG) Check if /home/sufyan/Zephyr_IOMICO/deps/zephyr/include/zephyr/logging/log_core.h is included (source file)...
(DEBUG)   No filter matched.
(DEBUG) --> File is excluded.
(DEBUG) Check if /home/sufyan/Zephyr_IOMICO/zephyr-course/app/modules/ring_buf/log_backend.h##7f28ec1591696be284cad8ef6ea725b3.gcov is included (trace)...
(DEBUG) --> File is excluded.
(DEBUG) Finding source file corresponding to a gcov data file
  gcov_fname   /home/sufyan/Zephyr_IOMICO/zephyr-course/app/modules/ring_buf/log_backend.h##7f28ec1591696be284cad8ef6ea725b3.gcov
  current_dir  /home/sufyan/Zephyr_IOMICO/zephyr-course/app/modules/ring_buf
  root         /home/sufyan/Zephyr_IOMICO/zephyr-course/app/modules/ring_buf
  starting_dir /home/sufyan/Zephyr_IOMICO/zephyr-course
  obj_dir      None
  gcda_fname   ../../../twister-out/native_sim_native/host/homework.unit.ring_buf/zephyr/CMakeFiles/zephyr.dir/subsys/logging/log_mgmt.c.gcda
  --> fname    /home/sufyan/Zephyr_IOMICO/deps/zephyr/include/zephyr/logging/log_backend.h
(DEBUG) Check if /home/sufyan/Zephyr_IOMICO/deps/zephyr/include/zephyr/logging/log_backend.h is included (source file)...
(DEBUG) --> File is excluded.
(DEBUG) Check if /home/sufyan/Zephyr_IOMICO/zephyr-course/app/modules/ring_buf/log_ctrl.h##57b6e6ed29bc9abbe1cfe0da87527331.gcov is included (trace)...
(DEBUG) --> File is excluded.
(DEBUG) Finding source file corresponding to a gcov data file
  gcov_fname   /home/sufyan/Zephyr_IOMICO/zephyr-course/app/modules/ring_buf/log_ctrl.h##57b6e6ed29bc9abbe1cfe0da87527331.gcov
  current_dir  /home/sufyan/Zephyr_IOMICO/zephyr-course/app/modules/ring_buf
  root         /home/sufyan/Zephyr_IOMICO/zephyr-course/app/modules/ring_buf
  starting_dir /home/sufyan/Zephyr_IOMICO/zephyr-course
  obj_dir      None
  gcda_fname   ../../../twister-out/native_sim_native/host/homework.unit.ring_buf/zephyr/CMakeFiles/zephyr.dir/subsys/logging/log_mgmt.c.gcda
  --> fname    /home/sufyan/Zephyr_IOMICO/zephyr-course/twister-out/native_sim_native/host/homework.unit.ring_buf/zephyr/include/generated/zephyr/syscalls/log_ctrl.h
(DEBUG) Check if /home/sufyan/Zephyr_IOMICO/zephyr-course/twister-out/native_sim_native/host/homework.unit.ring_buf/zephyr/include/generated/zephyr/syscalls/log_ctrl.h is included (source file)...
(DEBUG) --> File is excluded.
(DEBUG) Check if /home/sufyan/Zephyr_IOMICO/zephyr-course/app/modules/ring_buf/log_link.h##998ca8714d4f3ade2ae952fc4f3a925e.gcov is included (trace)...
(DEBUG)   No filter matched.
(DEBUG) --> File is excluded.
(DEBUG) Finding source file corresponding to a gcov data file
  gcov_fname   /home/sufyan/Zephyr_IOMICO/zephyr-course/app/modules/ring_buf/log_link.h##998ca8714d4f3ade2ae952fc4f3a925e.gcov
  current_dir  /home/sufyan/Zephyr_IOMICO/zephyr-course/app/modules/ring_buf
  root         /home/sufyan/Zephyr_IOMICO/zephyr-course/app/modules/ring_buf
  starting_dir /home/sufyan/Zephyr_IOMICO/zephyr-course
  obj_dir      None
  gcda_fname   ../../../twister-out/native_sim_native/host/homework.unit.ring_buf/zephyr/CMakeFiles/zephyr.dir/subsys/logging/log_mgmt.c.gcda
  --> fname    /home/sufyan/Zephyr_IOMICO/deps/zephyr/include/zephyr/logging/log_link.h
(DEBUG) Check if /home/sufyan/Zephyr_IOMICO/deps/zephyr/include/zephyr/logging/log_link.h is included (source file)...
(DEBUG)   No filter matched.
(DEBUG) --> File is excluded.
(DEBUG) Check if /home/sufyan/Zephyr_IOMICO/zephyr-course/twister-out/native_sim_native/host/homework.unit.ring_buf/zephyr/CMakeFiles/zephyr.dir/subsys/logging/log_msg.c.gcda is included (trace)...
(DEBUG)   No filter matched.
(DEBUG) --> File is excluded.
(DEBUG) Check if /home/sufyan/Zephyr_IOMICO/zephyr-course/twister-out/native_sim_native/host/homework.unit.ring_buf/zephyr/CMakeFiles/zephyr.dir/subsys/logging/log_msg.c.gcda is included (trace)...
(DEBUG) --> File is excluded.
(DEBUG) Check if log_msg.c##09d4e12ce0a2cd8792a5ce87d8d18894.gcov is included (gcov file)...
(DEBUG)   Filter AlwaysMatchFilter() matched.
(DEBUG) --> File is included.
(DEBUG) Check if log_internal.h##7f3a0fa3cbddf08c88843895c041311c.gcov is included (gcov file)...
(DEBUG) --> File is included.
(DEBUG) Check if log_core.h##2acde1d278468265e279acb9e7bd23bb.gcov is included (gcov file)...
(DEBUG) --> File is included.
(DEBUG) Check if log_msg.h##c3d7a43353dd151ee47d3c13d66651b3.gcov is included (gcov file)...
(DEBUG) --> File is included.
(DEBUG) Check if cbprintf.h##5b8c1e0cc44011c2ff098d76df0481e1.gcov is included (gcov file)...
(DEBUG) --> File is included.
(DEBUG) Check if /home/sufyan/Zephyr_IOMICO/zephyr-course/app/modules/ring_buf/log_msg.c##09d4e12ce0a2cd8792a5ce87d8d18894.gcov is included (trace)...
(DEBUG)   No filter matched.
(DEBUG) --> File is excluded.
(DEBUG) Finding source file corresponding to a gcov data file
  gcov_fname   /home/sufyan/Zephyr_IOMICO/zephyr-course/app/modules/ring_buf/log_msg.c##09d4e12ce0a2cd8792a5ce87d8d18894.gcov
  current_dir  /home/sufyan/Zephyr_IOMICO/zephyr-course/app/modules/ring_buf
  root         /home/sufyan/Zephyr_IOMICO/zephyr-course/app/modules/ring_buf
  starting_dir /home/sufyan/Zephyr_IOMICO/zephyr-course
  obj_dir      None
  gcda_fname   ../../../twister-out/native_sim_native/host/homework.unit.ring_buf/zephyr/CMakeFiles/zephyr.dir/subsys/logging/log_msg.c.gcda
  --> fname    /home/sufyan/Zephyr_IOMICO/deps/zephyr/subsys/logging/log_msg.c
(DEBUG) Check if /home/sufyan/Zephyr_IOMICO/deps/zephyr/subsys/logging/log_msg.c is included (source file)...
(DEBUG)   No filter matched.
(DEBUG) --> File is excluded.
(DEBUG) Check if /home/sufyan/Zephyr_IOMICO/zephyr-course/app/modules/ring_buf/log_internal.h##7f3a0fa3cbddf08c88843895c041311c.gcov is included (trace)...
(DEBUG) --> File is excluded.
(DEBUG) Finding source file corresponding to a gcov data file
  gcov_fname   /home/sufyan/Zephyr_IOMICO/zephyr-course/app/modules/ring_buf/log_internal.h##7f3a0fa3cbddf08c88843895c041311c.gcov
  current_dir  /home/sufyan/Zephyr_IOMICO/zephyr-course/app/modules/ring_buf
  root         /home/sufyan/Zephyr_IOMICO/zephyr-course/app/modules/ring_buf
  starting_dir /home/sufyan/Zephyr_IOMICO/zephyr-course
  obj_dir      None
  gcda_fname   ../../../twister-out/native_sim_native/host/homework.unit.ring_buf/zephyr/CMakeFiles/zephyr.dir/subsys/logging/log_msg.c.gcda
  --> fname    /home/sufyan/Zephyr_IOMICO/deps/zephyr/include/zephyr/logging/log_internal.h
(DEBUG) Check if /home/sufyan/Zephyr_IOMICO/deps/zephyr/include/zephyr/logging/log_internal.h is included (source file)...
(DEBUG) --> File is excluded.
(DEBUG) Check if /home/sufyan/Zephyr_IOMICO/zephyr-course/app/modules/ring_buf/cbprintf.h##5b8c1e0cc44011c2ff098d76df0481e1.gcov is included (trace)...
(DEBUG) --> File is excluded.
(DEBUG) Finding source file corresponding to a gcov data file
  gcov_fname   /home/sufyan/Zephyr_IOMICO/zephyr-course/app/modules/ring_buf/cbprintf.h##5b8c1e0cc44011c2ff098d76df0481e1.gcov
  current_dir  /home/sufyan/Zephyr_IOMICO/zephyr-course/app/modules/ring_buf
  root         /home/sufyan/Zephyr_IOMICO/zephyr-course/app/modules/ring_buf
  starting_dir /home/sufyan/Zephyr_IOMICO/zephyr-course
  obj_dir      None
  gcda_fname   ../../../twister-out/native_sim_native/host/homework.unit.ring_buf/zephyr/CMakeFiles/zephyr.dir/subsys/logging/log_msg.c.gcda
  --> fname    /home/sufyan/Zephyr_IOMICO/deps/zephyr/include/zephyr/sys/cbprintf.h
(DEBUG) Check if /home/sufyan/Zephyr_IOMICO/deps/zephyr/include/zephyr/sys/cbprintf.h is included (source file)...
(DEBUG) --> File is excluded.
(DEBUG) Check if /home/sufyan/Zephyr_IOMICO/zephyr-course/app/modules/ring_buf/log_core.h##2acde1d278468265e279acb9e7bd23bb.gcov is included (trace)...
(DEBUG) --> File is excluded.
(DEBUG) Finding source file corresponding to a gcov data file
  gcov_fname   /home/sufyan/Zephyr_IOMICO/zephyr-course/app/modules/ring_buf/log_core.h##2acde1d278468265e279acb9e7bd23bb.gcov
  current_dir  /home/sufyan/Zephyr_IOMICO/zephyr-course/app/modules/ring_buf
  root         /home/sufyan/Zephyr_IOMICO/zephyr-course/app/modules/ring_buf
  starting_dir /home/sufyan/Zephyr_IOMICO/zephyr-course
  obj_dir      None
  gcda_fname   ../../../twister-out/native_sim_native/host/homework.unit.ring_buf/zephyr/CMakeFiles/zephyr.dir/subsys/logging/log_msg.c.gcda
  --> fname    /home/sufyan/Zephyr_IOMICO/deps/zephyr/include/zephyr/logging/log_core.h
(DEBUG) Check if /home/sufyan/Zephyr_IOMICO/deps/zephyr/include/zephyr/logging/log_core.h is included (source file)...
(DEBUG) --> File is excluded.
(DEBUG) Check if /home/sufyan/Zephyr_IOMICO/zephyr-course/app/modules/ring_buf/log_msg.h##c3d7a43353dd151ee47d3c13d66651b3.gcov is included (trace)...
(DEBUG) --> File is excluded.
(DEBUG) Finding source file corresponding to a gcov data file
  gcov_fname   /home/sufyan/Zephyr_IOMICO/zephyr-course/app/modules/ring_buf/log_msg.h##c3d7a43353dd151ee47d3c13d66651b3.gcov
  current_dir  /home/sufyan/Zephyr_IOMICO/zephyr-course/app/modules/ring_buf
  root         /home/sufyan/Zephyr_IOMICO/zephyr-course/app/modules/ring_buf
  starting_dir /home/sufyan/Zephyr_IOMICO/zephyr-course
  obj_dir      None
  gcda_fname   ../../../twister-out/native_sim_native/host/homework.unit.ring_buf/zephyr/CMakeFiles/zephyr.dir/subsys/logging/log_msg.c.gcda
  --> fname    /home/sufyan/Zephyr_IOMICO/deps/zephyr/include/zephyr/logging/log_msg.h
(DEBUG) Check if /home/sufyan/Zephyr_IOMICO/deps/zephyr/include/zephyr/logging/log_msg.h is included (source file)...
(DEBUG) --> File is excluded.
(DEBUG) Check if /home/sufyan/Zephyr_IOMICO/zephyr-course/twister-out/native_sim_native/host/homework.unit.ring_buf/zephyr/CMakeFiles/zephyr.dir/subsys/logging/log_output.c.gcda is included (trace)...
(DEBUG)   No filter matched.
(DEBUG) --> File is excluded.
(DEBUG) Check if /home/sufyan/Zephyr_IOMICO/zephyr-course/twister-out/native_sim_native/host/homework.unit.ring_buf/zephyr/CMakeFiles/zephyr.dir/subsys/logging/log_output.c.gcda is included (trace)...
(DEBUG) --> File is excluded.
(DEBUG) Check if log_output.c##64312dd6ba254f134bedb3c6b5fce51b.gcov is included (gcov file)...
(DEBUG)   Filter AlwaysMatchFilter() matched.
(DEBUG) --> File is included.
(DEBUG) Check if log_output.h##489a78eeab4f10670d6ec2b823c7d277.gcov is included (gcov file)...
(DEBUG) --> File is included.
(DEBUG) Check if log_msg.h##c3d7a43353dd151ee47d3c13d66651b3.gcov is included (gcov file)...
(DEBUG) --> File is included.
(DEBUG) Check if cbprintf.h##5b8c1e0cc44011c2ff098d76df0481e1.gcov is included (gcov file)...
(DEBUG) --> File is included.
(DEBUG) Check if /home/sufyan/Zephyr_IOMICO/zephyr-course/app/modules/ring_buf/cbprintf.h##5b8c1e0cc44011c2ff098d76df0481e1.gcov is included (trace)...
(DEBUG) --> File is excluded.
(DEBUG) Finding source file corresponding to a gcov data file
  gcov_fname   /home/sufyan/Zephyr_IOMICO/zephyr-course/app/modules/ring_buf/cbprintf.h##5b8c1e0cc44011c2ff098d76df0481e1.gcov
  current_dir  /home/sufyan/Zephyr_IOMICO/zephyr-course/app/modules/ring_buf
  root         /home/sufyan/Zephyr_IOMICO/zephyr-course/app/modules/ring_buf
  starting_dir /home/sufyan/Zephyr_IOMICO/zephyr-course
  obj_dir      None
  gcda_fname   ../../../twister-out/native_sim_native/host/homework.unit.ring_buf/zephyr/CMakeFiles/zephyr.dir/subsys/logging/log_output.c.gcda
  --> fname    /home/sufyan/Zephyr_IOMICO/deps/zephyr/include/zephyr/sys/cbprintf.h
(DEBUG) Check if /home/sufyan/Zephyr_IOMICO/deps/zephyr/include/zephyr/sys/cbprintf.h is included (source file)...
(DEBUG) --> File is excluded.
(DEBUG) Check if /home/sufyan/Zephyr_IOMICO/zephyr-course/app/modules/ring_buf/log_output.h##489a78eeab4f10670d6ec2b823c7d277.gcov is included (trace)...
(DEBUG) --> File is excluded.
(DEBUG) Finding source file corresponding to a gcov data file
  gcov_fname   /home/sufyan/Zephyr_IOMICO/zephyr-course/app/modules/ring_buf/log_output.h##489a78eeab4f10670d6ec2b823c7d277.gcov
  current_dir  /home/sufyan/Zephyr_IOMICO/zephyr-course/app/modules/ring_buf
  root         /home/sufyan/Zephyr_IOMICO/zephyr-course/app/modules/ring_buf
  starting_dir /home/sufyan/Zephyr_IOMICO/zephyr-course
  obj_dir      None
  gcda_fname   ../../../twister-out/native_sim_native/host/homework.unit.ring_buf/zephyr/CMakeFiles/zephyr.dir/subsys/logging/log_output.c.gcda
  --> fname    /home/sufyan/Zephyr_IOMICO/deps/zephyr/include/zephyr/logging/log_output.h
(DEBUG) Check if /home/sufyan/Zephyr_IOMICO/deps/zephyr/include/zephyr/logging/log_output.h is included (source file)...
(DEBUG) --> File is excluded.
(DEBUG) Check if /home/sufyan/Zephyr_IOMICO/zephyr-course/app/modules/ring_buf/log_output.c##64312dd6ba254f134bedb3c6b5fce51b.gcov is included (trace)...
(DEBUG)   No filter matched.
(DEBUG) --> File is excluded.
(DEBUG) Finding source file corresponding to a gcov data file
  gcov_fname   /home/sufyan/Zephyr_IOMICO/zephyr-course/app/modules/ring_buf/log_output.c##64312dd6ba254f134bedb3c6b5fce51b.gcov
  current_dir  /home/sufyan/Zephyr_IOMICO/zephyr-course/app/modules/ring_buf
  root         /home/sufyan/Zephyr_IOMICO/zephyr-course/app/modules/ring_buf
  starting_dir /home/sufyan/Zephyr_IOMICO/zephyr-course
  obj_dir      None
  gcda_fname   ../../../twister-out/native_sim_native/host/homework.unit.ring_buf/zephyr/CMakeFiles/zephyr.dir/subsys/logging/log_output.c.gcda
  --> fname    /home/sufyan/Zephyr_IOMICO/deps/zephyr/subsys/logging/log_output.c
(DEBUG) Check if /home/sufyan/Zephyr_IOMICO/deps/zephyr/subsys/logging/log_output.c is included (source file)...
(DEBUG)   No filter matched.
(DEBUG) --> File is excluded.
(DEBUG) Check if /home/sufyan/Zephyr_IOMICO/zephyr-course/app/modules/ring_buf/log_msg.h##c3d7a43353dd151ee47d3c13d66651b3.gcov is included (trace)...
(DEBUG) --> File is excluded.
(DEBUG) Finding source file corresponding to a gcov data file
  gcov_fname   /home/sufyan/Zephyr_IOMICO/zephyr-course/app/modules/ring_buf/log_msg.h##c3d7a43353dd151ee47d3c13d66651b3.gcov
  current_dir  /home/sufyan/Zephyr_IOMICO/zephyr-course/app/modules/ring_buf
  root         /home/sufyan/Zephyr_IOMICO/zephyr-course/app/modules/ring_buf
  starting_dir /home/sufyan/Zephyr_IOMICO/zephyr-course
  obj_dir      None
  gcda_fname   ../../../twister-out/native_sim_native/host/homework.unit.ring_buf/zephyr/CMakeFiles/zephyr.dir/subsys/logging/log_output.c.gcda
  --> fname    /home/sufyan/Zephyr_IOMICO/deps/zephyr/include/zephyr/logging/log_msg.h
(DEBUG) Check if /home/sufyan/Zephyr_IOMICO/deps/zephyr/include/zephyr/logging/log_msg.h is included (source file)...
(DEBUG) --> File is excluded.
(DEBUG) Check if /home/sufyan/Zephyr_IOMICO/zephyr-course/twister-out/native_sim_native/host/homework.unit.ring_buf/zephyr/CMakeFiles/zephyr.dir/subsys/tracing/tracing_none.c.gcda is included (trace)...
(DEBUG)   No filter matched.
(DEBUG) --> File is excluded.
(DEBUG) Check if /home/sufyan/Zephyr_IOMICO/zephyr-course/twister-out/native_sim_native/host/homework.unit.ring_buf/zephyr/CMakeFiles/zephyr.dir/subsys/tracing/tracing_none.c.gcda is included (trace)...
(DEBUG) --> File is excluded.
(DEBUG) Check if tracing_none.c##816b81dfea50e54d7ec141dfe13c847d.gcov is included (gcov file)...
(DEBUG)   Filter AlwaysMatchFilter() matched.
(DEBUG) --> File is included.
(DEBUG) Check if /home/sufyan/Zephyr_IOMICO/zephyr-course/app/modules/ring_buf/tracing_none.c##816b81dfea50e54d7ec141dfe13c847d.gcov is included (trace)...
(DEBUG)   No filter matched.
(DEBUG) --> File is excluded.
(DEBUG) Finding source file corresponding to a gcov data file
  gcov_fname   /home/sufyan/Zephyr_IOMICO/zephyr-course/app/modules/ring_buf/tracing_none.c##816b81dfea50e54d7ec141dfe13c847d.gcov
  current_dir  /home/sufyan/Zephyr_IOMICO/zephyr-course/app/modules/ring_buf
  root         /home/sufyan/Zephyr_IOMICO/zephyr-course/app/modules/ring_buf
  starting_dir /home/sufyan/Zephyr_IOMICO/zephyr-course
  obj_dir      None
  gcda_fname   ../../../twister-out/native_sim_native/host/homework.unit.ring_buf/zephyr/CMakeFiles/zephyr.dir/subsys/tracing/tracing_none.c.gcda
  --> fname    /home/sufyan/Zephyr_IOMICO/deps/zephyr/subsys/tracing/tracing_none.c
(DEBUG) Check if /home/sufyan/Zephyr_IOMICO/deps/zephyr/subsys/tracing/tracing_none.c is included (source file)...
(DEBUG)   No filter matched.
(DEBUG) --> File is excluded.
(DEBUG) Check if /home/sufyan/Zephyr_IOMICO/zephyr-course/twister-out/native_sim_native/host/homework.unit.ring_buf/zephyr/CMakeFiles/zephyr_pre0.dir/misc/empty_file.c.gcno is included (trace)...
(DEBUG)   No filter matched.
(DEBUG) --> File is excluded.
(DEBUG) Check if /home/sufyan/Zephyr_IOMICO/zephyr-course/twister-out/native_sim_native/host/homework.unit.ring_buf/zephyr/CMakeFiles/zephyr_pre0.dir/misc/empty_file.c.gcno is included (trace)...
(DEBUG) --> File is excluded.
(DEBUG) Check if /home/sufyan/Zephyr_IOMICO/zephyr-course/twister-out/native_sim_native/host/homework.unit.ring_buf/zephyr/NSI/common/src/main.gcda is included (trace)...
(DEBUG)   No filter matched.
(DEBUG) --> File is excluded.
(DEBUG) Check if /home/sufyan/Zephyr_IOMICO/zephyr-course/twister-out/native_sim_native/host/homework.unit.ring_buf/zephyr/NSI/common/src/main.gcda is included (trace)...
(DEBUG) --> File is excluded.
(DEBUG) Check if main.c##31d01e4e62dec4c29a4b183ef1dec1e7.gcov is included (gcov file)...
(DEBUG)   Filter AlwaysMatchFilter() matched.
(DEBUG) --> File is included.
(DEBUG) Check if nsi_hw_scheduler.h##3aa335cb6939879969c80454f3913ba5.gcov is included (gcov file)...
(DEBUG)   Filter AlwaysMatchFilter() matched.
(DEBUG) --> File is included.
(DEBUG) Check if /home/sufyan/Zephyr_IOMICO/zephyr-course/app/modules/ring_buf/nsi_hw_scheduler.h##3aa335cb6939879969c80454f3913ba5.gcov is included (trace)...
(DEBUG)   No filter matched.
(DEBUG) --> File is excluded.
(DEBUG) Finding source file corresponding to a gcov data file
  gcov_fname   /home/sufyan/Zephyr_IOMICO/zephyr-course/app/modules/ring_buf/nsi_hw_scheduler.h##3aa335cb6939879969c80454f3913ba5.gcov
  current_dir  /home/sufyan/Zephyr_IOMICO/zephyr-course/app/modules/ring_buf
  root         /home/sufyan/Zephyr_IOMICO/zephyr-course/app/modules/ring_buf
  starting_dir /home/sufyan/Zephyr_IOMICO/zephyr-course
  obj_dir      None
  gcda_fname   ../../../twister-out/native_sim_native/host/homework.unit.ring_buf/zephyr/NSI/common/src/main.gcda
  --> fname    /home/sufyan/Zephyr_IOMICO/deps/zephyr/scripts/native_simulator/common/src/include/nsi_hw_scheduler.h
(DEBUG) Check if /home/sufyan/Zephyr_IOMICO/deps/zephyr/scripts/native_simulator/common/src/include/nsi_hw_scheduler.h is included (source file)...
(DEBUG)   No filter matched.
(DEBUG) --> File is excluded.
(DEBUG) Check if /home/sufyan/Zephyr_IOMICO/zephyr-course/app/modules/ring_buf/main.c##31d01e4e62dec4c29a4b183ef1dec1e7.gcov is included (trace)...
(DEBUG)   No filter matched.
(DEBUG) --> File is excluded.
(DEBUG) Finding source file corresponding to a gcov data file
  gcov_fname   /home/sufyan/Zephyr_IOMICO/zephyr-course/app/modules/ring_buf/main.c##31d01e4e62dec4c29a4b183ef1dec1e7.gcov
  current_dir  /home/sufyan/Zephyr_IOMICO/zephyr-course/app/modules/ring_buf
  root         /home/sufyan/Zephyr_IOMICO/zephyr-course/app/modules/ring_buf
  starting_dir /home/sufyan/Zephyr_IOMICO/zephyr-course
  obj_dir      None
  gcda_fname   ../../../twister-out/native_sim_native/host/homework.unit.ring_buf/zephyr/NSI/common/src/main.gcda
  --> fname    /home/sufyan/Zephyr_IOMICO/deps/zephyr/scripts/native_simulator/common/src/main.c
(DEBUG) Check if /home/sufyan/Zephyr_IOMICO/deps/zephyr/scripts/native_simulator/common/src/main.c is included (source file)...
(DEBUG)   No filter matched.
(DEBUG) --> File is excluded.
(DEBUG) Check if /home/sufyan/Zephyr_IOMICO/zephyr-course/twister-out/native_sim_native/host/homework.unit.ring_buf/zephyr/NSI/common/src/nce.gcda is included (trace)...
(DEBUG)   No filter matched.
(DEBUG) --> File is excluded.
(DEBUG) Check if /home/sufyan/Zephyr_IOMICO/zephyr-course/twister-out/native_sim_native/host/homework.unit.ring_buf/zephyr/NSI/common/src/nce.gcda is included (trace)...
(DEBUG) --> File is excluded.
(DEBUG) Check if nce.c##82d23fee40dafcd6d225ef3628390f9e.gcov is included (gcov file)...
(DEBUG)   Filter AlwaysMatchFilter() matched.
(DEBUG) --> File is included.
(DEBUG) Check if nsi_safe_call.h##8b45e64eae72c1b8323ca96f7aa7a433.gcov is included (gcov file)...
(DEBUG)   Filter AlwaysMatchFilter() matched.
(DEBUG) --> File is included.
(DEBUG) Check if /home/sufyan/Zephyr_IOMICO/zephyr-course/app/modules/ring_buf/nsi_safe_call.h##8b45e64eae72c1b8323ca96f7aa7a433.gcov is included (trace)...
(DEBUG)   No filter matched.
(DEBUG) --> File is excluded.
(DEBUG) Finding source file corresponding to a gcov data file
  gcov_fname   /home/sufyan/Zephyr_IOMICO/zephyr-course/app/modules/ring_buf/nsi_safe_call.h##8b45e64eae72c1b8323ca96f7aa7a433.gcov
  current_dir  /home/sufyan/Zephyr_IOMICO/zephyr-course/app/modules/ring_buf
  root         /home/sufyan/Zephyr_IOMICO/zephyr-course/app/modules/ring_buf
  starting_dir /home/sufyan/Zephyr_IOMICO/zephyr-course
  obj_dir      None
  gcda_fname   ../../../twister-out/native_sim_native/host/homework.unit.ring_buf/zephyr/NSI/common/src/nce.gcda
  --> fname    /home/sufyan/Zephyr_IOMICO/deps/zephyr/scripts/native_simulator/common/src/nsi_safe_call.h
(DEBUG) Check if /home/sufyan/Zephyr_IOMICO/deps/zephyr/scripts/native_simulator/common/src/nsi_safe_call.h is included (source file)...
(DEBUG)   No filter matched.
(DEBUG) --> File is excluded.
(DEBUG) Check if /home/sufyan/Zephyr_IOMICO/zephyr-course/app/modules/ring_buf/nce.c##82d23fee40dafcd6d225ef3628390f9e.gcov is included (trace)...
(DEBUG)   No filter matched.
(DEBUG) --> File is excluded.
(DEBUG) Finding source file corresponding to a gcov data file
  gcov_fname   /home/sufyan/Zephyr_IOMICO/zephyr-course/app/modules/ring_buf/nce.c##82d23fee40dafcd6d225ef3628390f9e.gcov
  current_dir  /home/sufyan/Zephyr_IOMICO/zephyr-course/app/modules/ring_buf
  root         /home/sufyan/Zephyr_IOMICO/zephyr-course/app/modules/ring_buf
  starting_dir /home/sufyan/Zephyr_IOMICO/zephyr-course
  obj_dir      None
  gcda_fname   ../../../twister-out/native_sim_native/host/homework.unit.ring_buf/zephyr/NSI/common/src/nce.gcda
  --> fname    /home/sufyan/Zephyr_IOMICO/deps/zephyr/scripts/native_simulator/common/src/nce.c
(DEBUG) Check if /home/sufyan/Zephyr_IOMICO/deps/zephyr/scripts/native_simulator/common/src/nce.c is included (source file)...
(DEBUG)   No filter matched.
(DEBUG) --> File is excluded.
(DEBUG) Check if /home/sufyan/Zephyr_IOMICO/zephyr-course/twister-out/native_sim_native/host/homework.unit.ring_buf/zephyr/NSI/common/src/nct.gcda is included (trace)...
(DEBUG)   No filter matched.
(DEBUG) --> File is excluded.
(DEBUG) Check if /home/sufyan/Zephyr_IOMICO/zephyr-course/twister-out/native_sim_native/host/homework.unit.ring_buf/zephyr/NSI/common/src/nct.gcda is included (trace)...
(DEBUG) --> File is excluded.
(DEBUG) Check if nct.c##3f8ef6be70df1fe50d4a01017a4ee2c9.gcov is included (gcov file)...
(DEBUG)   Filter AlwaysMatchFilter() matched.
(DEBUG) --> File is included.
(DEBUG) Check if nsi_safe_call.h##8b45e64eae72c1b8323ca96f7aa7a433.gcov is included (gcov file)...
(DEBUG) --> File is included.
(DEBUG) Check if /home/sufyan/Zephyr_IOMICO/zephyr-course/app/modules/ring_buf/nct.c##3f8ef6be70df1fe50d4a01017a4ee2c9.gcov is included (trace)...
(DEBUG)   No filter matched.
(DEBUG) --> File is excluded.
(DEBUG) Finding source file corresponding to a gcov data file
  gcov_fname   /home/sufyan/Zephyr_IOMICO/zephyr-course/app/modules/ring_buf/nct.c##3f8ef6be70df1fe50d4a01017a4ee2c9.gcov
  current_dir  /home/sufyan/Zephyr_IOMICO/zephyr-course/app/modules/ring_buf
  root         /home/sufyan/Zephyr_IOMICO/zephyr-course/app/modules/ring_buf
  starting_dir /home/sufyan/Zephyr_IOMICO/zephyr-course
  obj_dir      None
  gcda_fname   ../../../twister-out/native_sim_native/host/homework.unit.ring_buf/zephyr/NSI/common/src/nct.gcda
  --> fname    /home/sufyan/Zephyr_IOMICO/deps/zephyr/scripts/native_simulator/common/src/nct.c
(DEBUG) Check if /home/sufyan/Zephyr_IOMICO/deps/zephyr/scripts/native_simulator/common/src/nct.c is included (source file)...
(DEBUG)   No filter matched.
(DEBUG) --> File is excluded.
(DEBUG) Check if /home/sufyan/Zephyr_IOMICO/zephyr-course/app/modules/ring_buf/nsi_safe_call.h##8b45e64eae72c1b8323ca96f7aa7a433.gcov is included (trace)...
(DEBUG) --> File is excluded.
(DEBUG) Finding source file corresponding to a gcov data file
  gcov_fname   /home/sufyan/Zephyr_IOMICO/zephyr-course/app/modules/ring_buf/nsi_safe_call.h##8b45e64eae72c1b8323ca96f7aa7a433.gcov
  current_dir  /home/sufyan/Zephyr_IOMICO/zephyr-course/app/modules/ring_buf
  root         /home/sufyan/Zephyr_IOMICO/zephyr-course/app/modules/ring_buf
  starting_dir /home/sufyan/Zephyr_IOMICO/zephyr-course
  obj_dir      None
  gcda_fname   ../../../twister-out/native_sim_native/host/homework.unit.ring_buf/zephyr/NSI/common/src/nct.gcda
  --> fname    /home/sufyan/Zephyr_IOMICO/deps/zephyr/scripts/native_simulator/common/src/nsi_safe_call.h
(DEBUG) Check if /home/sufyan/Zephyr_IOMICO/deps/zephyr/scripts/native_simulator/common/src/nsi_safe_call.h is included (source file)...
(DEBUG) --> File is excluded.
(DEBUG) Check if /home/sufyan/Zephyr_IOMICO/zephyr-course/twister-out/native_sim_native/host/homework.unit.ring_buf/zephyr/NSI/common/src/nsi_cpu_ctrl.gcda is included (trace)...
(DEBUG)   No filter matched.
(DEBUG) --> File is excluded.
(DEBUG) Check if /home/sufyan/Zephyr_IOMICO/zephyr-course/twister-out/native_sim_native/host/homework.unit.ring_buf/zephyr/NSI/common/src/nsi_cpu_ctrl.gcda is included (trace)...
(DEBUG) --> File is excluded.
(DEBUG) Check if nsi_cpu_ctrl.c##4f1049db0751fc7ce9dcdd43d3d787c8.gcov is included (gcov file)...
(DEBUG)   Filter AlwaysMatchFilter() matched.
(DEBUG) --> File is included.
(DEBUG) Check if /home/sufyan/Zephyr_IOMICO/zephyr-course/app/modules/ring_buf/nsi_cpu_ctrl.c##4f1049db0751fc7ce9dcdd43d3d787c8.gcov is included (trace)...
(DEBUG)   No filter matched.
(DEBUG) --> File is excluded.
(DEBUG) Finding source file corresponding to a gcov data file
  gcov_fname   /home/sufyan/Zephyr_IOMICO/zephyr-course/app/modules/ring_buf/nsi_cpu_ctrl.c##4f1049db0751fc7ce9dcdd43d3d787c8.gcov
  current_dir  /home/sufyan/Zephyr_IOMICO/zephyr-course/app/modules/ring_buf
  root         /home/sufyan/Zephyr_IOMICO/zephyr-course/app/modules/ring_buf
  starting_dir /home/sufyan/Zephyr_IOMICO/zephyr-course
  obj_dir      None
  gcda_fname   ../../../twister-out/native_sim_native/host/homework.unit.ring_buf/zephyr/NSI/common/src/nsi_cpu_ctrl.gcda
  --> fname    /home/sufyan/Zephyr_IOMICO/deps/zephyr/scripts/native_simulator/common/src/nsi_cpu_ctrl.c
(DEBUG) Check if /home/sufyan/Zephyr_IOMICO/deps/zephyr/scripts/native_simulator/common/src/nsi_cpu_ctrl.c is included (source file)...
(DEBUG)   No filter matched.
(DEBUG) --> File is excluded.
(DEBUG) Check if /home/sufyan/Zephyr_IOMICO/zephyr-course/twister-out/native_sim_native/host/homework.unit.ring_buf/zephyr/NSI/common/src/nsi_cpun_if.gcda is included (trace)...
(DEBUG)   No filter matched.
(DEBUG) --> File is excluded.
(DEBUG) Check if /home/sufyan/Zephyr_IOMICO/zephyr-course/twister-out/native_sim_native/host/homework.unit.ring_buf/zephyr/NSI/common/src/nsi_cpun_if.gcda is included (trace)...
(DEBUG) --> File is excluded.
(DEBUG) Check if nsi_cpun_if.c##c458664c4d00efa6803baf2539289687.gcov is included (gcov file)...
(DEBUG)   Filter AlwaysMatchFilter() matched.
(DEBUG) --> File is included.
(DEBUG) Check if /home/sufyan/Zephyr_IOMICO/zephyr-course/app/modules/ring_buf/nsi_cpun_if.c##c458664c4d00efa6803baf2539289687.gcov is included (trace)...
(DEBUG)   No filter matched.
(DEBUG) --> File is excluded.
(DEBUG) Finding source file corresponding to a gcov data file
  gcov_fname   /home/sufyan/Zephyr_IOMICO/zephyr-course/app/modules/ring_buf/nsi_cpun_if.c##c458664c4d00efa6803baf2539289687.gcov
  current_dir  /home/sufyan/Zephyr_IOMICO/zephyr-course/app/modules/ring_buf
  root         /home/sufyan/Zephyr_IOMICO/zephyr-course/app/modules/ring_buf
  starting_dir /home/sufyan/Zephyr_IOMICO/zephyr-course
  obj_dir      None
  gcda_fname   ../../../twister-out/native_sim_native/host/homework.unit.ring_buf/zephyr/NSI/common/src/nsi_cpun_if.gcda
  --> fname    /home/sufyan/Zephyr_IOMICO/deps/zephyr/scripts/native_simulator/common/src/nsi_cpun_if.c
(DEBUG) Check if /home/sufyan/Zephyr_IOMICO/deps/zephyr/scripts/native_simulator/common/src/nsi_cpun_if.c is included (source file)...
(DEBUG)   No filter matched.
(DEBUG) --> File is excluded.
(DEBUG) Check if /home/sufyan/Zephyr_IOMICO/zephyr-course/twister-out/native_sim_native/host/homework.unit.ring_buf/zephyr/NSI/common/src/nsi_errno.gcda is included (trace)...
(DEBUG)   No filter matched.
(DEBUG) --> File is excluded.
(DEBUG) Check if /home/sufyan/Zephyr_IOMICO/zephyr-course/twister-out/native_sim_native/host/homework.unit.ring_buf/zephyr/NSI/common/src/nsi_errno.gcda is included (trace)...
(DEBUG) --> File is excluded.
(DEBUG) Check if nsi_errno.c##926cdede6b45538b7be90e21dd3878db.gcov is included (gcov file)...
(DEBUG)   Filter AlwaysMatchFilter() matched.
(DEBUG) --> File is included.
(DEBUG) Check if /home/sufyan/Zephyr_IOMICO/zephyr-course/app/modules/ring_buf/nsi_errno.c##926cdede6b45538b7be90e21dd3878db.gcov is included (trace)...
(DEBUG)   No filter matched.
(DEBUG) --> File is excluded.
(DEBUG) Finding source file corresponding to a gcov data file
  gcov_fname   /home/sufyan/Zephyr_IOMICO/zephyr-course/app/modules/ring_buf/nsi_errno.c##926cdede6b45538b7be90e21dd3878db.gcov
  current_dir  /home/sufyan/Zephyr_IOMICO/zephyr-course/app/modules/ring_buf
  root         /home/sufyan/Zephyr_IOMICO/zephyr-course/app/modules/ring_buf
  starting_dir /home/sufyan/Zephyr_IOMICO/zephyr-course
  obj_dir      None
  gcda_fname   ../../../twister-out/native_sim_native/host/homework.unit.ring_buf/zephyr/NSI/common/src/nsi_errno.gcda
  --> fname    /home/sufyan/Zephyr_IOMICO/deps/zephyr/scripts/native_simulator/common/src/nsi_errno.c
(DEBUG) Check if /home/sufyan/Zephyr_IOMICO/deps/zephyr/scripts/native_simulator/common/src/nsi_errno.c is included (source file)...
(DEBUG)   No filter matched.
(DEBUG) --> File is excluded.
(DEBUG) Check if /home/sufyan/Zephyr_IOMICO/zephyr-course/twister-out/native_sim_native/host/homework.unit.ring_buf/zephyr/NSI/common/src/nsi_host_trampolines.gcda is included (trace)...
(DEBUG)   No filter matched.
(DEBUG) --> File is excluded.
(DEBUG) Check if /home/sufyan/Zephyr_IOMICO/zephyr-course/twister-out/native_sim_native/host/homework.unit.ring_buf/zephyr/NSI/common/src/nsi_host_trampolines.gcda is included (trace)...
(DEBUG) --> File is excluded.
(DEBUG) Check if nsi_host_trampolines.c##8dc43f63bdf015676ec12dbd7f2c8e5b.gcov is included (gcov file)...
(DEBUG)   Filter AlwaysMatchFilter() matched.
(DEBUG) --> File is included.
(DEBUG) Check if /home/sufyan/Zephyr_IOMICO/zephyr-course/app/modules/ring_buf/nsi_host_trampolines.c##8dc43f63bdf015676ec12dbd7f2c8e5b.gcov is included (trace)...
(DEBUG)   No filter matched.
(DEBUG) --> File is excluded.
(DEBUG) Finding source file corresponding to a gcov data file
  gcov_fname   /home/sufyan/Zephyr_IOMICO/zephyr-course/app/modules/ring_buf/nsi_host_trampolines.c##8dc43f63bdf015676ec12dbd7f2c8e5b.gcov
  current_dir  /home/sufyan/Zephyr_IOMICO/zephyr-course/app/modules/ring_buf
  root         /home/sufyan/Zephyr_IOMICO/zephyr-course/app/modules/ring_buf
  starting_dir /home/sufyan/Zephyr_IOMICO/zephyr-course
  obj_dir      None
  gcda_fname   ../../../twister-out/native_sim_native/host/homework.unit.ring_buf/zephyr/NSI/common/src/nsi_host_trampolines.gcda
  --> fname    /home/sufyan/Zephyr_IOMICO/deps/zephyr/scripts/native_simulator/common/src/nsi_host_trampolines.c
(DEBUG) Check if /home/sufyan/Zephyr_IOMICO/deps/zephyr/scripts/native_simulator/common/src/nsi_host_trampolines.c is included (source file)...
(DEBUG)   No filter matched.
(DEBUG) --> File is excluded.
(DEBUG) Check if /home/sufyan/Zephyr_IOMICO/zephyr-course/twister-out/native_sim_native/host/homework.unit.ring_buf/zephyr/NSI/common/src/nsi_hw_scheduler.gcda is included (trace)...
(DEBUG)   No filter matched.
(DEBUG) --> File is excluded.
(DEBUG) Check if /home/sufyan/Zephyr_IOMICO/zephyr-course/twister-out/native_sim_native/host/homework.unit.ring_buf/zephyr/NSI/common/src/nsi_hw_scheduler.gcda is included (trace)...
(DEBUG) --> File is excluded.
(DEBUG) Check if nsi_hw_scheduler.c##4fb9fc953ea0f5f12f0f6a717383af78.gcov is included (gcov file)...
(DEBUG)   Filter AlwaysMatchFilter() matched.
(DEBUG) --> File is included.
(DEBUG) Check if nsi_safe_call.h##8b45e64eae72c1b8323ca96f7aa7a433.gcov is included (gcov file)...
(DEBUG) --> File is included.
(DEBUG) Check if /home/sufyan/Zephyr_IOMICO/zephyr-course/app/modules/ring_buf/nsi_safe_call.h##8b45e64eae72c1b8323ca96f7aa7a433.gcov is included (trace)...
(DEBUG) --> File is excluded.
(DEBUG) Finding source file corresponding to a gcov data file
  gcov_fname   /home/sufyan/Zephyr_IOMICO/zephyr-course/app/modules/ring_buf/nsi_safe_call.h##8b45e64eae72c1b8323ca96f7aa7a433.gcov
  current_dir  /home/sufyan/Zephyr_IOMICO/zephyr-course/app/modules/ring_buf
  root         /home/sufyan/Zephyr_IOMICO/zephyr-course/app/modules/ring_buf
  starting_dir /home/sufyan/Zephyr_IOMICO/zephyr-course
  obj_dir      None
  gcda_fname   ../../../twister-out/native_sim_native/host/homework.unit.ring_buf/zephyr/NSI/common/src/nsi_hw_scheduler.gcda
  --> fname    /home/sufyan/Zephyr_IOMICO/deps/zephyr/scripts/native_simulator/common/src/nsi_safe_call.h
(DEBUG) Check if /home/sufyan/Zephyr_IOMICO/deps/zephyr/scripts/native_simulator/common/src/nsi_safe_call.h is included (source file)...
(DEBUG) --> File is excluded.
(DEBUG) Check if /home/sufyan/Zephyr_IOMICO/zephyr-course/app/modules/ring_buf/nsi_hw_scheduler.c##4fb9fc953ea0f5f12f0f6a717383af78.gcov is included (trace)...
(DEBUG)   No filter matched.
(DEBUG) --> File is excluded.
(DEBUG) Finding source file corresponding to a gcov data file
  gcov_fname   /home/sufyan/Zephyr_IOMICO/zephyr-course/app/modules/ring_buf/nsi_hw_scheduler.c##4fb9fc953ea0f5f12f0f6a717383af78.gcov
  current_dir  /home/sufyan/Zephyr_IOMICO/zephyr-course/app/modules/ring_buf
  root         /home/sufyan/Zephyr_IOMICO/zephyr-course/app/modules/ring_buf
  starting_dir /home/sufyan/Zephyr_IOMICO/zephyr-course
  obj_dir      None
  gcda_fname   ../../../twister-out/native_sim_native/host/homework.unit.ring_buf/zephyr/NSI/common/src/nsi_hw_scheduler.gcda
  --> fname    /home/sufyan/Zephyr_IOMICO/deps/zephyr/scripts/native_simulator/common/src/nsi_hw_scheduler.c
(DEBUG) Check if /home/sufyan/Zephyr_IOMICO/deps/zephyr/scripts/native_simulator/common/src/nsi_hw_scheduler.c is included (source file)...
(DEBUG)   No filter matched.
(DEBUG) --> File is excluded.
(DEBUG) Check if /home/sufyan/Zephyr_IOMICO/zephyr-course/twister-out/native_sim_native/host/homework.unit.ring_buf/zephyr/NSI/common/src/nsi_tasks.gcda is included (trace)...
(DEBUG)   No filter matched.
(DEBUG) --> File is excluded.
(DEBUG) Check if /home/sufyan/Zephyr_IOMICO/zephyr-course/twister-out/native_sim_native/host/homework.unit.ring_buf/zephyr/NSI/common/src/nsi_tasks.gcda is included (trace)...
(DEBUG) --> File is excluded.
(DEBUG) Check if nsi_tasks.c##f95e2aeae3ecabe3d66befb5341c62cb.gcov is included (gcov file)...
(DEBUG)   Filter AlwaysMatchFilter() matched.
(DEBUG) --> File is included.
(DEBUG) Check if /home/sufyan/Zephyr_IOMICO/zephyr-course/app/modules/ring_buf/nsi_tasks.c##f95e2aeae3ecabe3d66befb5341c62cb.gcov is included (trace)...
(DEBUG)   No filter matched.
(DEBUG) --> File is excluded.
(DEBUG) Finding source file corresponding to a gcov data file
  gcov_fname   /home/sufyan/Zephyr_IOMICO/zephyr-course/app/modules/ring_buf/nsi_tasks.c##f95e2aeae3ecabe3d66befb5341c62cb.gcov
  current_dir  /home/sufyan/Zephyr_IOMICO/zephyr-course/app/modules/ring_buf
  root         /home/sufyan/Zephyr_IOMICO/zephyr-course/app/modules/ring_buf
  starting_dir /home/sufyan/Zephyr_IOMICO/zephyr-course
  obj_dir      None
  gcda_fname   ../../../twister-out/native_sim_native/host/homework.unit.ring_buf/zephyr/NSI/common/src/nsi_tasks.gcda
  --> fname    /home/sufyan/Zephyr_IOMICO/deps/zephyr/scripts/native_simulator/common/src/nsi_tasks.c
(DEBUG) Check if /home/sufyan/Zephyr_IOMICO/deps/zephyr/scripts/native_simulator/common/src/nsi_tasks.c is included (source file)...
(DEBUG)   No filter matched.
(DEBUG) --> File is excluded.
(DEBUG) Check if /home/sufyan/Zephyr_IOMICO/zephyr-course/twister-out/native_sim_native/host/homework.unit.ring_buf/zephyr/NSI/common/src/nsi_trace_varg.gcda is included (trace)...
(DEBUG)   No filter matched.
(DEBUG) --> File is excluded.
(DEBUG) Check if /home/sufyan/Zephyr_IOMICO/zephyr-course/twister-out/native_sim_native/host/homework.unit.ring_buf/zephyr/NSI/common/src/nsi_trace_varg.gcda is included (trace)...
(DEBUG) --> File is excluded.
(DEBUG) Check if nsi_trace_varg.c##31ea91dc37d2c8a463d35ba85245b619.gcov is included (gcov file)...
(DEBUG)   Filter AlwaysMatchFilter() matched.
(DEBUG) --> File is included.
(DEBUG) Check if /home/sufyan/Zephyr_IOMICO/zephyr-course/app/modules/ring_buf/nsi_trace_varg.c##31ea91dc37d2c8a463d35ba85245b619.gcov is included (trace)...
(DEBUG)   No filter matched.
(DEBUG) --> File is excluded.
(DEBUG) Finding source file corresponding to a gcov data file
  gcov_fname   /home/sufyan/Zephyr_IOMICO/zephyr-course/app/modules/ring_buf/nsi_trace_varg.c##31ea91dc37d2c8a463d35ba85245b619.gcov
  current_dir  /home/sufyan/Zephyr_IOMICO/zephyr-course/app/modules/ring_buf
  root         /home/sufyan/Zephyr_IOMICO/zephyr-course/app/modules/ring_buf
  starting_dir /home/sufyan/Zephyr_IOMICO/zephyr-course
  obj_dir      None
  gcda_fname   ../../../twister-out/native_sim_native/host/homework.unit.ring_buf/zephyr/NSI/common/src/nsi_trace_varg.gcda
  --> fname    /home/sufyan/Zephyr_IOMICO/deps/zephyr/scripts/native_simulator/common/src/nsi_trace_varg.c
(DEBUG) Check if /home/sufyan/Zephyr_IOMICO/deps/zephyr/scripts/native_simulator/common/src/nsi_trace_varg.c is included (source file)...
(DEBUG)   No filter matched.
(DEBUG) --> File is excluded.
(DEBUG) Check if /home/sufyan/Zephyr_IOMICO/zephyr-course/twister-out/native_sim_native/host/homework.unit.ring_buf/zephyr/NSI/common/src/nsi_weak_stubs.gcda is included (trace)...
(DEBUG)   No filter matched.
(DEBUG) --> File is excluded.
(DEBUG) Check if /home/sufyan/Zephyr_IOMICO/zephyr-course/twister-out/native_sim_native/host/homework.unit.ring_buf/zephyr/NSI/common/src/nsi_weak_stubs.gcda is included (trace)...
(DEBUG) --> File is excluded.
(DEBUG) Check if nsi_weak_stubs.c##cbc7303400abe550b889f93675c659ee.gcov is included (gcov file)...
(DEBUG)   Filter AlwaysMatchFilter() matched.
(DEBUG) --> File is included.
(DEBUG) Check if /home/sufyan/Zephyr_IOMICO/zephyr-course/app/modules/ring_buf/nsi_weak_stubs.c##cbc7303400abe550b889f93675c659ee.gcov is included (trace)...
(DEBUG)   No filter matched.
(DEBUG) --> File is excluded.
(DEBUG) Finding source file corresponding to a gcov data file
  gcov_fname   /home/sufyan/Zephyr_IOMICO/zephyr-course/app/modules/ring_buf/nsi_weak_stubs.c##cbc7303400abe550b889f93675c659ee.gcov
  current_dir  /home/sufyan/Zephyr_IOMICO/zephyr-course/app/modules/ring_buf
  root         /home/sufyan/Zephyr_IOMICO/zephyr-course/app/modules/ring_buf
  starting_dir /home/sufyan/Zephyr_IOMICO/zephyr-course
  obj_dir      None
  gcda_fname   ../../../twister-out/native_sim_native/host/homework.unit.ring_buf/zephyr/NSI/common/src/nsi_weak_stubs.gcda
  --> fname    /home/sufyan/Zephyr_IOMICO/deps/zephyr/scripts/native_simulator/common/src/nsi_weak_stubs.c
(DEBUG) Check if /home/sufyan/Zephyr_IOMICO/deps/zephyr/scripts/native_simulator/common/src/nsi_weak_stubs.c is included (source file)...
(DEBUG)   No filter matched.
(DEBUG) --> File is excluded.
(DEBUG) Check if /home/sufyan/Zephyr_IOMICO/zephyr-course/twister-out/native_sim_native/host/homework.unit.ring_buf/zephyr/NSI/native/src/hw_counter.gcda is included (trace)...
(DEBUG)   No filter matched.
(DEBUG) --> File is excluded.
(DEBUG) Check if /home/sufyan/Zephyr_IOMICO/zephyr-course/twister-out/native_sim_native/host/homework.unit.ring_buf/zephyr/NSI/native/src/hw_counter.gcda is included (trace)...
(DEBUG) --> File is excluded.
(DEBUG) Check if hw_counter.c##622f53a6bc25f596107f9418200b8ccc.gcov is included (gcov file)...
(DEBUG)   Filter AlwaysMatchFilter() matched.
(DEBUG) --> File is included.
(DEBUG) Check if nsi_hw_scheduler.h##3aa335cb6939879969c80454f3913ba5.gcov is included (gcov file)...
(DEBUG) --> File is included.
(DEBUG) Check if /home/sufyan/Zephyr_IOMICO/zephyr-course/app/modules/ring_buf/nsi_hw_scheduler.h##3aa335cb6939879969c80454f3913ba5.gcov is included (trace)...
(DEBUG) --> File is excluded.
(DEBUG) Finding source file corresponding to a gcov data file
  gcov_fname   /home/sufyan/Zephyr_IOMICO/zephyr-course/app/modules/ring_buf/nsi_hw_scheduler.h##3aa335cb6939879969c80454f3913ba5.gcov
  current_dir  /home/sufyan/Zephyr_IOMICO/zephyr-course/app/modules/ring_buf
  root         /home/sufyan/Zephyr_IOMICO/zephyr-course/app/modules/ring_buf
  starting_dir /home/sufyan/Zephyr_IOMICO/zephyr-course
  obj_dir      None
  gcda_fname   ../../../twister-out/native_sim_native/host/homework.unit.ring_buf/zephyr/NSI/native/src/hw_counter.gcda
  --> fname    /home/sufyan/Zephyr_IOMICO/deps/zephyr/scripts/native_simulator/common/src/include/nsi_hw_scheduler.h
(DEBUG) Check if /home/sufyan/Zephyr_IOMICO/deps/zephyr/scripts/native_simulator/common/src/include/nsi_hw_scheduler.h is included (source file)...
(DEBUG) --> File is excluded.
(DEBUG) Check if /home/sufyan/Zephyr_IOMICO/zephyr-course/app/modules/ring_buf/hw_counter.c##622f53a6bc25f596107f9418200b8ccc.gcov is included (trace)...
(DEBUG)   No filter matched.
(DEBUG) --> File is excluded.
(DEBUG) Finding source file corresponding to a gcov data file
  gcov_fname   /home/sufyan/Zephyr_IOMICO/zephyr-course/app/modules/ring_buf/hw_counter.c##622f53a6bc25f596107f9418200b8ccc.gcov
  current_dir  /home/sufyan/Zephyr_IOMICO/zephyr-course/app/modules/ring_buf
  root         /home/sufyan/Zephyr_IOMICO/zephyr-course/app/modules/ring_buf
  starting_dir /home/sufyan/Zephyr_IOMICO/zephyr-course
  obj_dir      None
  gcda_fname   ../../../twister-out/native_sim_native/host/homework.unit.ring_buf/zephyr/NSI/native/src/hw_counter.gcda
  --> fname    /home/sufyan/Zephyr_IOMICO/deps/zephyr/scripts/native_simulator/native/src/hw_counter.c
(DEBUG) Check if /home/sufyan/Zephyr_IOMICO/deps/zephyr/scripts/native_simulator/native/src/hw_counter.c is included (source file)...
(DEBUG)   No filter matched.
(DEBUG) --> File is excluded.
(DEBUG) Check if /home/sufyan/Zephyr_IOMICO/zephyr-course/twister-out/native_sim_native/host/homework.unit.ring_buf/zephyr/NSI/native/src/irq_ctrl.gcda is included (trace)...
(DEBUG)   No filter matched.
(DEBUG) --> File is excluded.
(DEBUG) Check if /home/sufyan/Zephyr_IOMICO/zephyr-course/twister-out/native_sim_native/host/homework.unit.ring_buf/zephyr/NSI/native/src/irq_ctrl.gcda is included (trace)...
(DEBUG) --> File is excluded.
(DEBUG) Check if irq_ctrl.c##e27b3640a3bbe73a7efba56ebfebe589.gcov is included (gcov file)...
(DEBUG)   Filter AlwaysMatchFilter() matched.
(DEBUG) --> File is included.
(DEBUG) Check if nsi_hw_scheduler.h##3aa335cb6939879969c80454f3913ba5.gcov is included (gcov file)...
(DEBUG) --> File is included.
(DEBUG) Check if nsi_internal.h##ce464f95a6623482b925e32b879e3efe.gcov is included (gcov file)...
(DEBUG)   Filter AlwaysMatchFilter() matched.
(DEBUG) --> File is included.
(DEBUG) Check if /home/sufyan/Zephyr_IOMICO/zephyr-course/app/modules/ring_buf/nsi_hw_scheduler.h##3aa335cb6939879969c80454f3913ba5.gcov is included (trace)...
(DEBUG) --> File is excluded.
(DEBUG) Finding source file corresponding to a gcov data file
  gcov_fname   /home/sufyan/Zephyr_IOMICO/zephyr-course/app/modules/ring_buf/nsi_hw_scheduler.h##3aa335cb6939879969c80454f3913ba5.gcov
  current_dir  /home/sufyan/Zephyr_IOMICO/zephyr-course/app/modules/ring_buf
  root         /home/sufyan/Zephyr_IOMICO/zephyr-course/app/modules/ring_buf
  starting_dir /home/sufyan/Zephyr_IOMICO/zephyr-course
  obj_dir      None
  gcda_fname   ../../../twister-out/native_sim_native/host/homework.unit.ring_buf/zephyr/NSI/native/src/irq_ctrl.gcda
  --> fname    /home/sufyan/Zephyr_IOMICO/deps/zephyr/scripts/native_simulator/common/src/include/nsi_hw_scheduler.h
(DEBUG) Check if /home/sufyan/Zephyr_IOMICO/deps/zephyr/scripts/native_simulator/common/src/include/nsi_hw_scheduler.h is included (source file)...
(DEBUG) --> File is excluded.
(DEBUG) Check if /home/sufyan/Zephyr_IOMICO/zephyr-course/app/modules/ring_buf/irq_ctrl.c##e27b3640a3bbe73a7efba56ebfebe589.gcov is included (trace)...
(DEBUG)   No filter matched.
(DEBUG) --> File is excluded.
(DEBUG) Finding source file corresponding to a gcov data file
  gcov_fname   /home/sufyan/Zephyr_IOMICO/zephyr-course/app/modules/ring_buf/irq_ctrl.c##e27b3640a3bbe73a7efba56ebfebe589.gcov
  current_dir  /home/sufyan/Zephyr_IOMICO/zephyr-course/app/modules/ring_buf
  root         /home/sufyan/Zephyr_IOMICO/zephyr-course/app/modules/ring_buf
  starting_dir /home/sufyan/Zephyr_IOMICO/zephyr-course
  obj_dir      None
  gcda_fname   ../../../twister-out/native_sim_native/host/homework.unit.ring_buf/zephyr/NSI/native/src/irq_ctrl.gcda
  --> fname    /home/sufyan/Zephyr_IOMICO/deps/zephyr/scripts/native_simulator/native/src/irq_ctrl.c
(DEBUG) Check if /home/sufyan/Zephyr_IOMICO/deps/zephyr/scripts/native_simulator/native/src/irq_ctrl.c is included (source file)...
(DEBUG)   No filter matched.
(DEBUG) --> File is excluded.
(DEBUG) Check if /home/sufyan/Zephyr_IOMICO/zephyr-course/app/modules/ring_buf/nsi_internal.h##ce464f95a6623482b925e32b879e3efe.gcov is included (trace)...
(DEBUG)   No filter matched.
(DEBUG) --> File is excluded.
(DEBUG) Finding source file corresponding to a gcov data file
  gcov_fname   /home/sufyan/Zephyr_IOMICO/zephyr-course/app/modules/ring_buf/nsi_internal.h##ce464f95a6623482b925e32b879e3efe.gcov
  current_dir  /home/sufyan/Zephyr_IOMICO/zephyr-course/app/modules/ring_buf
  root         /home/sufyan/Zephyr_IOMICO/zephyr-course/app/modules/ring_buf
  starting_dir /home/sufyan/Zephyr_IOMICO/zephyr-course
  obj_dir      None
  gcda_fname   ../../../twister-out/native_sim_native/host/homework.unit.ring_buf/zephyr/NSI/native/src/irq_ctrl.gcda
  --> fname    /home/sufyan/Zephyr_IOMICO/deps/zephyr/scripts/native_simulator/common/src/nsi_internal.h
(DEBUG) Check if /home/sufyan/Zephyr_IOMICO/deps/zephyr/scripts/native_simulator/common/src/nsi_internal.h is included (source file)...
(DEBUG)   No filter matched.
(DEBUG) --> File is excluded.
(DEBUG) Check if /home/sufyan/Zephyr_IOMICO/zephyr-course/twister-out/native_sim_native/host/homework.unit.ring_buf/zephyr/NSI/native/src/native_rtc.gcda is included (trace)...
(DEBUG)   No filter matched.
(DEBUG) --> File is excluded.
(DEBUG) Check if /home/sufyan/Zephyr_IOMICO/zephyr-course/twister-out/native_sim_native/host/homework.unit.ring_buf/zephyr/NSI/native/src/native_rtc.gcda is included (trace)...
(DEBUG) --> File is excluded.
(DEBUG) Check if native_rtc.c##e95c442fd0abe849fd9f560dadec408f.gcov is included (gcov file)...
(DEBUG)   Filter AlwaysMatchFilter() matched.
(DEBUG) --> File is included.
(DEBUG) Check if nsi_hw_scheduler.h##3aa335cb6939879969c80454f3913ba5.gcov is included (gcov file)...
(DEBUG) --> File is included.
(DEBUG) Check if /home/sufyan/Zephyr_IOMICO/zephyr-course/app/modules/ring_buf/nsi_hw_scheduler.h##3aa335cb6939879969c80454f3913ba5.gcov is included (trace)...
(DEBUG) --> File is excluded.
(DEBUG) Finding source file corresponding to a gcov data file
  gcov_fname   /home/sufyan/Zephyr_IOMICO/zephyr-course/app/modules/ring_buf/nsi_hw_scheduler.h##3aa335cb6939879969c80454f3913ba5.gcov
  current_dir  /home/sufyan/Zephyr_IOMICO/zephyr-course/app/modules/ring_buf
  root         /home/sufyan/Zephyr_IOMICO/zephyr-course/app/modules/ring_buf
  starting_dir /home/sufyan/Zephyr_IOMICO/zephyr-course
  obj_dir      None
  gcda_fname   ../../../twister-out/native_sim_native/host/homework.unit.ring_buf/zephyr/NSI/native/src/native_rtc.gcda
  --> fname    /home/sufyan/Zephyr_IOMICO/deps/zephyr/scripts/native_simulator/common/src/include/nsi_hw_scheduler.h
(DEBUG) Check if /home/sufyan/Zephyr_IOMICO/deps/zephyr/scripts/native_simulator/common/src/include/nsi_hw_scheduler.h is included (source file)...
(DEBUG) --> File is excluded.
(DEBUG) Check if /home/sufyan/Zephyr_IOMICO/zephyr-course/app/modules/ring_buf/native_rtc.c##e95c442fd0abe849fd9f560dadec408f.gcov is included (trace)...
(DEBUG)   No filter matched.
(DEBUG) --> File is excluded.
(DEBUG) Finding source file corresponding to a gcov data file
  gcov_fname   /home/sufyan/Zephyr_IOMICO/zephyr-course/app/modules/ring_buf/native_rtc.c##e95c442fd0abe849fd9f560dadec408f.gcov
  current_dir  /home/sufyan/Zephyr_IOMICO/zephyr-course/app/modules/ring_buf
  root         /home/sufyan/Zephyr_IOMICO/zephyr-course/app/modules/ring_buf
  starting_dir /home/sufyan/Zephyr_IOMICO/zephyr-course
  obj_dir      None
  gcda_fname   ../../../twister-out/native_sim_native/host/homework.unit.ring_buf/zephyr/NSI/native/src/native_rtc.gcda
  --> fname    /home/sufyan/Zephyr_IOMICO/deps/zephyr/scripts/native_simulator/native/src/native_rtc.c
(DEBUG) Check if /home/sufyan/Zephyr_IOMICO/deps/zephyr/scripts/native_simulator/native/src/native_rtc.c is included (source file)...
(DEBUG)   No filter matched.
(DEBUG) --> File is excluded.
(DEBUG) Check if /home/sufyan/Zephyr_IOMICO/zephyr-course/twister-out/native_sim_native/host/homework.unit.ring_buf/zephyr/NSI/native/src/nsi_cmdline.gcda is included (trace)...
(DEBUG)   No filter matched.
(DEBUG) --> File is excluded.
(DEBUG) Check if /home/sufyan/Zephyr_IOMICO/zephyr-course/twister-out/native_sim_native/host/homework.unit.ring_buf/zephyr/NSI/native/src/nsi_cmdline.gcda is included (trace)...
(DEBUG) --> File is excluded.
(DEBUG) Check if nsi_cmdline.c##a57374fbdc5db22966321a0654adad58.gcov is included (gcov file)...
(DEBUG)   Filter AlwaysMatchFilter() matched.
(DEBUG) --> File is included.
(DEBUG) Check if /home/sufyan/Zephyr_IOMICO/zephyr-course/app/modules/ring_buf/nsi_cmdline.c##a57374fbdc5db22966321a0654adad58.gcov is included (trace)...
(DEBUG)   No filter matched.
(DEBUG) --> File is excluded.
(DEBUG) Finding source file corresponding to a gcov data file
  gcov_fname   /home/sufyan/Zephyr_IOMICO/zephyr-course/app/modules/ring_buf/nsi_cmdline.c##a57374fbdc5db22966321a0654adad58.gcov
  current_dir  /home/sufyan/Zephyr_IOMICO/zephyr-course/app/modules/ring_buf
  root         /home/sufyan/Zephyr_IOMICO/zephyr-course/app/modules/ring_buf
  starting_dir /home/sufyan/Zephyr_IOMICO/zephyr-course
  obj_dir      None
  gcda_fname   ../../../twister-out/native_sim_native/host/homework.unit.ring_buf/zephyr/NSI/native/src/nsi_cmdline.gcda
  --> fname    /home/sufyan/Zephyr_IOMICO/deps/zephyr/scripts/native_simulator/native/src/nsi_cmdline.c
(DEBUG) Check if /home/sufyan/Zephyr_IOMICO/deps/zephyr/scripts/native_simulator/native/src/nsi_cmdline.c is included (source file)...
(DEBUG)   No filter matched.
(DEBUG) --> File is excluded.
(DEBUG) Check if /home/sufyan/Zephyr_IOMICO/zephyr-course/twister-out/native_sim_native/host/homework.unit.ring_buf/zephyr/NSI/native/src/nsi_cmdline_common.gcda is included (trace)...
(DEBUG)   No filter matched.
(DEBUG) --> File is excluded.
(DEBUG) Check if /home/sufyan/Zephyr_IOMICO/zephyr-course/twister-out/native_sim_native/host/homework.unit.ring_buf/zephyr/NSI/native/src/nsi_cmdline_common.gcda is included (trace)...
(DEBUG) --> File is excluded.
(DEBUG) Check if nsi_cmdline_common.c##5fd9492bcd842d2d7235ee962cded948.gcov is included (gcov file)...
(DEBUG)   Filter AlwaysMatchFilter() matched.
(DEBUG) --> File is included.
(DEBUG) Check if /home/sufyan/Zephyr_IOMICO/zephyr-course/app/modules/ring_buf/nsi_cmdline_common.c##5fd9492bcd842d2d7235ee962cded948.gcov is included (trace)...
(DEBUG)   No filter matched.
(DEBUG) --> File is excluded.
(DEBUG) Finding source file corresponding to a gcov data file
  gcov_fname   /home/sufyan/Zephyr_IOMICO/zephyr-course/app/modules/ring_buf/nsi_cmdline_common.c##5fd9492bcd842d2d7235ee962cded948.gcov
  current_dir  /home/sufyan/Zephyr_IOMICO/zephyr-course/app/modules/ring_buf
  root         /home/sufyan/Zephyr_IOMICO/zephyr-course/app/modules/ring_buf
  starting_dir /home/sufyan/Zephyr_IOMICO/zephyr-course
  obj_dir      None
  gcda_fname   ../../../twister-out/native_sim_native/host/homework.unit.ring_buf/zephyr/NSI/native/src/nsi_cmdline_common.gcda
  --> fname    /home/sufyan/Zephyr_IOMICO/deps/zephyr/scripts/native_simulator/native/src/nsi_cmdline_common.c
(DEBUG) Check if /home/sufyan/Zephyr_IOMICO/deps/zephyr/scripts/native_simulator/native/src/nsi_cmdline_common.c is included (source file)...
(DEBUG)   No filter matched.
(DEBUG) --> File is excluded.
(DEBUG) Check if /home/sufyan/Zephyr_IOMICO/zephyr-course/twister-out/native_sim_native/host/homework.unit.ring_buf/zephyr/NSI/native/src/nsi_trace.gcda is included (trace)...
(DEBUG)   No filter matched.
(DEBUG) --> File is excluded.
(DEBUG) Check if /home/sufyan/Zephyr_IOMICO/zephyr-course/twister-out/native_sim_native/host/homework.unit.ring_buf/zephyr/NSI/native/src/nsi_trace.gcda is included (trace)...
(DEBUG) --> File is excluded.
(DEBUG) Check if nsi_trace.c##374300908229153bb37035827d4ed68c.gcov is included (gcov file)...
(DEBUG)   Filter AlwaysMatchFilter() matched.
(DEBUG) --> File is included.
(DEBUG) Check if /home/sufyan/Zephyr_IOMICO/zephyr-course/app/modules/ring_buf/nsi_trace.c##374300908229153bb37035827d4ed68c.gcov is included (trace)...
(DEBUG)   No filter matched.
(DEBUG) --> File is excluded.
(DEBUG) Finding source file corresponding to a gcov data file
  gcov_fname   /home/sufyan/Zephyr_IOMICO/zephyr-course/app/modules/ring_buf/nsi_trace.c##374300908229153bb37035827d4ed68c.gcov
  current_dir  /home/sufyan/Zephyr_IOMICO/zephyr-course/app/modules/ring_buf
  root         /home/sufyan/Zephyr_IOMICO/zephyr-course/app/modules/ring_buf
  starting_dir /home/sufyan/Zephyr_IOMICO/zephyr-course
  obj_dir      None
  gcda_fname   ../../../twister-out/native_sim_native/host/homework.unit.ring_buf/zephyr/NSI/native/src/nsi_trace.gcda
  --> fname    /home/sufyan/Zephyr_IOMICO/deps/zephyr/scripts/native_simulator/native/src/nsi_trace.c
(DEBUG) Check if /home/sufyan/Zephyr_IOMICO/deps/zephyr/scripts/native_simulator/native/src/nsi_trace.c is included (source file)...
(DEBUG)   No filter matched.
(DEBUG) --> File is excluded.
(DEBUG) Check if /home/sufyan/Zephyr_IOMICO/zephyr-course/twister-out/native_sim_native/host/homework.unit.ring_buf/zephyr/NSI/native/src/timer_model.gcda is included (trace)...
(DEBUG)   No filter matched.
(DEBUG) --> File is excluded.
(DEBUG) Check if /home/sufyan/Zephyr_IOMICO/zephyr-course/twister-out/native_sim_native/host/homework.unit.ring_buf/zephyr/NSI/native/src/timer_model.gcda is included (trace)...
(DEBUG) --> File is excluded.
(DEBUG) Check if timer_model.c##a9be0e68a5ed1314b8d281511f1b1f19.gcov is included (gcov file)...
(DEBUG)   Filter AlwaysMatchFilter() matched.
(DEBUG) --> File is included.
(DEBUG) Check if nsi_hw_scheduler.h##3aa335cb6939879969c80454f3913ba5.gcov is included (gcov file)...
(DEBUG) --> File is included.
(DEBUG) Check if /home/sufyan/Zephyr_IOMICO/zephyr-course/app/modules/ring_buf/nsi_hw_scheduler.h##3aa335cb6939879969c80454f3913ba5.gcov is included (trace)...
(DEBUG) --> File is excluded.
(DEBUG) Finding source file corresponding to a gcov data file
  gcov_fname   /home/sufyan/Zephyr_IOMICO/zephyr-course/app/modules/ring_buf/nsi_hw_scheduler.h##3aa335cb6939879969c80454f3913ba5.gcov
  current_dir  /home/sufyan/Zephyr_IOMICO/zephyr-course/app/modules/ring_buf
  root         /home/sufyan/Zephyr_IOMICO/zephyr-course/app/modules/ring_buf
  starting_dir /home/sufyan/Zephyr_IOMICO/zephyr-course
  obj_dir      None
  gcda_fname   ../../../twister-out/native_sim_native/host/homework.unit.ring_buf/zephyr/NSI/native/src/timer_model.gcda
  --> fname    /home/sufyan/Zephyr_IOMICO/deps/zephyr/scripts/native_simulator/common/src/include/nsi_hw_scheduler.h
(DEBUG) Check if /home/sufyan/Zephyr_IOMICO/deps/zephyr/scripts/native_simulator/common/src/include/nsi_hw_scheduler.h is included (source file)...
(DEBUG) --> File is excluded.
(DEBUG) Check if /home/sufyan/Zephyr_IOMICO/zephyr-course/app/modules/ring_buf/timer_model.c##a9be0e68a5ed1314b8d281511f1b1f19.gcov is included (trace)...
(DEBUG)   No filter matched.
(DEBUG) --> File is excluded.
(DEBUG) Finding source file corresponding to a gcov data file
  gcov_fname   /home/sufyan/Zephyr_IOMICO/zephyr-course/app/modules/ring_buf/timer_model.c##a9be0e68a5ed1314b8d281511f1b1f19.gcov
  current_dir  /home/sufyan/Zephyr_IOMICO/zephyr-course/app/modules/ring_buf
  root         /home/sufyan/Zephyr_IOMICO/zephyr-course/app/modules/ring_buf
  starting_dir /home/sufyan/Zephyr_IOMICO/zephyr-course
  obj_dir      None
  gcda_fname   ../../../twister-out/native_sim_native/host/homework.unit.ring_buf/zephyr/NSI/native/src/timer_model.gcda
  --> fname    /home/sufyan/Zephyr_IOMICO/deps/zephyr/scripts/native_simulator/native/src/timer_model.c
(DEBUG) Check if /home/sufyan/Zephyr_IOMICO/deps/zephyr/scripts/native_simulator/native/src/timer_model.c is included (source file)...
(DEBUG)   No filter matched.
(DEBUG) --> File is excluded.
(DEBUG) Check if /home/sufyan/Zephyr_IOMICO/zephyr-course/twister-out/native_sim_native/host/homework.unit.ring_buf/zephyr/arch/arch/posix/core/CMakeFiles/arch__posix__core.dir/cpuhalt.c.gcda is included (trace)...
(DEBUG)   No filter matched.
(DEBUG) --> File is excluded.
(DEBUG) Check if /home/sufyan/Zephyr_IOMICO/zephyr-course/twister-out/native_sim_native/host/homework.unit.ring_buf/zephyr/arch/arch/posix/core/CMakeFiles/arch__posix__core.dir/cpuhalt.c.gcda is included (trace)...
(DEBUG) --> File is excluded.
(DEBUG) Check if cpuhalt.c##d2eb33386afa8d4da64b64a9856e7c2a.gcov is included (gcov file)...
(DEBUG)   Filter AlwaysMatchFilter() matched.
(DEBUG) --> File is included.
(DEBUG) Check if /home/sufyan/Zephyr_IOMICO/zephyr-course/app/modules/ring_buf/cpuhalt.c##d2eb33386afa8d4da64b64a9856e7c2a.gcov is included (trace)...
(DEBUG)   No filter matched.
(DEBUG) --> File is excluded.
(DEBUG) Finding source file corresponding to a gcov data file
  gcov_fname   /home/sufyan/Zephyr_IOMICO/zephyr-course/app/modules/ring_buf/cpuhalt.c##d2eb33386afa8d4da64b64a9856e7c2a.gcov
  current_dir  /home/sufyan/Zephyr_IOMICO/zephyr-course/app/modules/ring_buf
  root         /home/sufyan/Zephyr_IOMICO/zephyr-course/app/modules/ring_buf
  starting_dir /home/sufyan/Zephyr_IOMICO/zephyr-course
  obj_dir      None
  gcda_fname   ../../../twister-out/native_sim_native/host/homework.unit.ring_buf/zephyr/arch/arch/posix/core/CMakeFiles/arch__posix__core.dir/cpuhalt.c.gcda
  --> fname    /home/sufyan/Zephyr_IOMICO/deps/zephyr/arch/posix/core/cpuhalt.c
(DEBUG) Check if /home/sufyan/Zephyr_IOMICO/deps/zephyr/arch/posix/core/cpuhalt.c is included (source file)...
(DEBUG)   No filter matched.
(DEBUG) --> File is excluded.
(DEBUG) Check if /home/sufyan/Zephyr_IOMICO/zephyr-course/twister-out/native_sim_native/host/homework.unit.ring_buf/zephyr/arch/arch/posix/core/CMakeFiles/arch__posix__core.dir/fatal.c.gcda is included (trace)...
(DEBUG)   No filter matched.
(DEBUG) --> File is excluded.
(DEBUG) Check if /home/sufyan/Zephyr_IOMICO/zephyr-course/twister-out/native_sim_native/host/homework.unit.ring_buf/zephyr/arch/arch/posix/core/CMakeFiles/arch__posix__core.dir/fatal.c.gcda is included (trace)...
(DEBUG) --> File is excluded.
(DEBUG) Check if fatal.c##29561b5f985355a0780d890ef25d6d44.gcov is included (gcov file)...
(DEBUG)   Filter AlwaysMatchFilter() matched.
(DEBUG) --> File is included.
(DEBUG) Check if /home/sufyan/Zephyr_IOMICO/zephyr-course/app/modules/ring_buf/fatal.c##29561b5f985355a0780d890ef25d6d44.gcov is included (trace)...
(DEBUG)   No filter matched.
(DEBUG) --> File is excluded.
(DEBUG) Finding source file corresponding to a gcov data file
  gcov_fname   /home/sufyan/Zephyr_IOMICO/zephyr-course/app/modules/ring_buf/fatal.c##29561b5f985355a0780d890ef25d6d44.gcov
  current_dir  /home/sufyan/Zephyr_IOMICO/zephyr-course/app/modules/ring_buf
  root         /home/sufyan/Zephyr_IOMICO/zephyr-course/app/modules/ring_buf
  starting_dir /home/sufyan/Zephyr_IOMICO/zephyr-course
  obj_dir      None
  gcda_fname   ../../../twister-out/native_sim_native/host/homework.unit.ring_buf/zephyr/arch/arch/posix/core/CMakeFiles/arch__posix__core.dir/fatal.c.gcda
  --> fname    /home/sufyan/Zephyr_IOMICO/deps/zephyr/arch/posix/core/fatal.c
(DEBUG) Check if /home/sufyan/Zephyr_IOMICO/deps/zephyr/arch/posix/core/fatal.c is included (source file)...
(DEBUG)   No filter matched.
(DEBUG) --> File is excluded.
(DEBUG) Check if /home/sufyan/Zephyr_IOMICO/zephyr-course/twister-out/native_sim_native/host/homework.unit.ring_buf/zephyr/arch/arch/posix/core/CMakeFiles/arch__posix__core.dir/irq.c.gcda is included (trace)...
(DEBUG)   No filter matched.
(DEBUG) --> File is excluded.
(DEBUG) Check if /home/sufyan/Zephyr_IOMICO/zephyr-course/twister-out/native_sim_native/host/homework.unit.ring_buf/zephyr/arch/arch/posix/core/CMakeFiles/arch__posix__core.dir/irq.c.gcda is included (trace)...
(DEBUG) --> File is excluded.
(DEBUG) Check if irq.c##0da0a4d1c9d50c9bea33f29c0d3bc1c8.gcov is included (gcov file)...
(DEBUG)   Filter AlwaysMatchFilter() matched.
(DEBUG) --> File is included.
(DEBUG) Check if /home/sufyan/Zephyr_IOMICO/zephyr-course/app/modules/ring_buf/irq.c##0da0a4d1c9d50c9bea33f29c0d3bc1c8.gcov is included (trace)...
(DEBUG)   No filter matched.
(DEBUG) --> File is excluded.
(DEBUG) Finding source file corresponding to a gcov data file
  gcov_fname   /home/sufyan/Zephyr_IOMICO/zephyr-course/app/modules/ring_buf/irq.c##0da0a4d1c9d50c9bea33f29c0d3bc1c8.gcov
  current_dir  /home/sufyan/Zephyr_IOMICO/zephyr-course/app/modules/ring_buf
  root         /home/sufyan/Zephyr_IOMICO/zephyr-course/app/modules/ring_buf
  starting_dir /home/sufyan/Zephyr_IOMICO/zephyr-course
  obj_dir      None
  gcda_fname   ../../../twister-out/native_sim_native/host/homework.unit.ring_buf/zephyr/arch/arch/posix/core/CMakeFiles/arch__posix__core.dir/irq.c.gcda
  --> fname    /home/sufyan/Zephyr_IOMICO/deps/zephyr/arch/posix/core/irq.c
(DEBUG) Check if /home/sufyan/Zephyr_IOMICO/deps/zephyr/arch/posix/core/irq.c is included (source file)...
(DEBUG)   No filter matched.
(DEBUG) --> File is excluded.
(DEBUG) Check if /home/sufyan/Zephyr_IOMICO/zephyr-course/twister-out/native_sim_native/host/homework.unit.ring_buf/zephyr/arch/arch/posix/core/CMakeFiles/arch__posix__core.dir/posix_core_nsi.c.gcda is included (trace)...
(DEBUG)   No filter matched.
(DEBUG) --> File is excluded.
(DEBUG) Check if /home/sufyan/Zephyr_IOMICO/zephyr-course/twister-out/native_sim_native/host/homework.unit.ring_buf/zephyr/arch/arch/posix/core/CMakeFiles/arch__posix__core.dir/posix_core_nsi.c.gcda is included (trace)...
(DEBUG) --> File is excluded.
(DEBUG) Check if posix_core_nsi.c##3b5b0a1cdfc93ba62d958490a06ab1dd.gcov is included (gcov file)...
(DEBUG)   Filter AlwaysMatchFilter() matched.
(DEBUG) --> File is included.
(DEBUG) Check if /home/sufyan/Zephyr_IOMICO/zephyr-course/app/modules/ring_buf/posix_core_nsi.c##3b5b0a1cdfc93ba62d958490a06ab1dd.gcov is included (trace)...
(DEBUG)   No filter matched.
(DEBUG) --> File is excluded.
(DEBUG) Finding source file corresponding to a gcov data file
  gcov_fname   /home/sufyan/Zephyr_IOMICO/zephyr-course/app/modules/ring_buf/posix_core_nsi.c##3b5b0a1cdfc93ba62d958490a06ab1dd.gcov
  current_dir  /home/sufyan/Zephyr_IOMICO/zephyr-course/app/modules/ring_buf
  root         /home/sufyan/Zephyr_IOMICO/zephyr-course/app/modules/ring_buf
  starting_dir /home/sufyan/Zephyr_IOMICO/zephyr-course
  obj_dir      None
  gcda_fname   ../../../twister-out/native_sim_native/host/homework.unit.ring_buf/zephyr/arch/arch/posix/core/CMakeFiles/arch__posix__core.dir/posix_core_nsi.c.gcda
  --> fname    /home/sufyan/Zephyr_IOMICO/deps/zephyr/arch/posix/core/posix_core_nsi.c
(DEBUG) Check if /home/sufyan/Zephyr_IOMICO/deps/zephyr/arch/posix/core/posix_core_nsi.c is included (source file)...
(DEBUG)   No filter matched.
(DEBUG) --> File is excluded.
(DEBUG) Check if /home/sufyan/Zephyr_IOMICO/zephyr-course/twister-out/native_sim_native/host/homework.unit.ring_buf/zephyr/arch/arch/posix/core/CMakeFiles/arch__posix__core.dir/swap.c.gcda is included (trace)...
(DEBUG)   No filter matched.
(DEBUG) --> File is excluded.
(DEBUG) Check if /home/sufyan/Zephyr_IOMICO/zephyr-course/twister-out/native_sim_native/host/homework.unit.ring_buf/zephyr/arch/arch/posix/core/CMakeFiles/arch__posix__core.dir/swap.c.gcda is included (trace)...
(DEBUG) --> File is excluded.
(DEBUG) Check if swap.c##deee6e3e6d2b973d66cc732758e11835.gcov is included (gcov file)...
(DEBUG)   Filter AlwaysMatchFilter() matched.
(DEBUG) --> File is included.
(DEBUG) Check if arch.h##dc70e81a221e00a96b5b011e55795c6f.gcov is included (gcov file)...
(DEBUG) --> File is included.
(DEBUG) Check if /home/sufyan/Zephyr_IOMICO/zephyr-course/app/modules/ring_buf/swap.c##deee6e3e6d2b973d66cc732758e11835.gcov is included (trace)...
(DEBUG)   No filter matched.
(DEBUG) --> File is excluded.
(DEBUG) Finding source file corresponding to a gcov data file
  gcov_fname   /home/sufyan/Zephyr_IOMICO/zephyr-course/app/modules/ring_buf/swap.c##deee6e3e6d2b973d66cc732758e11835.gcov
  current_dir  /home/sufyan/Zephyr_IOMICO/zephyr-course/app/modules/ring_buf
  root         /home/sufyan/Zephyr_IOMICO/zephyr-course/app/modules/ring_buf
  starting_dir /home/sufyan/Zephyr_IOMICO/zephyr-course
  obj_dir      None
  gcda_fname   ../../../twister-out/native_sim_native/host/homework.unit.ring_buf/zephyr/arch/arch/posix/core/CMakeFiles/arch__posix__core.dir/swap.c.gcda
  --> fname    /home/sufyan/Zephyr_IOMICO/deps/zephyr/arch/posix/core/swap.c
(DEBUG) Check if /home/sufyan/Zephyr_IOMICO/deps/zephyr/arch/posix/core/swap.c is included (source file)...
(DEBUG)   No filter matched.
(DEBUG) --> File is excluded.
(DEBUG) Check if /home/sufyan/Zephyr_IOMICO/zephyr-course/app/modules/ring_buf/arch.h##dc70e81a221e00a96b5b011e55795c6f.gcov is included (trace)...
(DEBUG) --> File is excluded.
(DEBUG) Finding source file corresponding to a gcov data file
  gcov_fname   /home/sufyan/Zephyr_IOMICO/zephyr-course/app/modules/ring_buf/arch.h##dc70e81a221e00a96b5b011e55795c6f.gcov
  current_dir  /home/sufyan/Zephyr_IOMICO/zephyr-course/app/modules/ring_buf
  root         /home/sufyan/Zephyr_IOMICO/zephyr-course/app/modules/ring_buf
  starting_dir /home/sufyan/Zephyr_IOMICO/zephyr-course
  obj_dir      None
  gcda_fname   ../../../twister-out/native_sim_native/host/homework.unit.ring_buf/zephyr/arch/arch/posix/core/CMakeFiles/arch__posix__core.dir/swap.c.gcda
  --> fname    /home/sufyan/Zephyr_IOMICO/deps/zephyr/include/zephyr/arch/posix/arch.h
(DEBUG) Check if /home/sufyan/Zephyr_IOMICO/deps/zephyr/include/zephyr/arch/posix/arch.h is included (source file)...
(DEBUG) --> File is excluded.
(DEBUG) Check if /home/sufyan/Zephyr_IOMICO/zephyr-course/twister-out/native_sim_native/host/homework.unit.ring_buf/zephyr/arch/arch/posix/core/CMakeFiles/arch__posix__core.dir/thread.c.gcda is included (trace)...
(DEBUG)   No filter matched.
(DEBUG) --> File is excluded.
(DEBUG) Check if /home/sufyan/Zephyr_IOMICO/zephyr-course/twister-out/native_sim_native/host/homework.unit.ring_buf/zephyr/arch/arch/posix/core/CMakeFiles/arch__posix__core.dir/thread.c.gcda is included (trace)...
(DEBUG) --> File is excluded.
(DEBUG) Check if thread.c##6917283b706940c484c2c22fa3a47057.gcov is included (gcov file)...
(DEBUG)   Filter AlwaysMatchFilter() matched.
(DEBUG) --> File is included.
(DEBUG) Check if arch.h##dc70e81a221e00a96b5b011e55795c6f.gcov is included (gcov file)...
(DEBUG) --> File is included.
(DEBUG) Check if /home/sufyan/Zephyr_IOMICO/zephyr-course/app/modules/ring_buf/arch.h##dc70e81a221e00a96b5b011e55795c6f.gcov is included (trace)...
(DEBUG) --> File is excluded.
(DEBUG) Finding source file corresponding to a gcov data file
  gcov_fname   /home/sufyan/Zephyr_IOMICO/zephyr-course/app/modules/ring_buf/arch.h##dc70e81a221e00a96b5b011e55795c6f.gcov
  current_dir  /home/sufyan/Zephyr_IOMICO/zephyr-course/app/modules/ring_buf
  root         /home/sufyan/Zephyr_IOMICO/zephyr-course/app/modules/ring_buf
  starting_dir /home/sufyan/Zephyr_IOMICO/zephyr-course
  obj_dir      None
  gcda_fname   ../../../twister-out/native_sim_native/host/homework.unit.ring_buf/zephyr/arch/arch/posix/core/CMakeFiles/arch__posix__core.dir/thread.c.gcda
  --> fname    /home/sufyan/Zephyr_IOMICO/deps/zephyr/include/zephyr/arch/posix/arch.h
(DEBUG) Check if /home/sufyan/Zephyr_IOMICO/deps/zephyr/include/zephyr/arch/posix/arch.h is included (source file)...
(DEBUG) --> File is excluded.
(DEBUG) Check if /home/sufyan/Zephyr_IOMICO/zephyr-course/app/modules/ring_buf/thread.c##6917283b706940c484c2c22fa3a47057.gcov is included (trace)...
(DEBUG)   No filter matched.
(DEBUG) --> File is excluded.
(DEBUG) Finding source file corresponding to a gcov data file
  gcov_fname   /home/sufyan/Zephyr_IOMICO/zephyr-course/app/modules/ring_buf/thread.c##6917283b706940c484c2c22fa3a47057.gcov
  current_dir  /home/sufyan/Zephyr_IOMICO/zephyr-course/app/modules/ring_buf
  root         /home/sufyan/Zephyr_IOMICO/zephyr-course/app/modules/ring_buf
  starting_dir /home/sufyan/Zephyr_IOMICO/zephyr-course
  obj_dir      None
  gcda_fname   ../../../twister-out/native_sim_native/host/homework.unit.ring_buf/zephyr/arch/arch/posix/core/CMakeFiles/arch__posix__core.dir/thread.c.gcda
  --> fname    /home/sufyan/Zephyr_IOMICO/deps/zephyr/arch/posix/core/thread.c
(DEBUG) Check if /home/sufyan/Zephyr_IOMICO/deps/zephyr/arch/posix/core/thread.c is included (source file)...
(DEBUG)   No filter matched.
(DEBUG) --> File is excluded.
(DEBUG) Check if /home/sufyan/Zephyr_IOMICO/zephyr-course/twister-out/native_sim_native/host/homework.unit.ring_buf/zephyr/boards/native/native_sim/CMakeFiles/boards__native__native_sim.dir/cmdline.c.gcda is included (trace)...
(DEBUG)   No filter matched.
(DEBUG) --> File is excluded.
(DEBUG) Check if /home/sufyan/Zephyr_IOMICO/zephyr-course/twister-out/native_sim_native/host/homework.unit.ring_buf/zephyr/boards/native/native_sim/CMakeFiles/boards__native__native_sim.dir/cmdline.c.gcda is included (trace)...
(DEBUG) --> File is excluded.
(DEBUG) Check if cmdline.c##96312a5e1cce86843b75e53bcd461bcc.gcov is included (gcov file)...
(DEBUG)   Filter AlwaysMatchFilter() matched.
(DEBUG) --> File is included.
(DEBUG) Check if /home/sufyan/Zephyr_IOMICO/zephyr-course/app/modules/ring_buf/cmdline.c##96312a5e1cce86843b75e53bcd461bcc.gcov is included (trace)...
(DEBUG)   No filter matched.
(DEBUG) --> File is excluded.
(DEBUG) Finding source file corresponding to a gcov data file
  gcov_fname   /home/sufyan/Zephyr_IOMICO/zephyr-course/app/modules/ring_buf/cmdline.c##96312a5e1cce86843b75e53bcd461bcc.gcov
  current_dir  /home/sufyan/Zephyr_IOMICO/zephyr-course/app/modules/ring_buf
  root         /home/sufyan/Zephyr_IOMICO/zephyr-course/app/modules/ring_buf
  starting_dir /home/sufyan/Zephyr_IOMICO/zephyr-course
  obj_dir      None
  gcda_fname   ../../../twister-out/native_sim_native/host/homework.unit.ring_buf/zephyr/boards/native/native_sim/CMakeFiles/boards__native__native_sim.dir/cmdline.c.gcda
  --> fname    /home/sufyan/Zephyr_IOMICO/deps/zephyr/boards/native/native_sim/cmdline.c
(DEBUG) Check if /home/sufyan/Zephyr_IOMICO/deps/zephyr/boards/native/native_sim/cmdline.c is included (source file)...
(DEBUG)   No filter matched.
(DEBUG) --> File is excluded.
(DEBUG) Check if /home/sufyan/Zephyr_IOMICO/zephyr-course/twister-out/native_sim_native/host/homework.unit.ring_buf/zephyr/boards/native/native_sim/CMakeFiles/boards__native__native_sim.dir/cpu_wait.c.gcda is included (trace)...
(DEBUG)   No filter matched.
(DEBUG) --> File is excluded.
(DEBUG) Check if /home/sufyan/Zephyr_IOMICO/zephyr-course/twister-out/native_sim_native/host/homework.unit.ring_buf/zephyr/boards/native/native_sim/CMakeFiles/boards__native__native_sim.dir/cpu_wait.c.gcda is included (trace)...
(DEBUG) --> File is excluded.
(DEBUG) Check if cpu_wait.c##e26c5d095b5f7a028ea38cc24c9ab1d2.gcov is included (gcov file)...
(DEBUG)   Filter AlwaysMatchFilter() matched.
(DEBUG) --> File is included.
(DEBUG) Check if nsi_hw_scheduler.h##3aa335cb6939879969c80454f3913ba5.gcov is included (gcov file)...
(DEBUG) --> File is included.
(DEBUG) Check if /home/sufyan/Zephyr_IOMICO/zephyr-course/app/modules/ring_buf/nsi_hw_scheduler.h##3aa335cb6939879969c80454f3913ba5.gcov is included (trace)...
(DEBUG) --> File is excluded.
(DEBUG) Finding source file corresponding to a gcov data file
  gcov_fname   /home/sufyan/Zephyr_IOMICO/zephyr-course/app/modules/ring_buf/nsi_hw_scheduler.h##3aa335cb6939879969c80454f3913ba5.gcov
  current_dir  /home/sufyan/Zephyr_IOMICO/zephyr-course/app/modules/ring_buf
  root         /home/sufyan/Zephyr_IOMICO/zephyr-course/app/modules/ring_buf
  starting_dir /home/sufyan/Zephyr_IOMICO/zephyr-course
  obj_dir      None
  gcda_fname   ../../../twister-out/native_sim_native/host/homework.unit.ring_buf/zephyr/boards/native/native_sim/CMakeFiles/boards__native__native_sim.dir/cpu_wait.c.gcda
  --> fname    /home/sufyan/Zephyr_IOMICO/deps/zephyr/scripts/native_simulator/common/src/include/nsi_hw_scheduler.h
(DEBUG) Check if /home/sufyan/Zephyr_IOMICO/deps/zephyr/scripts/native_simulator/common/src/include/nsi_hw_scheduler.h is included (source file)...
(DEBUG) --> File is excluded.
(DEBUG) Check if /home/sufyan/Zephyr_IOMICO/zephyr-course/app/modules/ring_buf/cpu_wait.c##e26c5d095b5f7a028ea38cc24c9ab1d2.gcov is included (trace)...
(DEBUG)   No filter matched.
(DEBUG) --> File is excluded.
(DEBUG) Finding source file corresponding to a gcov data file
  gcov_fname   /home/sufyan/Zephyr_IOMICO/zephyr-course/app/modules/ring_buf/cpu_wait.c##e26c5d095b5f7a028ea38cc24c9ab1d2.gcov
  current_dir  /home/sufyan/Zephyr_IOMICO/zephyr-course/app/modules/ring_buf
  root         /home/sufyan/Zephyr_IOMICO/zephyr-course/app/modules/ring_buf
  starting_dir /home/sufyan/Zephyr_IOMICO/zephyr-course
  obj_dir      None
  gcda_fname   ../../../twister-out/native_sim_native/host/homework.unit.ring_buf/zephyr/boards/native/native_sim/CMakeFiles/boards__native__native_sim.dir/cpu_wait.c.gcda
  --> fname    /home/sufyan/Zephyr_IOMICO/deps/zephyr/boards/native/native_sim/cpu_wait.c
(DEBUG) Check if /home/sufyan/Zephyr_IOMICO/deps/zephyr/boards/native/native_sim/cpu_wait.c is included (source file)...
(DEBUG)   No filter matched.
(DEBUG) --> File is excluded.
(DEBUG) Check if /home/sufyan/Zephyr_IOMICO/zephyr-course/twister-out/native_sim_native/host/homework.unit.ring_buf/zephyr/boards/native/native_sim/CMakeFiles/boards__native__native_sim.dir/irq_handler.c.gcda is included (trace)...
(DEBUG)   No filter matched.
(DEBUG) --> File is excluded.
(DEBUG) Check if /home/sufyan/Zephyr_IOMICO/zephyr-course/twister-out/native_sim_native/host/homework.unit.ring_buf/zephyr/boards/native/native_sim/CMakeFiles/boards__native__native_sim.dir/irq_handler.c.gcda is included (trace)...
(DEBUG) --> File is excluded.
(DEBUG) Check if irq_handler.c##573ac2a8066397d65630386d61c8a566.gcov is included (gcov file)...
(DEBUG)   Filter AlwaysMatchFilter() matched.
(DEBUG) --> File is included.
(DEBUG) Check if kswap.h##9a5fdfd549e93061b332a272726a5dc5.gcov is included (gcov file)...
(DEBUG)   Filter AlwaysMatchFilter() matched.
(DEBUG) --> File is included.
(DEBUG) Check if /home/sufyan/Zephyr_IOMICO/zephyr-course/app/modules/ring_buf/irq_handler.c##573ac2a8066397d65630386d61c8a566.gcov is included (trace)...
(DEBUG)   No filter matched.
(DEBUG) --> File is excluded.
(DEBUG) Finding source file corresponding to a gcov data file
  gcov_fname   /home/sufyan/Zephyr_IOMICO/zephyr-course/app/modules/ring_buf/irq_handler.c##573ac2a8066397d65630386d61c8a566.gcov
  current_dir  /home/sufyan/Zephyr_IOMICO/zephyr-course/app/modules/ring_buf
  root         /home/sufyan/Zephyr_IOMICO/zephyr-course/app/modules/ring_buf
  starting_dir /home/sufyan/Zephyr_IOMICO/zephyr-course
  obj_dir      None
  gcda_fname   ../../../twister-out/native_sim_native/host/homework.unit.ring_buf/zephyr/boards/native/native_sim/CMakeFiles/boards__native__native_sim.dir/irq_handler.c.gcda
  --> fname    /home/sufyan/Zephyr_IOMICO/deps/zephyr/boards/native/native_sim/irq_handler.c
(DEBUG) Check if /home/sufyan/Zephyr_IOMICO/deps/zephyr/boards/native/native_sim/irq_handler.c is included (source file)...
(DEBUG)   No filter matched.
(DEBUG) --> File is excluded.
(DEBUG) Check if /home/sufyan/Zephyr_IOMICO/zephyr-course/app/modules/ring_buf/kswap.h##9a5fdfd549e93061b332a272726a5dc5.gcov is included (trace)...
(DEBUG)   No filter matched.
(DEBUG) --> File is excluded.
(DEBUG) Finding source file corresponding to a gcov data file
  gcov_fname   /home/sufyan/Zephyr_IOMICO/zephyr-course/app/modules/ring_buf/kswap.h##9a5fdfd549e93061b332a272726a5dc5.gcov
  current_dir  /home/sufyan/Zephyr_IOMICO/zephyr-course/app/modules/ring_buf
  root         /home/sufyan/Zephyr_IOMICO/zephyr-course/app/modules/ring_buf
  starting_dir /home/sufyan/Zephyr_IOMICO/zephyr-course
  obj_dir      None
  gcda_fname   ../../../twister-out/native_sim_native/host/homework.unit.ring_buf/zephyr/boards/native/native_sim/CMakeFiles/boards__native__native_sim.dir/irq_handler.c.gcda
  --> fname    /home/sufyan/Zephyr_IOMICO/deps/zephyr/kernel/include/kswap.h
(DEBUG) Check if /home/sufyan/Zephyr_IOMICO/deps/zephyr/kernel/include/kswap.h is included (source file)...
(DEBUG)   No filter matched.
(DEBUG) --> File is excluded.
(DEBUG) Check if /home/sufyan/Zephyr_IOMICO/zephyr-course/twister-out/native_sim_native/host/homework.unit.ring_buf/zephyr/boards/native/native_sim/CMakeFiles/boards__native__native_sim.dir/misc.c.gcno is included (trace)...
(DEBUG)   No filter matched.
(DEBUG) --> File is excluded.
(DEBUG) Check if /home/sufyan/Zephyr_IOMICO/zephyr-course/twister-out/native_sim_native/host/homework.unit.ring_buf/zephyr/boards/native/native_sim/CMakeFiles/boards__native__native_sim.dir/misc.c.gcno is included (trace)...
(DEBUG) --> File is excluded.
(DEBUG) Check if /home/sufyan/Zephyr_IOMICO/zephyr-course/twister-out/native_sim_native/host/homework.unit.ring_buf/zephyr/boards/native/native_sim/CMakeFiles/boards__native__native_sim.dir/nsi_if.c.gcda is included (trace)...
(DEBUG)   No filter matched.
(DEBUG) --> File is excluded.
(DEBUG) Check if /home/sufyan/Zephyr_IOMICO/zephyr-course/twister-out/native_sim_native/host/homework.unit.ring_buf/zephyr/boards/native/native_sim/CMakeFiles/boards__native__native_sim.dir/nsi_if.c.gcda is included (trace)...
(DEBUG) --> File is excluded.
(DEBUG) Check if nsi_if.c##8c0d1d6955f16bac0a7c711cc7fe5133.gcov is included (gcov file)...
(DEBUG)   Filter AlwaysMatchFilter() matched.
(DEBUG) --> File is included.
(DEBUG) Check if /home/sufyan/Zephyr_IOMICO/zephyr-course/app/modules/ring_buf/nsi_if.c##8c0d1d6955f16bac0a7c711cc7fe5133.gcov is included (trace)...
(DEBUG)   No filter matched.
(DEBUG) --> File is excluded.
(DEBUG) Finding source file corresponding to a gcov data file
  gcov_fname   /home/sufyan/Zephyr_IOMICO/zephyr-course/app/modules/ring_buf/nsi_if.c##8c0d1d6955f16bac0a7c711cc7fe5133.gcov
  current_dir  /home/sufyan/Zephyr_IOMICO/zephyr-course/app/modules/ring_buf
  root         /home/sufyan/Zephyr_IOMICO/zephyr-course/app/modules/ring_buf
  starting_dir /home/sufyan/Zephyr_IOMICO/zephyr-course
  obj_dir      None
  gcda_fname   ../../../twister-out/native_sim_native/host/homework.unit.ring_buf/zephyr/boards/native/native_sim/CMakeFiles/boards__native__native_sim.dir/nsi_if.c.gcda
  --> fname    /home/sufyan/Zephyr_IOMICO/deps/zephyr/boards/native/native_sim/nsi_if.c
(DEBUG) Check if /home/sufyan/Zephyr_IOMICO/deps/zephyr/boards/native/native_sim/nsi_if.c is included (source file)...
(DEBUG)   No filter matched.
(DEBUG) --> File is excluded.
(DEBUG) Check if /home/sufyan/Zephyr_IOMICO/zephyr-course/twister-out/native_sim_native/host/homework.unit.ring_buf/zephyr/boards/native/native_sim/CMakeFiles/boards__native__native_sim.dir/posix_arch_if.c.gcda is included (trace)...
(DEBUG)   No filter matched.
(DEBUG) --> File is excluded.
(DEBUG) Check if /home/sufyan/Zephyr_IOMICO/zephyr-course/twister-out/native_sim_native/host/homework.unit.ring_buf/zephyr/boards/native/native_sim/CMakeFiles/boards__native__native_sim.dir/posix_arch_if.c.gcda is included (trace)...
(DEBUG) --> File is excluded.
(DEBUG) Check if posix_arch_if.c##92059abf181b3603e53662ffdd6d1f05.gcov is included (gcov file)...
(DEBUG)   Filter AlwaysMatchFilter() matched.
(DEBUG) --> File is included.
(DEBUG) Check if nsi_hw_scheduler.h##3aa335cb6939879969c80454f3913ba5.gcov is included (gcov file)...
(DEBUG) --> File is included.
(DEBUG) Check if /home/sufyan/Zephyr_IOMICO/zephyr-course/app/modules/ring_buf/posix_arch_if.c##92059abf181b3603e53662ffdd6d1f05.gcov is included (trace)...
(DEBUG)   No filter matched.
(DEBUG) --> File is excluded.
(DEBUG) Finding source file corresponding to a gcov data file
  gcov_fname   /home/sufyan/Zephyr_IOMICO/zephyr-course/app/modules/ring_buf/posix_arch_if.c##92059abf181b3603e53662ffdd6d1f05.gcov
  current_dir  /home/sufyan/Zephyr_IOMICO/zephyr-course/app/modules/ring_buf
  root         /home/sufyan/Zephyr_IOMICO/zephyr-course/app/modules/ring_buf
  starting_dir /home/sufyan/Zephyr_IOMICO/zephyr-course
  obj_dir      None
  gcda_fname   ../../../twister-out/native_sim_native/host/homework.unit.ring_buf/zephyr/boards/native/native_sim/CMakeFiles/boards__native__native_sim.dir/posix_arch_if.c.gcda
  --> fname    /home/sufyan/Zephyr_IOMICO/deps/zephyr/boards/native/native_sim/posix_arch_if.c
(DEBUG) Check if /home/sufyan/Zephyr_IOMICO/deps/zephyr/boards/native/native_sim/posix_arch_if.c is included (source file)...
(DEBUG)   No filter matched.
(DEBUG) --> File is excluded.
(DEBUG) Check if /home/sufyan/Zephyr_IOMICO/zephyr-course/app/modules/ring_buf/nsi_hw_scheduler.h##3aa335cb6939879969c80454f3913ba5.gcov is included (trace)...
(DEBUG) --> File is excluded.
(DEBUG) Finding source file corresponding to a gcov data file
  gcov_fname   /home/sufyan/Zephyr_IOMICO/zephyr-course/app/modules/ring_buf/nsi_hw_scheduler.h##3aa335cb6939879969c80454f3913ba5.gcov
  current_dir  /home/sufyan/Zephyr_IOMICO/zephyr-course/app/modules/ring_buf
  root         /home/sufyan/Zephyr_IOMICO/zephyr-course/app/modules/ring_buf
  starting_dir /home/sufyan/Zephyr_IOMICO/zephyr-course
  obj_dir      None
  gcda_fname   ../../../twister-out/native_sim_native/host/homework.unit.ring_buf/zephyr/boards/native/native_sim/CMakeFiles/boards__native__native_sim.dir/posix_arch_if.c.gcda
  --> fname    /home/sufyan/Zephyr_IOMICO/deps/zephyr/scripts/native_simulator/common/src/include/nsi_hw_scheduler.h
(DEBUG) Check if /home/sufyan/Zephyr_IOMICO/deps/zephyr/scripts/native_simulator/common/src/include/nsi_hw_scheduler.h is included (source file)...
(DEBUG) --> File is excluded.
(DEBUG) Check if /home/sufyan/Zephyr_IOMICO/zephyr-course/twister-out/native_sim_native/host/homework.unit.ring_buf/zephyr/drivers/console/CMakeFiles/drivers__console.dir/posix_arch_console.c.gcda is included (trace)...
(DEBUG)   No filter matched.
(DEBUG) --> File is excluded.
(DEBUG) Check if /home/sufyan/Zephyr_IOMICO/zephyr-course/twister-out/native_sim_native/host/homework.unit.ring_buf/zephyr/drivers/console/CMakeFiles/drivers__console.dir/posix_arch_console.c.gcda is included (trace)...
(DEBUG) --> File is excluded.
(DEBUG) Check if posix_arch_console.c##78893cb744b2893bb65ec757c5fb6ace.gcov is included (gcov file)...
(DEBUG)   Filter AlwaysMatchFilter() matched.
(DEBUG) --> File is included.
(DEBUG) Check if /home/sufyan/Zephyr_IOMICO/zephyr-course/app/modules/ring_buf/posix_arch_console.c##78893cb744b2893bb65ec757c5fb6ace.gcov is included (trace)...
(DEBUG)   No filter matched.
(DEBUG) --> File is excluded.
(DEBUG) Finding source file corresponding to a gcov data file
  gcov_fname   /home/sufyan/Zephyr_IOMICO/zephyr-course/app/modules/ring_buf/posix_arch_console.c##78893cb744b2893bb65ec757c5fb6ace.gcov
  current_dir  /home/sufyan/Zephyr_IOMICO/zephyr-course/app/modules/ring_buf
  root         /home/sufyan/Zephyr_IOMICO/zephyr-course/app/modules/ring_buf
  starting_dir /home/sufyan/Zephyr_IOMICO/zephyr-course
  obj_dir      None
  gcda_fname   ../../../twister-out/native_sim_native/host/homework.unit.ring_buf/zephyr/drivers/console/CMakeFiles/drivers__console.dir/posix_arch_console.c.gcda
  --> fname    /home/sufyan/Zephyr_IOMICO/deps/zephyr/drivers/console/posix_arch_console.c
(DEBUG) Check if /home/sufyan/Zephyr_IOMICO/deps/zephyr/drivers/console/posix_arch_console.c is included (source file)...
(DEBUG)   No filter matched.
(DEBUG) --> File is excluded.
(DEBUG) Check if /home/sufyan/Zephyr_IOMICO/zephyr-course/twister-out/native_sim_native/host/homework.unit.ring_buf/zephyr/drivers/timer/CMakeFiles/drivers__timer.dir/native_sim_timer.c.gcda is included (trace)...
(DEBUG)   No filter matched.
(DEBUG) --> File is excluded.
(DEBUG) Check if /home/sufyan/Zephyr_IOMICO/zephyr-course/twister-out/native_sim_native/host/homework.unit.ring_buf/zephyr/drivers/timer/CMakeFiles/drivers__timer.dir/native_sim_timer.c.gcda is included (trace)...
(DEBUG) --> File is excluded.
(DEBUG) Check if native_sim_timer.c##465021f4a16f395d5c7eda0774e226da.gcov is included (gcov file)...
(DEBUG)   Filter AlwaysMatchFilter() matched.
(DEBUG) --> File is included.
(DEBUG) Check if nsi_hw_scheduler.h##3aa335cb6939879969c80454f3913ba5.gcov is included (gcov file)...
(DEBUG) --> File is included.
(DEBUG) Check if /home/sufyan/Zephyr_IOMICO/zephyr-course/app/modules/ring_buf/nsi_hw_scheduler.h##3aa335cb6939879969c80454f3913ba5.gcov is included (trace)...
(DEBUG) --> File is excluded.
(DEBUG) Finding source file corresponding to a gcov data file
  gcov_fname   /home/sufyan/Zephyr_IOMICO/zephyr-course/app/modules/ring_buf/nsi_hw_scheduler.h##3aa335cb6939879969c80454f3913ba5.gcov
  current_dir  /home/sufyan/Zephyr_IOMICO/zephyr-course/app/modules/ring_buf
  root         /home/sufyan/Zephyr_IOMICO/zephyr-course/app/modules/ring_buf
  starting_dir /home/sufyan/Zephyr_IOMICO/zephyr-course
  obj_dir      None
  gcda_fname   ../../../twister-out/native_sim_native/host/homework.unit.ring_buf/zephyr/drivers/timer/CMakeFiles/drivers__timer.dir/native_sim_timer.c.gcda
  --> fname    /home/sufyan/Zephyr_IOMICO/deps/zephyr/scripts/native_simulator/common/src/include/nsi_hw_scheduler.h
(DEBUG) Check if /home/sufyan/Zephyr_IOMICO/deps/zephyr/scripts/native_simulator/common/src/include/nsi_hw_scheduler.h is included (source file)...
(DEBUG) --> File is excluded.
(DEBUG) Check if /home/sufyan/Zephyr_IOMICO/zephyr-course/app/modules/ring_buf/native_sim_timer.c##465021f4a16f395d5c7eda0774e226da.gcov is included (trace)...
(DEBUG)   No filter matched.
(DEBUG) --> File is excluded.
(DEBUG) Finding source file corresponding to a gcov data file
  gcov_fname   /home/sufyan/Zephyr_IOMICO/zephyr-course/app/modules/ring_buf/native_sim_timer.c##465021f4a16f395d5c7eda0774e226da.gcov
  current_dir  /home/sufyan/Zephyr_IOMICO/zephyr-course/app/modules/ring_buf
  root         /home/sufyan/Zephyr_IOMICO/zephyr-course/app/modules/ring_buf
  starting_dir /home/sufyan/Zephyr_IOMICO/zephyr-course
  obj_dir      None
  gcda_fname   ../../../twister-out/native_sim_native/host/homework.unit.ring_buf/zephyr/drivers/timer/CMakeFiles/drivers__timer.dir/native_sim_timer.c.gcda
  --> fname    /home/sufyan/Zephyr_IOMICO/deps/zephyr/drivers/timer/native_sim_timer.c
(DEBUG) Check if /home/sufyan/Zephyr_IOMICO/deps/zephyr/drivers/timer/native_sim_timer.c is included (source file)...
(DEBUG)   No filter matched.
(DEBUG) --> File is excluded.
(DEBUG) Check if /home/sufyan/Zephyr_IOMICO/zephyr-course/twister-out/native_sim_native/host/homework.unit.ring_buf/zephyr/drivers/timer/CMakeFiles/drivers__timer.dir/sys_clock_init.c.gcda is included (trace)...
(DEBUG)   No filter matched.
(DEBUG) --> File is excluded.
(DEBUG) Check if /home/sufyan/Zephyr_IOMICO/zephyr-course/twister-out/native_sim_native/host/homework.unit.ring_buf/zephyr/drivers/timer/CMakeFiles/drivers__timer.dir/sys_clock_init.c.gcda is included (trace)...
(DEBUG) --> File is excluded.
(DEBUG) Check if sys_clock_init.c##47f365defd804ffedb284eb1b88ba8a1.gcov is included (gcov file)...
(DEBUG)   Filter AlwaysMatchFilter() matched.
(DEBUG) --> File is included.
(DEBUG) Check if /home/sufyan/Zephyr_IOMICO/zephyr-course/app/modules/ring_buf/sys_clock_init.c##47f365defd804ffedb284eb1b88ba8a1.gcov is included (trace)...
(DEBUG)   No filter matched.
(DEBUG) --> File is excluded.
(DEBUG) Finding source file corresponding to a gcov data file
  gcov_fname   /home/sufyan/Zephyr_IOMICO/zephyr-course/app/modules/ring_buf/sys_clock_init.c##47f365defd804ffedb284eb1b88ba8a1.gcov
  current_dir  /home/sufyan/Zephyr_IOMICO/zephyr-course/app/modules/ring_buf
  root         /home/sufyan/Zephyr_IOMICO/zephyr-course/app/modules/ring_buf
  starting_dir /home/sufyan/Zephyr_IOMICO/zephyr-course
  obj_dir      None
  gcda_fname   ../../../twister-out/native_sim_native/host/homework.unit.ring_buf/zephyr/drivers/timer/CMakeFiles/drivers__timer.dir/sys_clock_init.c.gcda
  --> fname    /home/sufyan/Zephyr_IOMICO/deps/zephyr/drivers/timer/sys_clock_init.c
(DEBUG) Check if /home/sufyan/Zephyr_IOMICO/deps/zephyr/drivers/timer/sys_clock_init.c is included (source file)...
(DEBUG)   No filter matched.
(DEBUG) --> File is excluded.
(DEBUG) Check if /home/sufyan/Zephyr_IOMICO/zephyr-course/twister-out/native_sim_native/host/homework.unit.ring_buf/zephyr/kernel/CMakeFiles/kernel.dir/banner.c.gcda is included (trace)...
(DEBUG)   No filter matched.
(DEBUG) --> File is excluded.
(DEBUG) Check if /home/sufyan/Zephyr_IOMICO/zephyr-course/twister-out/native_sim_native/host/homework.unit.ring_buf/zephyr/kernel/CMakeFiles/kernel.dir/banner.c.gcda is included (trace)...
(DEBUG) --> File is excluded.
(DEBUG) Check if banner.c##1a23522dda582d6c30a4b5d20813fcd9.gcov is included (gcov file)...
(DEBUG)   Filter AlwaysMatchFilter() matched.
(DEBUG) --> File is included.
(DEBUG) Check if /home/sufyan/Zephyr_IOMICO/zephyr-course/app/modules/ring_buf/banner.c##1a23522dda582d6c30a4b5d20813fcd9.gcov is included (trace)...
(DEBUG)   No filter matched.
(DEBUG) --> File is excluded.
(DEBUG) Finding source file corresponding to a gcov data file
  gcov_fname   /home/sufyan/Zephyr_IOMICO/zephyr-course/app/modules/ring_buf/banner.c##1a23522dda582d6c30a4b5d20813fcd9.gcov
  current_dir  /home/sufyan/Zephyr_IOMICO/zephyr-course/app/modules/ring_buf
  root         /home/sufyan/Zephyr_IOMICO/zephyr-course/app/modules/ring_buf
  starting_dir /home/sufyan/Zephyr_IOMICO/zephyr-course
  obj_dir      None
  gcda_fname   ../../../twister-out/native_sim_native/host/homework.unit.ring_buf/zephyr/kernel/CMakeFiles/kernel.dir/banner.c.gcda
  --> fname    /home/sufyan/Zephyr_IOMICO/deps/zephyr/kernel/banner.c
(DEBUG) Check if /home/sufyan/Zephyr_IOMICO/deps/zephyr/kernel/banner.c is included (source file)...
(DEBUG)   No filter matched.
(DEBUG) --> File is excluded.
(DEBUG) Check if /home/sufyan/Zephyr_IOMICO/zephyr-course/twister-out/native_sim_native/host/homework.unit.ring_buf/zephyr/kernel/CMakeFiles/kernel.dir/busy_wait.c.gcno is included (trace)...
(DEBUG)   No filter matched.
(DEBUG) --> File is excluded.
(DEBUG) Check if /home/sufyan/Zephyr_IOMICO/zephyr-course/twister-out/native_sim_native/host/homework.unit.ring_buf/zephyr/kernel/CMakeFiles/kernel.dir/busy_wait.c.gcno is included (trace)...
(DEBUG) --> File is excluded.
(DEBUG) Check if busy_wait.c##466ff6347ed36b70b6bd085458feef33.gcov is included (gcov file)...
(DEBUG)   Filter AlwaysMatchFilter() matched.
(DEBUG) --> File is included.
(DEBUG) Check if /home/sufyan/Zephyr_IOMICO/zephyr-course/app/modules/ring_buf/busy_wait.c##466ff6347ed36b70b6bd085458feef33.gcov is included (trace)...
(DEBUG)   No filter matched.
(DEBUG) --> File is excluded.
(DEBUG) Finding source file corresponding to a gcov data file
  gcov_fname   /home/sufyan/Zephyr_IOMICO/zephyr-course/app/modules/ring_buf/busy_wait.c##466ff6347ed36b70b6bd085458feef33.gcov
  current_dir  /home/sufyan/Zephyr_IOMICO/zephyr-course/app/modules/ring_buf
  root         /home/sufyan/Zephyr_IOMICO/zephyr-course/app/modules/ring_buf
  starting_dir /home/sufyan/Zephyr_IOMICO/zephyr-course
  obj_dir      None
  gcda_fname   ../../../twister-out/native_sim_native/host/homework.unit.ring_buf/zephyr/kernel/CMakeFiles/kernel.dir/busy_wait.c.gcno
  --> fname    /home/sufyan/Zephyr_IOMICO/deps/zephyr/kernel/busy_wait.c
(DEBUG) Check if /home/sufyan/Zephyr_IOMICO/deps/zephyr/kernel/busy_wait.c is included (source file)...
(DEBUG)   No filter matched.
(DEBUG) --> File is excluded.
(DEBUG) Check if /home/sufyan/Zephyr_IOMICO/zephyr-course/twister-out/native_sim_native/host/homework.unit.ring_buf/zephyr/kernel/CMakeFiles/kernel.dir/condvar.c.gcno is included (trace)...
(DEBUG)   No filter matched.
(DEBUG) --> File is excluded.
(DEBUG) Check if /home/sufyan/Zephyr_IOMICO/zephyr-course/twister-out/native_sim_native/host/homework.unit.ring_buf/zephyr/kernel/CMakeFiles/kernel.dir/condvar.c.gcno is included (trace)...
(DEBUG) --> File is excluded.
(DEBUG) Check if condvar.c##48bb0cd335b759ca4233aeda68aeacfe.gcov is included (gcov file)...
(DEBUG)   Filter AlwaysMatchFilter() matched.
(DEBUG) --> File is included.
(DEBUG) Check if wait_q.h##139d40669c3ee194b82a2646c4f8e821.gcov is included (gcov file)...
(DEBUG)   Filter AlwaysMatchFilter() matched.
(DEBUG) --> File is included.
(DEBUG) Check if ksched.h##ef11ea29545001937978f4e3e23cbf23.gcov is included (gcov file)...
(DEBUG)   Filter AlwaysMatchFilter() matched.
(DEBUG) --> File is included.
(DEBUG) Check if priority_q.h##e09451b433d85721cb295db4cbfe45f5.gcov is included (gcov file)...
(DEBUG)   Filter AlwaysMatchFilter() matched.
(DEBUG) --> File is included.
(DEBUG) Check if kthread.h##b13e19e9523584ac2e7cfe73fddb2b9b.gcov is included (gcov file)...
(DEBUG)   Filter AlwaysMatchFilter() matched.
(DEBUG) --> File is included.
(DEBUG) Check if timeout_q.h##569a3e528a9234fdc294fc6409c26869.gcov is included (gcov file)...
(DEBUG)   Filter AlwaysMatchFilter() matched.
(DEBUG) --> File is included.
(DEBUG) Check if kernel_arch_func.h##88c66a408d50fc91e01e60b8add8a403.gcov is included (gcov file)...
(DEBUG)   Filter AlwaysMatchFilter() matched.
(DEBUG) --> File is included.
(DEBUG) Check if kernel.h##613194e766979d51f14f46fda6f8f0e6.gcov is included (gcov file)...
(DEBUG) --> File is included.
(DEBUG) Check if kobject_internal.h##d9e662f1f754d31d24eb20c0b43248dd.gcov is included (gcov file)...
(DEBUG)   Filter AlwaysMatchFilter() matched.
(DEBUG) --> File is included.
(DEBUG) Check if spinlock.h##ac54c28a46b90c889de3665abac3ef1a.gcov is included (gcov file)...
(DEBUG) --> File is included.
(DEBUG) Check if arch.h##dc70e81a221e00a96b5b011e55795c6f.gcov is included (gcov file)...
(DEBUG) --> File is included.
(DEBUG) Check if dlist.h##8b38c32f07439f20ffdd7079fc0c40eb.gcov is included (gcov file)...
(DEBUG)   Filter AlwaysMatchFilter() matched.
(DEBUG) --> File is included.
(DEBUG) Check if /home/sufyan/Zephyr_IOMICO/zephyr-course/app/modules/ring_buf/ksched.h##ef11ea29545001937978f4e3e23cbf23.gcov is included (trace)...
(DEBUG)   No filter matched.
(DEBUG) --> File is excluded.
(DEBUG) Finding source file corresponding to a gcov data file
  gcov_fname   /home/sufyan/Zephyr_IOMICO/zephyr-course/app/modules/ring_buf/ksched.h##ef11ea29545001937978f4e3e23cbf23.gcov
  current_dir  /home/sufyan/Zephyr_IOMICO/zephyr-course/app/modules/ring_buf
  root         /home/sufyan/Zephyr_IOMICO/zephyr-course/app/modules/ring_buf
  starting_dir /home/sufyan/Zephyr_IOMICO/zephyr-course
  obj_dir      None
  gcda_fname   ../../../twister-out/native_sim_native/host/homework.unit.ring_buf/zephyr/kernel/CMakeFiles/kernel.dir/condvar.c.gcno
  --> fname    /home/sufyan/Zephyr_IOMICO/deps/zephyr/kernel/include/ksched.h
(DEBUG) Check if /home/sufyan/Zephyr_IOMICO/deps/zephyr/kernel/include/ksched.h is included (source file)...
(DEBUG)   No filter matched.
(DEBUG) --> File is excluded.
(DEBUG) Check if /home/sufyan/Zephyr_IOMICO/zephyr-course/app/modules/ring_buf/wait_q.h##139d40669c3ee194b82a2646c4f8e821.gcov is included (trace)...
(DEBUG)   No filter matched.
(DEBUG) --> File is excluded.
(DEBUG) Finding source file corresponding to a gcov data file
  gcov_fname   /home/sufyan/Zephyr_IOMICO/zephyr-course/app/modules/ring_buf/wait_q.h##139d40669c3ee194b82a2646c4f8e821.gcov
  current_dir  /home/sufyan/Zephyr_IOMICO/zephyr-course/app/modules/ring_buf
  root         /home/sufyan/Zephyr_IOMICO/zephyr-course/app/modules/ring_buf
  starting_dir /home/sufyan/Zephyr_IOMICO/zephyr-course
  obj_dir      None
  gcda_fname   ../../../twister-out/native_sim_native/host/homework.unit.ring_buf/zephyr/kernel/CMakeFiles/kernel.dir/condvar.c.gcno
  --> fname    /home/sufyan/Zephyr_IOMICO/deps/zephyr/kernel/include/wait_q.h
(DEBUG) Check if /home/sufyan/Zephyr_IOMICO/deps/zephyr/kernel/include/wait_q.h is included (source file)...
(DEBUG)   No filter matched.
(DEBUG) --> File is excluded.
(DEBUG) Check if /home/sufyan/Zephyr_IOMICO/zephyr-course/app/modules/ring_buf/timeout_q.h##569a3e528a9234fdc294fc6409c26869.gcov is included (trace)...
(DEBUG)   No filter matched.
(DEBUG) --> File is excluded.
(DEBUG) Finding source file corresponding to a gcov data file
  gcov_fname   /home/sufyan/Zephyr_IOMICO/zephyr-course/app/modules/ring_buf/timeout_q.h##569a3e528a9234fdc294fc6409c26869.gcov
  current_dir  /home/sufyan/Zephyr_IOMICO/zephyr-course/app/modules/ring_buf
  root         /home/sufyan/Zephyr_IOMICO/zephyr-course/app/modules/ring_buf
  starting_dir /home/sufyan/Zephyr_IOMICO/zephyr-course
  obj_dir      None
  gcda_fname   ../../../twister-out/native_sim_native/host/homework.unit.ring_buf/zephyr/kernel/CMakeFiles/kernel.dir/condvar.c.gcno
  --> fname    /home/sufyan/Zephyr_IOMICO/deps/zephyr/kernel/include/timeout_q.h
(DEBUG) Check if /home/sufyan/Zephyr_IOMICO/deps/zephyr/kernel/include/timeout_q.h is included (source file)...
(DEBUG)   No filter matched.
(DEBUG) --> File is excluded.
(DEBUG) Check if /home/sufyan/Zephyr_IOMICO/zephyr-course/app/modules/ring_buf/kthread.h##b13e19e9523584ac2e7cfe73fddb2b9b.gcov is included (trace)...
(DEBUG)   No filter matched.
(DEBUG) --> File is excluded.
(DEBUG) Finding source file corresponding to a gcov data file
  gcov_fname   /home/sufyan/Zephyr_IOMICO/zephyr-course/app/modules/ring_buf/kthread.h##b13e19e9523584ac2e7cfe73fddb2b9b.gcov
  current_dir  /home/sufyan/Zephyr_IOMICO/zephyr-course/app/modules/ring_buf
  root         /home/sufyan/Zephyr_IOMICO/zephyr-course/app/modules/ring_buf
  starting_dir /home/sufyan/Zephyr_IOMICO/zephyr-course
  obj_dir      None
  gcda_fname   ../../../twister-out/native_sim_native/host/homework.unit.ring_buf/zephyr/kernel/CMakeFiles/kernel.dir/condvar.c.gcno
  --> fname    /home/sufyan/Zephyr_IOMICO/deps/zephyr/kernel/include/kthread.h
(DEBUG) Check if /home/sufyan/Zephyr_IOMICO/deps/zephyr/kernel/include/kthread.h is included (source file)...
(DEBUG)   No filter matched.
(DEBUG) --> File is excluded.
(DEBUG) Check if /home/sufyan/Zephyr_IOMICO/zephyr-course/app/modules/ring_buf/condvar.c##48bb0cd335b759ca4233aeda68aeacfe.gcov is included (trace)...
(DEBUG)   No filter matched.
(DEBUG) --> File is excluded.
(DEBUG) Finding source file corresponding to a gcov data file
  gcov_fname   /home/sufyan/Zephyr_IOMICO/zephyr-course/app/modules/ring_buf/condvar.c##48bb0cd335b759ca4233aeda68aeacfe.gcov
  current_dir  /home/sufyan/Zephyr_IOMICO/zephyr-course/app/modules/ring_buf
  root         /home/sufyan/Zephyr_IOMICO/zephyr-course/app/modules/ring_buf
  starting_dir /home/sufyan/Zephyr_IOMICO/zephyr-course
  obj_dir      None
  gcda_fname   ../../../twister-out/native_sim_native/host/homework.unit.ring_buf/zephyr/kernel/CMakeFiles/kernel.dir/condvar.c.gcno
  --> fname    /home/sufyan/Zephyr_IOMICO/deps/zephyr/kernel/condvar.c
(DEBUG) Check if /home/sufyan/Zephyr_IOMICO/deps/zephyr/kernel/condvar.c is included (source file)...
(DEBUG)   No filter matched.
(DEBUG) --> File is excluded.
(DEBUG) Check if /home/sufyan/Zephyr_IOMICO/zephyr-course/app/modules/ring_buf/spinlock.h##ac54c28a46b90c889de3665abac3ef1a.gcov is included (trace)...
(DEBUG) --> File is excluded.
(DEBUG) Finding source file corresponding to a gcov data file
  gcov_fname   /home/sufyan/Zephyr_IOMICO/zephyr-course/app/modules/ring_buf/spinlock.h##ac54c28a46b90c889de3665abac3ef1a.gcov
  current_dir  /home/sufyan/Zephyr_IOMICO/zephyr-course/app/modules/ring_buf
  root         /home/sufyan/Zephyr_IOMICO/zephyr-course/app/modules/ring_buf
  starting_dir /home/sufyan/Zephyr_IOMICO/zephyr-course
  obj_dir      None
  gcda_fname   ../../../twister-out/native_sim_native/host/homework.unit.ring_buf/zephyr/kernel/CMakeFiles/kernel.dir/condvar.c.gcno
  --> fname    /home/sufyan/Zephyr_IOMICO/deps/zephyr/include/zephyr/spinlock.h
(DEBUG) Check if /home/sufyan/Zephyr_IOMICO/deps/zephyr/include/zephyr/spinlock.h is included (source file)...
(DEBUG) --> File is excluded.
(DEBUG) Check if /home/sufyan/Zephyr_IOMICO/zephyr-course/app/modules/ring_buf/arch.h##dc70e81a221e00a96b5b011e55795c6f.gcov is included (trace)...
(DEBUG) --> File is excluded.
(DEBUG) Finding source file corresponding to a gcov data file
  gcov_fname   /home/sufyan/Zephyr_IOMICO/zephyr-course/app/modules/ring_buf/arch.h##dc70e81a221e00a96b5b011e55795c6f.gcov
  current_dir  /home/sufyan/Zephyr_IOMICO/zephyr-course/app/modules/ring_buf
  root         /home/sufyan/Zephyr_IOMICO/zephyr-course/app/modules/ring_buf
  starting_dir /home/sufyan/Zephyr_IOMICO/zephyr-course
  obj_dir      None
  gcda_fname   ../../../twister-out/native_sim_native/host/homework.unit.ring_buf/zephyr/kernel/CMakeFiles/kernel.dir/condvar.c.gcno
  --> fname    /home/sufyan/Zephyr_IOMICO/deps/zephyr/include/zephyr/arch/posix/arch.h
(DEBUG) Check if /home/sufyan/Zephyr_IOMICO/deps/zephyr/include/zephyr/arch/posix/arch.h is included (source file)...
(DEBUG) --> File is excluded.
(DEBUG) Check if /home/sufyan/Zephyr_IOMICO/zephyr-course/app/modules/ring_buf/kobject_internal.h##d9e662f1f754d31d24eb20c0b43248dd.gcov is included (trace)...
(DEBUG)   No filter matched.
(DEBUG) --> File is excluded.
(DEBUG) Finding source file corresponding to a gcov data file
  gcov_fname   /home/sufyan/Zephyr_IOMICO/zephyr-course/app/modules/ring_buf/kobject_internal.h##d9e662f1f754d31d24eb20c0b43248dd.gcov
  current_dir  /home/sufyan/Zephyr_IOMICO/zephyr-course/app/modules/ring_buf
  root         /home/sufyan/Zephyr_IOMICO/zephyr-course/app/modules/ring_buf
  starting_dir /home/sufyan/Zephyr_IOMICO/zephyr-course
  obj_dir      None
  gcda_fname   ../../../twister-out/native_sim_native/host/homework.unit.ring_buf/zephyr/kernel/CMakeFiles/kernel.dir/condvar.c.gcno
  --> fname    /home/sufyan/Zephyr_IOMICO/deps/zephyr/include/zephyr/sys/internal/kobject_internal.h
(DEBUG) Check if /home/sufyan/Zephyr_IOMICO/deps/zephyr/include/zephyr/sys/internal/kobject_internal.h is included (source file)...
(DEBUG)   No filter matched.
(DEBUG) --> File is excluded.
(DEBUG) Check if /home/sufyan/Zephyr_IOMICO/zephyr-course/app/modules/ring_buf/dlist.h##8b38c32f07439f20ffdd7079fc0c40eb.gcov is included (trace)...
(DEBUG)   No filter matched.
(DEBUG) --> File is excluded.
(DEBUG) Finding source file corresponding to a gcov data file
  gcov_fname   /home/sufyan/Zephyr_IOMICO/zephyr-course/app/modules/ring_buf/dlist.h##8b38c32f07439f20ffdd7079fc0c40eb.gcov
  current_dir  /home/sufyan/Zephyr_IOMICO/zephyr-course/app/modules/ring_buf
  root         /home/sufyan/Zephyr_IOMICO/zephyr-course/app/modules/ring_buf
  starting_dir /home/sufyan/Zephyr_IOMICO/zephyr-course
  obj_dir      None
  gcda_fname   ../../../twister-out/native_sim_native/host/homework.unit.ring_buf/zephyr/kernel/CMakeFiles/kernel.dir/condvar.c.gcno
  --> fname    /home/sufyan/Zephyr_IOMICO/deps/zephyr/include/zephyr/sys/dlist.h
(DEBUG) Check if /home/sufyan/Zephyr_IOMICO/deps/zephyr/include/zephyr/sys/dlist.h is included (source file)...
(DEBUG)   No filter matched.
(DEBUG) --> File is excluded.
(DEBUG) Check if /home/sufyan/Zephyr_IOMICO/zephyr-course/app/modules/ring_buf/kernel.h##613194e766979d51f14f46fda6f8f0e6.gcov is included (trace)...
(DEBUG) --> File is excluded.
(DEBUG) Finding source file corresponding to a gcov data file
  gcov_fname   /home/sufyan/Zephyr_IOMICO/zephyr-course/app/modules/ring_buf/kernel.h##613194e766979d51f14f46fda6f8f0e6.gcov
  current_dir  /home/sufyan/Zephyr_IOMICO/zephyr-course/app/modules/ring_buf
  root         /home/sufyan/Zephyr_IOMICO/zephyr-course/app/modules/ring_buf
  starting_dir /home/sufyan/Zephyr_IOMICO/zephyr-course
  obj_dir      None
  gcda_fname   ../../../twister-out/native_sim_native/host/homework.unit.ring_buf/zephyr/kernel/CMakeFiles/kernel.dir/condvar.c.gcno
  --> fname    /home/sufyan/Zephyr_IOMICO/zephyr-course/twister-out/native_sim_native/host/homework.unit.ring_buf/zephyr/include/generated/zephyr/syscalls/kernel.h
(DEBUG) Check if /home/sufyan/Zephyr_IOMICO/zephyr-course/twister-out/native_sim_native/host/homework.unit.ring_buf/zephyr/include/generated/zephyr/syscalls/kernel.h is included (source file)...
(DEBUG) --> File is excluded.
(DEBUG) Check if /home/sufyan/Zephyr_IOMICO/zephyr-course/app/modules/ring_buf/kernel_arch_func.h##88c66a408d50fc91e01e60b8add8a403.gcov is included (trace)...
(DEBUG)   No filter matched.
(DEBUG) --> File is excluded.
(DEBUG) Finding source file corresponding to a gcov data file
  gcov_fname   /home/sufyan/Zephyr_IOMICO/zephyr-course/app/modules/ring_buf/kernel_arch_func.h##88c66a408d50fc91e01e60b8add8a403.gcov
  current_dir  /home/sufyan/Zephyr_IOMICO/zephyr-course/app/modules/ring_buf
  root         /home/sufyan/Zephyr_IOMICO/zephyr-course/app/modules/ring_buf
  starting_dir /home/sufyan/Zephyr_IOMICO/zephyr-course
  obj_dir      None
  gcda_fname   ../../../twister-out/native_sim_native/host/homework.unit.ring_buf/zephyr/kernel/CMakeFiles/kernel.dir/condvar.c.gcno
  --> fname    /home/sufyan/Zephyr_IOMICO/deps/zephyr/arch/posix/include/kernel_arch_func.h
(DEBUG) Check if /home/sufyan/Zephyr_IOMICO/deps/zephyr/arch/posix/include/kernel_arch_func.h is included (source file)...
(DEBUG)   No filter matched.
(DEBUG) --> File is excluded.
(DEBUG) Check if /home/sufyan/Zephyr_IOMICO/zephyr-course/app/modules/ring_buf/priority_q.h##e09451b433d85721cb295db4cbfe45f5.gcov is included (trace)...
(DEBUG)   No filter matched.
(DEBUG) --> File is excluded.
(DEBUG) Finding source file corresponding to a gcov data file
  gcov_fname   /home/sufyan/Zephyr_IOMICO/zephyr-course/app/modules/ring_buf/priority_q.h##e09451b433d85721cb295db4cbfe45f5.gcov
  current_dir  /home/sufyan/Zephyr_IOMICO/zephyr-course/app/modules/ring_buf
  root         /home/sufyan/Zephyr_IOMICO/zephyr-course/app/modules/ring_buf
  starting_dir /home/sufyan/Zephyr_IOMICO/zephyr-course
  obj_dir      None
  gcda_fname   ../../../twister-out/native_sim_native/host/homework.unit.ring_buf/zephyr/kernel/CMakeFiles/kernel.dir/condvar.c.gcno
  --> fname    /home/sufyan/Zephyr_IOMICO/deps/zephyr/kernel/include/priority_q.h
(DEBUG) Check if /home/sufyan/Zephyr_IOMICO/deps/zephyr/kernel/include/priority_q.h is included (source file)...
(DEBUG)   No filter matched.
(DEBUG) --> File is excluded.
(DEBUG) Check if /home/sufyan/Zephyr_IOMICO/zephyr-course/twister-out/native_sim_native/host/homework.unit.ring_buf/zephyr/kernel/CMakeFiles/kernel.dir/device.c.gcda is included (trace)...
(DEBUG)   No filter matched.
(DEBUG) --> File is excluded.
(DEBUG) Check if /home/sufyan/Zephyr_IOMICO/zephyr-course/twister-out/native_sim_native/host/homework.unit.ring_buf/zephyr/kernel/CMakeFiles/kernel.dir/device.c.gcda is included (trace)...
(DEBUG) --> File is excluded.
(DEBUG) Check if device.c##d2bdc0ccf67bafc62b75629fec7ece0c.gcov is included (gcov file)...
(DEBUG)   Filter AlwaysMatchFilter() matched.
(DEBUG) --> File is included.
(DEBUG) Check if kobject_internal.h##d9e662f1f754d31d24eb20c0b43248dd.gcov is included (gcov file)...
(DEBUG) --> File is included.
(DEBUG) Check if /home/sufyan/Zephyr_IOMICO/zephyr-course/app/modules/ring_buf/kobject_internal.h##d9e662f1f754d31d24eb20c0b43248dd.gcov is included (trace)...
(DEBUG) --> File is excluded.
(DEBUG) Finding source file corresponding to a gcov data file
  gcov_fname   /home/sufyan/Zephyr_IOMICO/zephyr-course/app/modules/ring_buf/kobject_internal.h##d9e662f1f754d31d24eb20c0b43248dd.gcov
  current_dir  /home/sufyan/Zephyr_IOMICO/zephyr-course/app/modules/ring_buf
  root         /home/sufyan/Zephyr_IOMICO/zephyr-course/app/modules/ring_buf
  starting_dir /home/sufyan/Zephyr_IOMICO/zephyr-course
  obj_dir      None
  gcda_fname   ../../../twister-out/native_sim_native/host/homework.unit.ring_buf/zephyr/kernel/CMakeFiles/kernel.dir/device.c.gcda
  --> fname    /home/sufyan/Zephyr_IOMICO/deps/zephyr/include/zephyr/sys/internal/kobject_internal.h
(DEBUG) Check if /home/sufyan/Zephyr_IOMICO/deps/zephyr/include/zephyr/sys/internal/kobject_internal.h is included (source file)...
(DEBUG) --> File is excluded.
(DEBUG) Check if /home/sufyan/Zephyr_IOMICO/zephyr-course/app/modules/ring_buf/device.c##d2bdc0ccf67bafc62b75629fec7ece0c.gcov is included (trace)...
(DEBUG)   No filter matched.
(DEBUG) --> File is excluded.
(DEBUG) Finding source file corresponding to a gcov data file
  gcov_fname   /home/sufyan/Zephyr_IOMICO/zephyr-course/app/modules/ring_buf/device.c##d2bdc0ccf67bafc62b75629fec7ece0c.gcov
  current_dir  /home/sufyan/Zephyr_IOMICO/zephyr-course/app/modules/ring_buf
  root         /home/sufyan/Zephyr_IOMICO/zephyr-course/app/modules/ring_buf
  starting_dir /home/sufyan/Zephyr_IOMICO/zephyr-course
  obj_dir      None
  gcda_fname   ../../../twister-out/native_sim_native/host/homework.unit.ring_buf/zephyr/kernel/CMakeFiles/kernel.dir/device.c.gcda
  --> fname    /home/sufyan/Zephyr_IOMICO/deps/zephyr/kernel/device.c
(DEBUG) Check if /home/sufyan/Zephyr_IOMICO/deps/zephyr/kernel/device.c is included (source file)...
(DEBUG)   No filter matched.
(DEBUG) --> File is excluded.
(DEBUG) Check if /home/sufyan/Zephyr_IOMICO/zephyr-course/twister-out/native_sim_native/host/homework.unit.ring_buf/zephyr/kernel/CMakeFiles/kernel.dir/dynamic_disabled.c.gcno is included (trace)...
(DEBUG)   No filter matched.
(DEBUG) --> File is excluded.
(DEBUG) Check if /home/sufyan/Zephyr_IOMICO/zephyr-course/twister-out/native_sim_native/host/homework.unit.ring_buf/zephyr/kernel/CMakeFiles/kernel.dir/dynamic_disabled.c.gcno is included (trace)...
(DEBUG) --> File is excluded.
(DEBUG) Check if dynamic_disabled.c##67f5e9953f69f6a5b5ecd6648a6174c2.gcov is included (gcov file)...
(DEBUG)   Filter AlwaysMatchFilter() matched.
(DEBUG) --> File is included.
(DEBUG) Check if /home/sufyan/Zephyr_IOMICO/zephyr-course/app/modules/ring_buf/dynamic_disabled.c##67f5e9953f69f6a5b5ecd6648a6174c2.gcov is included (trace)...
(DEBUG)   No filter matched.
(DEBUG) --> File is excluded.
(DEBUG) Finding source file corresponding to a gcov data file
  gcov_fname   /home/sufyan/Zephyr_IOMICO/zephyr-course/app/modules/ring_buf/dynamic_disabled.c##67f5e9953f69f6a5b5ecd6648a6174c2.gcov
  current_dir  /home/sufyan/Zephyr_IOMICO/zephyr-course/app/modules/ring_buf
  root         /home/sufyan/Zephyr_IOMICO/zephyr-course/app/modules/ring_buf
  starting_dir /home/sufyan/Zephyr_IOMICO/zephyr-course
  obj_dir      None
  gcda_fname   ../../../twister-out/native_sim_native/host/homework.unit.ring_buf/zephyr/kernel/CMakeFiles/kernel.dir/dynamic_disabled.c.gcno
  --> fname    /home/sufyan/Zephyr_IOMICO/deps/zephyr/kernel/dynamic_disabled.c
(DEBUG) Check if /home/sufyan/Zephyr_IOMICO/deps/zephyr/kernel/dynamic_disabled.c is included (source file)...
(DEBUG)   No filter matched.
(DEBUG) --> File is excluded.
(DEBUG) Check if /home/sufyan/Zephyr_IOMICO/zephyr-course/twister-out/native_sim_native/host/homework.unit.ring_buf/zephyr/kernel/CMakeFiles/kernel.dir/errno.c.gcno is included (trace)...
(DEBUG)   No filter matched.
(DEBUG) --> File is excluded.
(DEBUG) Check if /home/sufyan/Zephyr_IOMICO/zephyr-course/twister-out/native_sim_native/host/homework.unit.ring_buf/zephyr/kernel/CMakeFiles/kernel.dir/errno.c.gcno is included (trace)...
(DEBUG) --> File is excluded.
(DEBUG) Check if errno.c##2d1b1942f311266fa759bdacdaa72ec4.gcov is included (gcov file)...
(DEBUG)   Filter AlwaysMatchFilter() matched.
(DEBUG) --> File is included.
(DEBUG) Check if /home/sufyan/Zephyr_IOMICO/zephyr-course/app/modules/ring_buf/errno.c##2d1b1942f311266fa759bdacdaa72ec4.gcov is included (trace)...
(DEBUG)   No filter matched.
(DEBUG) --> File is excluded.
(DEBUG) Finding source file corresponding to a gcov data file
  gcov_fname   /home/sufyan/Zephyr_IOMICO/zephyr-course/app/modules/ring_buf/errno.c##2d1b1942f311266fa759bdacdaa72ec4.gcov
  current_dir  /home/sufyan/Zephyr_IOMICO/zephyr-course/app/modules/ring_buf
  root         /home/sufyan/Zephyr_IOMICO/zephyr-course/app/modules/ring_buf
  starting_dir /home/sufyan/Zephyr_IOMICO/zephyr-course
  obj_dir      None
  gcda_fname   ../../../twister-out/native_sim_native/host/homework.unit.ring_buf/zephyr/kernel/CMakeFiles/kernel.dir/errno.c.gcno
  --> fname    /home/sufyan/Zephyr_IOMICO/deps/zephyr/kernel/errno.c
(DEBUG) Check if /home/sufyan/Zephyr_IOMICO/deps/zephyr/kernel/errno.c is included (source file)...
(DEBUG)   No filter matched.
(DEBUG) --> File is excluded.
(DEBUG) Check if /home/sufyan/Zephyr_IOMICO/zephyr-course/twister-out/native_sim_native/host/homework.unit.ring_buf/zephyr/kernel/CMakeFiles/kernel.dir/fatal.c.gcda is included (trace)...
(DEBUG)   No filter matched.
(DEBUG) --> File is excluded.
(DEBUG) Check if /home/sufyan/Zephyr_IOMICO/zephyr-course/twister-out/native_sim_native/host/homework.unit.ring_buf/zephyr/kernel/CMakeFiles/kernel.dir/fatal.c.gcda is included (trace)...
(DEBUG) --> File is excluded.
(DEBUG) Check if fatal.c##169b0991ec724d366d3708ca6a476212.gcov is included (gcov file)...
(DEBUG)   Filter AlwaysMatchFilter() matched.
(DEBUG) --> File is included.
(DEBUG) Check if coredump.h##7e5a8c6e7d004370995bf6a6a559a021.gcov is included (gcov file)...
(DEBUG)   Filter AlwaysMatchFilter() matched.
(DEBUG) --> File is included.
(DEBUG) Check if log_ctrl.h##57b6e6ed29bc9abbe1cfe0da87527331.gcov is included (gcov file)...
(DEBUG) --> File is included.
(DEBUG) Check if log_msg.h##c3d7a43353dd151ee47d3c13d66651b3.gcov is included (gcov file)...
(DEBUG) --> File is included.
(DEBUG) Check if kernel.h##613194e766979d51f14f46fda6f8f0e6.gcov is included (gcov file)...
(DEBUG) --> File is included.
(DEBUG) Check if arch.h##dc70e81a221e00a96b5b011e55795c6f.gcov is included (gcov file)...
(DEBUG) --> File is included.
(DEBUG) Check if /home/sufyan/Zephyr_IOMICO/zephyr-course/app/modules/ring_buf/coredump.h##7e5a8c6e7d004370995bf6a6a559a021.gcov is included (trace)...
(DEBUG)   No filter matched.
(DEBUG) --> File is excluded.
(DEBUG) Finding source file corresponding to a gcov data file
  gcov_fname   /home/sufyan/Zephyr_IOMICO/zephyr-course/app/modules/ring_buf/coredump.h##7e5a8c6e7d004370995bf6a6a559a021.gcov
  current_dir  /home/sufyan/Zephyr_IOMICO/zephyr-course/app/modules/ring_buf
  root         /home/sufyan/Zephyr_IOMICO/zephyr-course/app/modules/ring_buf
  starting_dir /home/sufyan/Zephyr_IOMICO/zephyr-course
  obj_dir      None
  gcda_fname   ../../../twister-out/native_sim_native/host/homework.unit.ring_buf/zephyr/kernel/CMakeFiles/kernel.dir/fatal.c.gcda
  --> fname    /home/sufyan/Zephyr_IOMICO/deps/zephyr/include/zephyr/debug/coredump.h
(DEBUG) Check if /home/sufyan/Zephyr_IOMICO/deps/zephyr/include/zephyr/debug/coredump.h is included (source file)...
(DEBUG)   No filter matched.
(DEBUG) --> File is excluded.
(DEBUG) Check if /home/sufyan/Zephyr_IOMICO/zephyr-course/app/modules/ring_buf/arch.h##dc70e81a221e00a96b5b011e55795c6f.gcov is included (trace)...
(DEBUG) --> File is excluded.
(DEBUG) Finding source file corresponding to a gcov data file
  gcov_fname   /home/sufyan/Zephyr_IOMICO/zephyr-course/app/modules/ring_buf/arch.h##dc70e81a221e00a96b5b011e55795c6f.gcov
  current_dir  /home/sufyan/Zephyr_IOMICO/zephyr-course/app/modules/ring_buf
  root         /home/sufyan/Zephyr_IOMICO/zephyr-course/app/modules/ring_buf
  starting_dir /home/sufyan/Zephyr_IOMICO/zephyr-course
  obj_dir      None
  gcda_fname   ../../../twister-out/native_sim_native/host/homework.unit.ring_buf/zephyr/kernel/CMakeFiles/kernel.dir/fatal.c.gcda
  --> fname    /home/sufyan/Zephyr_IOMICO/deps/zephyr/include/zephyr/arch/posix/arch.h
(DEBUG) Check if /home/sufyan/Zephyr_IOMICO/deps/zephyr/include/zephyr/arch/posix/arch.h is included (source file)...
(DEBUG) --> File is excluded.
(DEBUG) Check if /home/sufyan/Zephyr_IOMICO/zephyr-course/app/modules/ring_buf/fatal.c##169b0991ec724d366d3708ca6a476212.gcov is included (trace)...
(DEBUG)   No filter matched.
(DEBUG) --> File is excluded.
(DEBUG) Finding source file corresponding to a gcov data file
  gcov_fname   /home/sufyan/Zephyr_IOMICO/zephyr-course/app/modules/ring_buf/fatal.c##169b0991ec724d366d3708ca6a476212.gcov
  current_dir  /home/sufyan/Zephyr_IOMICO/zephyr-course/app/modules/ring_buf
  root         /home/sufyan/Zephyr_IOMICO/zephyr-course/app/modules/ring_buf
  starting_dir /home/sufyan/Zephyr_IOMICO/zephyr-course
  obj_dir      None
  gcda_fname   ../../../twister-out/native_sim_native/host/homework.unit.ring_buf/zephyr/kernel/CMakeFiles/kernel.dir/fatal.c.gcda
  --> fname    /home/sufyan/Zephyr_IOMICO/deps/zephyr/kernel/fatal.c
(DEBUG) Check if /home/sufyan/Zephyr_IOMICO/deps/zephyr/kernel/fatal.c is included (source file)...
(DEBUG)   No filter matched.
(DEBUG) --> File is excluded.
(DEBUG) Check if /home/sufyan/Zephyr_IOMICO/zephyr-course/app/modules/ring_buf/kernel.h##613194e766979d51f14f46fda6f8f0e6.gcov is included (trace)...
(DEBUG) --> File is excluded.
(DEBUG) Finding source file corresponding to a gcov data file
  gcov_fname   /home/sufyan/Zephyr_IOMICO/zephyr-course/app/modules/ring_buf/kernel.h##613194e766979d51f14f46fda6f8f0e6.gcov
  current_dir  /home/sufyan/Zephyr_IOMICO/zephyr-course/app/modules/ring_buf
  root         /home/sufyan/Zephyr_IOMICO/zephyr-course/app/modules/ring_buf
  starting_dir /home/sufyan/Zephyr_IOMICO/zephyr-course
  obj_dir      None
  gcda_fname   ../../../twister-out/native_sim_native/host/homework.unit.ring_buf/zephyr/kernel/CMakeFiles/kernel.dir/fatal.c.gcda
  --> fname    /home/sufyan/Zephyr_IOMICO/zephyr-course/twister-out/native_sim_native/host/homework.unit.ring_buf/zephyr/include/generated/zephyr/syscalls/kernel.h
(DEBUG) Check if /home/sufyan/Zephyr_IOMICO/zephyr-course/twister-out/native_sim_native/host/homework.unit.ring_buf/zephyr/include/generated/zephyr/syscalls/kernel.h is included (source file)...
(DEBUG) --> File is excluded.
(DEBUG) Check if /home/sufyan/Zephyr_IOMICO/zephyr-course/app/modules/ring_buf/log_ctrl.h##57b6e6ed29bc9abbe1cfe0da87527331.gcov is included (trace)...
(DEBUG) --> File is excluded.
(DEBUG) Finding source file corresponding to a gcov data file
  gcov_fname   /home/sufyan/Zephyr_IOMICO/zephyr-course/app/modules/ring_buf/log_ctrl.h##57b6e6ed29bc9abbe1cfe0da87527331.gcov
  current_dir  /home/sufyan/Zephyr_IOMICO/zephyr-course/app/modules/ring_buf
  root         /home/sufyan/Zephyr_IOMICO/zephyr-course/app/modules/ring_buf
  starting_dir /home/sufyan/Zephyr_IOMICO/zephyr-course
  obj_dir      None
  gcda_fname   ../../../twister-out/native_sim_native/host/homework.unit.ring_buf/zephyr/kernel/CMakeFiles/kernel.dir/fatal.c.gcda
  --> fname    /home/sufyan/Zephyr_IOMICO/zephyr-course/twister-out/native_sim_native/host/homework.unit.ring_buf/zephyr/include/generated/zephyr/syscalls/log_ctrl.h
(DEBUG) Check if /home/sufyan/Zephyr_IOMICO/zephyr-course/twister-out/native_sim_native/host/homework.unit.ring_buf/zephyr/include/generated/zephyr/syscalls/log_ctrl.h is included (source file)...
(DEBUG) --> File is excluded.
(DEBUG) Check if /home/sufyan/Zephyr_IOMICO/zephyr-course/app/modules/ring_buf/log_msg.h##c3d7a43353dd151ee47d3c13d66651b3.gcov is included (trace)...
(DEBUG) --> File is excluded.
(DEBUG) Finding source file corresponding to a gcov data file
  gcov_fname   /home/sufyan/Zephyr_IOMICO/zephyr-course/app/modules/ring_buf/log_msg.h##c3d7a43353dd151ee47d3c13d66651b3.gcov
  current_dir  /home/sufyan/Zephyr_IOMICO/zephyr-course/app/modules/ring_buf
  root         /home/sufyan/Zephyr_IOMICO/zephyr-course/app/modules/ring_buf
  starting_dir /home/sufyan/Zephyr_IOMICO/zephyr-course
  obj_dir      None
  gcda_fname   ../../../twister-out/native_sim_native/host/homework.unit.ring_buf/zephyr/kernel/CMakeFiles/kernel.dir/fatal.c.gcda
  --> fname    /home/sufyan/Zephyr_IOMICO/deps/zephyr/include/zephyr/logging/log_msg.h
(DEBUG) Check if /home/sufyan/Zephyr_IOMICO/deps/zephyr/include/zephyr/logging/log_msg.h is included (source file)...
(DEBUG) --> File is excluded.
(DEBUG) Check if /home/sufyan/Zephyr_IOMICO/zephyr-course/twister-out/native_sim_native/host/homework.unit.ring_buf/zephyr/kernel/CMakeFiles/kernel.dir/float.c.gcno is included (trace)...
(DEBUG)   No filter matched.
(DEBUG) --> File is excluded.
(DEBUG) Check if /home/sufyan/Zephyr_IOMICO/zephyr-course/twister-out/native_sim_native/host/homework.unit.ring_buf/zephyr/kernel/CMakeFiles/kernel.dir/float.c.gcno is included (trace)...
(DEBUG) --> File is excluded.
(DEBUG) Check if float.c##90efa62879a66e4cce5f0b2b45e89440.gcov is included (gcov file)...
(DEBUG)   Filter AlwaysMatchFilter() matched.
(DEBUG) --> File is included.
(DEBUG) Check if /home/sufyan/Zephyr_IOMICO/zephyr-course/app/modules/ring_buf/float.c##90efa62879a66e4cce5f0b2b45e89440.gcov is included (trace)...
(DEBUG)   No filter matched.
(DEBUG) --> File is excluded.
(DEBUG) Finding source file corresponding to a gcov data file
  gcov_fname   /home/sufyan/Zephyr_IOMICO/zephyr-course/app/modules/ring_buf/float.c##90efa62879a66e4cce5f0b2b45e89440.gcov
  current_dir  /home/sufyan/Zephyr_IOMICO/zephyr-course/app/modules/ring_buf
  root         /home/sufyan/Zephyr_IOMICO/zephyr-course/app/modules/ring_buf
  starting_dir /home/sufyan/Zephyr_IOMICO/zephyr-course
  obj_dir      None
  gcda_fname   ../../../twister-out/native_sim_native/host/homework.unit.ring_buf/zephyr/kernel/CMakeFiles/kernel.dir/float.c.gcno
  --> fname    /home/sufyan/Zephyr_IOMICO/deps/zephyr/kernel/float.c
(DEBUG) Check if /home/sufyan/Zephyr_IOMICO/deps/zephyr/kernel/float.c is included (source file)...
(DEBUG)   No filter matched.
(DEBUG) --> File is excluded.
(DEBUG) Check if /home/sufyan/Zephyr_IOMICO/zephyr-course/twister-out/native_sim_native/host/homework.unit.ring_buf/zephyr/kernel/CMakeFiles/kernel.dir/idle.c.gcda is included (trace)...
(DEBUG)   No filter matched.
(DEBUG) --> File is excluded.
(DEBUG) Check if /home/sufyan/Zephyr_IOMICO/zephyr-course/twister-out/native_sim_native/host/homework.unit.ring_buf/zephyr/kernel/CMakeFiles/kernel.dir/idle.c.gcda is included (trace)...
(DEBUG) --> File is excluded.
(DEBUG) Check if idle.c##e504c4fbf0b7c81330f6ed0d5045848f.gcov is included (gcov file)...
(DEBUG)   Filter AlwaysMatchFilter() matched.
(DEBUG) --> File is included.
(DEBUG) Check if kernel.h##0603b591ac855b4a2926257de0e213f1.gcov is included (gcov file)...
(DEBUG) --> File is included.
(DEBUG) Check if arch.h##dc70e81a221e00a96b5b011e55795c6f.gcov is included (gcov file)...
(DEBUG) --> File is included.
(DEBUG) Check if /home/sufyan/Zephyr_IOMICO/zephyr-course/app/modules/ring_buf/kernel.h##0603b591ac855b4a2926257de0e213f1.gcov is included (trace)...
(DEBUG) --> File is excluded.
(DEBUG) Finding source file corresponding to a gcov data file
  gcov_fname   /home/sufyan/Zephyr_IOMICO/zephyr-course/app/modules/ring_buf/kernel.h##0603b591ac855b4a2926257de0e213f1.gcov
  current_dir  /home/sufyan/Zephyr_IOMICO/zephyr-course/app/modules/ring_buf
  root         /home/sufyan/Zephyr_IOMICO/zephyr-course/app/modules/ring_buf
  starting_dir /home/sufyan/Zephyr_IOMICO/zephyr-course
  obj_dir      None
  gcda_fname   ../../../twister-out/native_sim_native/host/homework.unit.ring_buf/zephyr/kernel/CMakeFiles/kernel.dir/idle.c.gcda
  --> fname    /home/sufyan/Zephyr_IOMICO/deps/zephyr/include/zephyr/kernel.h
(DEBUG) Check if /home/sufyan/Zephyr_IOMICO/deps/zephyr/include/zephyr/kernel.h is included (source file)...
(DEBUG) --> File is excluded.
(DEBUG) Check if /home/sufyan/Zephyr_IOMICO/zephyr-course/app/modules/ring_buf/arch.h##dc70e81a221e00a96b5b011e55795c6f.gcov is included (trace)...
(DEBUG) --> File is excluded.
(DEBUG) Finding source file corresponding to a gcov data file
  gcov_fname   /home/sufyan/Zephyr_IOMICO/zephyr-course/app/modules/ring_buf/arch.h##dc70e81a221e00a96b5b011e55795c6f.gcov
  current_dir  /home/sufyan/Zephyr_IOMICO/zephyr-course/app/modules/ring_buf
  root         /home/sufyan/Zephyr_IOMICO/zephyr-course/app/modules/ring_buf
  starting_dir /home/sufyan/Zephyr_IOMICO/zephyr-course
  obj_dir      None
  gcda_fname   ../../../twister-out/native_sim_native/host/homework.unit.ring_buf/zephyr/kernel/CMakeFiles/kernel.dir/idle.c.gcda
  --> fname    /home/sufyan/Zephyr_IOMICO/deps/zephyr/include/zephyr/arch/posix/arch.h
(DEBUG) Check if /home/sufyan/Zephyr_IOMICO/deps/zephyr/include/zephyr/arch/posix/arch.h is included (source file)...
(DEBUG) --> File is excluded.
(DEBUG) Check if /home/sufyan/Zephyr_IOMICO/zephyr-course/app/modules/ring_buf/idle.c##e504c4fbf0b7c81330f6ed0d5045848f.gcov is included (trace)...
(DEBUG)   No filter matched.
(DEBUG) --> File is excluded.
(DEBUG) Finding source file corresponding to a gcov data file
  gcov_fname   /home/sufyan/Zephyr_IOMICO/zephyr-course/app/modules/ring_buf/idle.c##e504c4fbf0b7c81330f6ed0d5045848f.gcov
  current_dir  /home/sufyan/Zephyr_IOMICO/zephyr-course/app/modules/ring_buf
  root         /home/sufyan/Zephyr_IOMICO/zephyr-course/app/modules/ring_buf
  starting_dir /home/sufyan/Zephyr_IOMICO/zephyr-course
  obj_dir      None
  gcda_fname   ../../../twister-out/native_sim_native/host/homework.unit.ring_buf/zephyr/kernel/CMakeFiles/kernel.dir/idle.c.gcda
  --> fname    /home/sufyan/Zephyr_IOMICO/deps/zephyr/kernel/idle.c
(DEBUG) Check if /home/sufyan/Zephyr_IOMICO/deps/zephyr/kernel/idle.c is included (source file)...
(DEBUG)   No filter matched.
(DEBUG) --> File is excluded.
(DEBUG) Check if /home/sufyan/Zephyr_IOMICO/zephyr-course/twister-out/native_sim_native/host/homework.unit.ring_buf/zephyr/kernel/CMakeFiles/kernel.dir/init.c.gcda is included (trace)...
(DEBUG)   No filter matched.
(DEBUG) --> File is excluded.
(DEBUG) Check if /home/sufyan/Zephyr_IOMICO/zephyr-course/twister-out/native_sim_native/host/homework.unit.ring_buf/zephyr/kernel/CMakeFiles/kernel.dir/init.c.gcda is included (trace)...
(DEBUG) --> File is excluded.
(DEBUG) Check if init.c##c4aff2273e3756c070e56e7d48746a11.gcov is included (gcov file)...
(DEBUG)   Filter AlwaysMatchFilter() matched.
(DEBUG) --> File is included.
(DEBUG) Check if device_runtime.h##75e2b27aba5bf278d7a0a8cb4ca7e689.gcov is included (gcov file)...
(DEBUG)   Filter AlwaysMatchFilter() matched.
(DEBUG) --> File is included.
(DEBUG) Check if gcov.h##1499709cb5afd033e1e60dd64faec361.gcov is included (gcov file)...
(DEBUG)   Filter AlwaysMatchFilter() matched.
(DEBUG) --> File is included.
(DEBUG) Check if kthread.h##b13e19e9523584ac2e7cfe73fddb2b9b.gcov is included (gcov file)...
(DEBUG) --> File is included.
(DEBUG) Check if timeout_q.h##569a3e528a9234fdc294fc6409c26869.gcov is included (gcov file)...
(DEBUG) --> File is included.
(DEBUG) Check if kernel_arch_func.h##88c66a408d50fc91e01e60b8add8a403.gcov is included (gcov file)...
(DEBUG) --> File is included.
(DEBUG) Check if kernel.h##613194e766979d51f14f46fda6f8f0e6.gcov is included (gcov file)...
(DEBUG) --> File is included.
(DEBUG) Check if kernel.h##0603b591ac855b4a2926257de0e213f1.gcov is included (gcov file)...
(DEBUG) --> File is included.
(DEBUG) Check if thread_stack.h##8c9d6a5b1f176717a73e8c6028066b21.gcov is included (gcov file)...
(DEBUG)   Filter AlwaysMatchFilter() matched.
(DEBUG) --> File is included.
(DEBUG) Check if arch.h##dc70e81a221e00a96b5b011e55795c6f.gcov is included (gcov file)...
(DEBUG) --> File is included.
(DEBUG) Check if /home/sufyan/Zephyr_IOMICO/zephyr-course/app/modules/ring_buf/timeout_q.h##569a3e528a9234fdc294fc6409c26869.gcov is included (trace)...
(DEBUG) --> File is excluded.
(DEBUG) Finding source file corresponding to a gcov data file
  gcov_fname   /home/sufyan/Zephyr_IOMICO/zephyr-course/app/modules/ring_buf/timeout_q.h##569a3e528a9234fdc294fc6409c26869.gcov
  current_dir  /home/sufyan/Zephyr_IOMICO/zephyr-course/app/modules/ring_buf
  root         /home/sufyan/Zephyr_IOMICO/zephyr-course/app/modules/ring_buf
  starting_dir /home/sufyan/Zephyr_IOMICO/zephyr-course
  obj_dir      None
  gcda_fname   ../../../twister-out/native_sim_native/host/homework.unit.ring_buf/zephyr/kernel/CMakeFiles/kernel.dir/init.c.gcda
  --> fname    /home/sufyan/Zephyr_IOMICO/deps/zephyr/kernel/include/timeout_q.h
(DEBUG) Check if /home/sufyan/Zephyr_IOMICO/deps/zephyr/kernel/include/timeout_q.h is included (source file)...
(DEBUG) --> File is excluded.
(DEBUG) Check if /home/sufyan/Zephyr_IOMICO/zephyr-course/app/modules/ring_buf/kthread.h##b13e19e9523584ac2e7cfe73fddb2b9b.gcov is included (trace)...
(DEBUG) --> File is excluded.
(DEBUG) Finding source file corresponding to a gcov data file
  gcov_fname   /home/sufyan/Zephyr_IOMICO/zephyr-course/app/modules/ring_buf/kthread.h##b13e19e9523584ac2e7cfe73fddb2b9b.gcov
  current_dir  /home/sufyan/Zephyr_IOMICO/zephyr-course/app/modules/ring_buf
  root         /home/sufyan/Zephyr_IOMICO/zephyr-course/app/modules/ring_buf
  starting_dir /home/sufyan/Zephyr_IOMICO/zephyr-course
  obj_dir      None
  gcda_fname   ../../../twister-out/native_sim_native/host/homework.unit.ring_buf/zephyr/kernel/CMakeFiles/kernel.dir/init.c.gcda
  --> fname    /home/sufyan/Zephyr_IOMICO/deps/zephyr/kernel/include/kthread.h
(DEBUG) Check if /home/sufyan/Zephyr_IOMICO/deps/zephyr/kernel/include/kthread.h is included (source file)...
(DEBUG) --> File is excluded.
(DEBUG) Check if /home/sufyan/Zephyr_IOMICO/zephyr-course/app/modules/ring_buf/thread_stack.h##8c9d6a5b1f176717a73e8c6028066b21.gcov is included (trace)...
(DEBUG)   No filter matched.
(DEBUG) --> File is excluded.
(DEBUG) Finding source file corresponding to a gcov data file
  gcov_fname   /home/sufyan/Zephyr_IOMICO/zephyr-course/app/modules/ring_buf/thread_stack.h##8c9d6a5b1f176717a73e8c6028066b21.gcov
  current_dir  /home/sufyan/Zephyr_IOMICO/zephyr-course/app/modules/ring_buf
  root         /home/sufyan/Zephyr_IOMICO/zephyr-course/app/modules/ring_buf
  starting_dir /home/sufyan/Zephyr_IOMICO/zephyr-course
  obj_dir      None
  gcda_fname   ../../../twister-out/native_sim_native/host/homework.unit.ring_buf/zephyr/kernel/CMakeFiles/kernel.dir/init.c.gcda
  --> fname    /home/sufyan/Zephyr_IOMICO/deps/zephyr/include/zephyr/kernel/thread_stack.h
(DEBUG) Check if /home/sufyan/Zephyr_IOMICO/deps/zephyr/include/zephyr/kernel/thread_stack.h is included (source file)...
(DEBUG)   No filter matched.
(DEBUG) --> File is excluded.
(DEBUG) Check if /home/sufyan/Zephyr_IOMICO/zephyr-course/app/modules/ring_buf/kernel.h##0603b591ac855b4a2926257de0e213f1.gcov is included (trace)...
(DEBUG) --> File is excluded.
(DEBUG) Finding source file corresponding to a gcov data file
  gcov_fname   /home/sufyan/Zephyr_IOMICO/zephyr-course/app/modules/ring_buf/kernel.h##0603b591ac855b4a2926257de0e213f1.gcov
  current_dir  /home/sufyan/Zephyr_IOMICO/zephyr-course/app/modules/ring_buf
  root         /home/sufyan/Zephyr_IOMICO/zephyr-course/app/modules/ring_buf
  starting_dir /home/sufyan/Zephyr_IOMICO/zephyr-course
  obj_dir      None
  gcda_fname   ../../../twister-out/native_sim_native/host/homework.unit.ring_buf/zephyr/kernel/CMakeFiles/kernel.dir/init.c.gcda
  --> fname    /home/sufyan/Zephyr_IOMICO/deps/zephyr/include/zephyr/kernel.h
(DEBUG) Check if /home/sufyan/Zephyr_IOMICO/deps/zephyr/include/zephyr/kernel.h is included (source file)...
(DEBUG) --> File is excluded.
(DEBUG) Check if /home/sufyan/Zephyr_IOMICO/zephyr-course/app/modules/ring_buf/arch.h##dc70e81a221e00a96b5b011e55795c6f.gcov is included (trace)...
(DEBUG) --> File is excluded.
(DEBUG) Finding source file corresponding to a gcov data file
  gcov_fname   /home/sufyan/Zephyr_IOMICO/zephyr-course/app/modules/ring_buf/arch.h##dc70e81a221e00a96b5b011e55795c6f.gcov
  current_dir  /home/sufyan/Zephyr_IOMICO/zephyr-course/app/modules/ring_buf
  root         /home/sufyan/Zephyr_IOMICO/zephyr-course/app/modules/ring_buf
  starting_dir /home/sufyan/Zephyr_IOMICO/zephyr-course
  obj_dir      None
  gcda_fname   ../../../twister-out/native_sim_native/host/homework.unit.ring_buf/zephyr/kernel/CMakeFiles/kernel.dir/init.c.gcda
  --> fname    /home/sufyan/Zephyr_IOMICO/deps/zephyr/include/zephyr/arch/posix/arch.h
(DEBUG) Check if /home/sufyan/Zephyr_IOMICO/deps/zephyr/include/zephyr/arch/posix/arch.h is included (source file)...
(DEBUG) --> File is excluded.
(DEBUG) Check if /home/sufyan/Zephyr_IOMICO/zephyr-course/app/modules/ring_buf/device_runtime.h##75e2b27aba5bf278d7a0a8cb4ca7e689.gcov is included (trace)...
(DEBUG)   No filter matched.
(DEBUG) --> File is excluded.
(DEBUG) Finding source file corresponding to a gcov data file
  gcov_fname   /home/sufyan/Zephyr_IOMICO/zephyr-course/app/modules/ring_buf/device_runtime.h##75e2b27aba5bf278d7a0a8cb4ca7e689.gcov
  current_dir  /home/sufyan/Zephyr_IOMICO/zephyr-course/app/modules/ring_buf
  root         /home/sufyan/Zephyr_IOMICO/zephyr-course/app/modules/ring_buf
  starting_dir /home/sufyan/Zephyr_IOMICO/zephyr-course
  obj_dir      None
  gcda_fname   ../../../twister-out/native_sim_native/host/homework.unit.ring_buf/zephyr/kernel/CMakeFiles/kernel.dir/init.c.gcda
  --> fname    /home/sufyan/Zephyr_IOMICO/deps/zephyr/include/zephyr/pm/device_runtime.h
(DEBUG) Check if /home/sufyan/Zephyr_IOMICO/deps/zephyr/include/zephyr/pm/device_runtime.h is included (source file)...
(DEBUG)   No filter matched.
(DEBUG) --> File is excluded.
(DEBUG) Check if /home/sufyan/Zephyr_IOMICO/zephyr-course/app/modules/ring_buf/kernel.h##613194e766979d51f14f46fda6f8f0e6.gcov is included (trace)...
(DEBUG) --> File is excluded.
(DEBUG) Finding source file corresponding to a gcov data file
  gcov_fname   /home/sufyan/Zephyr_IOMICO/zephyr-course/app/modules/ring_buf/kernel.h##613194e766979d51f14f46fda6f8f0e6.gcov
  current_dir  /home/sufyan/Zephyr_IOMICO/zephyr-course/app/modules/ring_buf
  root         /home/sufyan/Zephyr_IOMICO/zephyr-course/app/modules/ring_buf
  starting_dir /home/sufyan/Zephyr_IOMICO/zephyr-course
  obj_dir      None
  gcda_fname   ../../../twister-out/native_sim_native/host/homework.unit.ring_buf/zephyr/kernel/CMakeFiles/kernel.dir/init.c.gcda
  --> fname    /home/sufyan/Zephyr_IOMICO/zephyr-course/twister-out/native_sim_native/host/homework.unit.ring_buf/zephyr/include/generated/zephyr/syscalls/kernel.h
(DEBUG) Check if /home/sufyan/Zephyr_IOMICO/zephyr-course/twister-out/native_sim_native/host/homework.unit.ring_buf/zephyr/include/generated/zephyr/syscalls/kernel.h is included (source file)...
(DEBUG) --> File is excluded.
(DEBUG) Check if /home/sufyan/Zephyr_IOMICO/zephyr-course/app/modules/ring_buf/kernel_arch_func.h##88c66a408d50fc91e01e60b8add8a403.gcov is included (trace)...
(DEBUG) --> File is excluded.
(DEBUG) Finding source file corresponding to a gcov data file
  gcov_fname   /home/sufyan/Zephyr_IOMICO/zephyr-course/app/modules/ring_buf/kernel_arch_func.h##88c66a408d50fc91e01e60b8add8a403.gcov
  current_dir  /home/sufyan/Zephyr_IOMICO/zephyr-course/app/modules/ring_buf
  root         /home/sufyan/Zephyr_IOMICO/zephyr-course/app/modules/ring_buf
  starting_dir /home/sufyan/Zephyr_IOMICO/zephyr-course
  obj_dir      None
  gcda_fname   ../../../twister-out/native_sim_native/host/homework.unit.ring_buf/zephyr/kernel/CMakeFiles/kernel.dir/init.c.gcda
  --> fname    /home/sufyan/Zephyr_IOMICO/deps/zephyr/arch/posix/include/kernel_arch_func.h
(DEBUG) Check if /home/sufyan/Zephyr_IOMICO/deps/zephyr/arch/posix/include/kernel_arch_func.h is included (source file)...
(DEBUG) --> File is excluded.
(DEBUG) Check if /home/sufyan/Zephyr_IOMICO/zephyr-course/app/modules/ring_buf/gcov.h##1499709cb5afd033e1e60dd64faec361.gcov is included (trace)...
(DEBUG)   No filter matched.
(DEBUG) --> File is excluded.
(DEBUG) Finding source file corresponding to a gcov data file
  gcov_fname   /home/sufyan/Zephyr_IOMICO/zephyr-course/app/modules/ring_buf/gcov.h##1499709cb5afd033e1e60dd64faec361.gcov
  current_dir  /home/sufyan/Zephyr_IOMICO/zephyr-course/app/modules/ring_buf
  root         /home/sufyan/Zephyr_IOMICO/zephyr-course/app/modules/ring_buf
  starting_dir /home/sufyan/Zephyr_IOMICO/zephyr-course
  obj_dir      None
  gcda_fname   ../../../twister-out/native_sim_native/host/homework.unit.ring_buf/zephyr/kernel/CMakeFiles/kernel.dir/init.c.gcda
  --> fname    /home/sufyan/Zephyr_IOMICO/deps/zephyr/include/zephyr/debug/gcov.h
(DEBUG) Check if /home/sufyan/Zephyr_IOMICO/deps/zephyr/include/zephyr/debug/gcov.h is included (source file)...
(DEBUG)   No filter matched.
(DEBUG) --> File is excluded.
(DEBUG) Check if /home/sufyan/Zephyr_IOMICO/zephyr-course/app/modules/ring_buf/init.c##c4aff2273e3756c070e56e7d48746a11.gcov is included (trace)...
(DEBUG)   No filter matched.
(DEBUG) --> File is excluded.
(DEBUG) Finding source file corresponding to a gcov data file
  gcov_fname   /home/sufyan/Zephyr_IOMICO/zephyr-course/app/modules/ring_buf/init.c##c4aff2273e3756c070e56e7d48746a11.gcov
  current_dir  /home/sufyan/Zephyr_IOMICO/zephyr-course/app/modules/ring_buf
  root         /home/sufyan/Zephyr_IOMICO/zephyr-course/app/modules/ring_buf
  starting_dir /home/sufyan/Zephyr_IOMICO/zephyr-course
  obj_dir      None
  gcda_fname   ../../../twister-out/native_sim_native/host/homework.unit.ring_buf/zephyr/kernel/CMakeFiles/kernel.dir/init.c.gcda
  --> fname    /home/sufyan/Zephyr_IOMICO/deps/zephyr/kernel/init.c
(DEBUG) Check if /home/sufyan/Zephyr_IOMICO/deps/zephyr/kernel/init.c is included (source file)...
(DEBUG)   No filter matched.
(DEBUG) --> File is excluded.
(DEBUG) Check if /home/sufyan/Zephyr_IOMICO/zephyr-course/twister-out/native_sim_native/host/homework.unit.ring_buf/zephyr/kernel/CMakeFiles/kernel.dir/kheap.c.gcno is included (trace)...
(DEBUG)   No filter matched.
(DEBUG) --> File is excluded.
(DEBUG) Check if /home/sufyan/Zephyr_IOMICO/zephyr-course/twister-out/native_sim_native/host/homework.unit.ring_buf/zephyr/kernel/CMakeFiles/kernel.dir/kheap.c.gcno is included (trace)...
(DEBUG) --> File is excluded.
(DEBUG) Check if kheap.c##c2637a0a8e51e2e9212999e5e967063f.gcov is included (gcov file)...
(DEBUG)   Filter AlwaysMatchFilter() matched.
(DEBUG) --> File is included.
(DEBUG) Check if wait_q.h##139d40669c3ee194b82a2646c4f8e821.gcov is included (gcov file)...
(DEBUG) --> File is included.
(DEBUG) Check if math_extras_impl.h##fd1fd6cd1812167b7644b3f8f3fe8aa2.gcov is included (gcov file)...
(DEBUG)   Filter AlwaysMatchFilter() matched.
(DEBUG) --> File is included.
(DEBUG) Check if kernel_arch_func.h##88c66a408d50fc91e01e60b8add8a403.gcov is included (gcov file)...
(DEBUG) --> File is included.
(DEBUG) Check if spinlock.h##ac54c28a46b90c889de3665abac3ef1a.gcov is included (gcov file)...
(DEBUG) --> File is included.
(DEBUG) Check if arch.h##dc70e81a221e00a96b5b011e55795c6f.gcov is included (gcov file)...
(DEBUG) --> File is included.
(DEBUG) Check if dlist.h##8b38c32f07439f20ffdd7079fc0c40eb.gcov is included (gcov file)...
(DEBUG) --> File is included.
(DEBUG) Check if /home/sufyan/Zephyr_IOMICO/zephyr-course/app/modules/ring_buf/wait_q.h##139d40669c3ee194b82a2646c4f8e821.gcov is included (trace)...
(DEBUG) --> File is excluded.
(DEBUG) Finding source file corresponding to a gcov data file
  gcov_fname   /home/sufyan/Zephyr_IOMICO/zephyr-course/app/modules/ring_buf/wait_q.h##139d40669c3ee194b82a2646c4f8e821.gcov
  current_dir  /home/sufyan/Zephyr_IOMICO/zephyr-course/app/modules/ring_buf
  root         /home/sufyan/Zephyr_IOMICO/zephyr-course/app/modules/ring_buf
  starting_dir /home/sufyan/Zephyr_IOMICO/zephyr-course
  obj_dir      None
  gcda_fname   ../../../twister-out/native_sim_native/host/homework.unit.ring_buf/zephyr/kernel/CMakeFiles/kernel.dir/kheap.c.gcno
  --> fname    /home/sufyan/Zephyr_IOMICO/deps/zephyr/kernel/include/wait_q.h
(DEBUG) Check if /home/sufyan/Zephyr_IOMICO/deps/zephyr/kernel/include/wait_q.h is included (source file)...
(DEBUG) --> File is excluded.
(DEBUG) Check if /home/sufyan/Zephyr_IOMICO/zephyr-course/app/modules/ring_buf/math_extras_impl.h##fd1fd6cd1812167b7644b3f8f3fe8aa2.gcov is included (trace)...
(DEBUG)   No filter matched.
(DEBUG) --> File is excluded.
(DEBUG) Finding source file corresponding to a gcov data file
  gcov_fname   /home/sufyan/Zephyr_IOMICO/zephyr-course/app/modules/ring_buf/math_extras_impl.h##fd1fd6cd1812167b7644b3f8f3fe8aa2.gcov
  current_dir  /home/sufyan/Zephyr_IOMICO/zephyr-course/app/modules/ring_buf
  root         /home/sufyan/Zephyr_IOMICO/zephyr-course/app/modules/ring_buf
  starting_dir /home/sufyan/Zephyr_IOMICO/zephyr-course
  obj_dir      None
  gcda_fname   ../../../twister-out/native_sim_native/host/homework.unit.ring_buf/zephyr/kernel/CMakeFiles/kernel.dir/kheap.c.gcno
  --> fname    /home/sufyan/Zephyr_IOMICO/deps/zephyr/include/zephyr/sys/math_extras_impl.h
(DEBUG) Check if /home/sufyan/Zephyr_IOMICO/deps/zephyr/include/zephyr/sys/math_extras_impl.h is included (source file)...
(DEBUG)   No filter matched.
(DEBUG) --> File is excluded.
(DEBUG) Check if /home/sufyan/Zephyr_IOMICO/zephyr-course/app/modules/ring_buf/spinlock.h##ac54c28a46b90c889de3665abac3ef1a.gcov is included (trace)...
(DEBUG) --> File is excluded.
(DEBUG) Finding source file corresponding to a gcov data file
  gcov_fname   /home/sufyan/Zephyr_IOMICO/zephyr-course/app/modules/ring_buf/spinlock.h##ac54c28a46b90c889de3665abac3ef1a.gcov
  current_dir  /home/sufyan/Zephyr_IOMICO/zephyr-course/app/modules/ring_buf
  root         /home/sufyan/Zephyr_IOMICO/zephyr-course/app/modules/ring_buf
  starting_dir /home/sufyan/Zephyr_IOMICO/zephyr-course
  obj_dir      None
  gcda_fname   ../../../twister-out/native_sim_native/host/homework.unit.ring_buf/zephyr/kernel/CMakeFiles/kernel.dir/kheap.c.gcno
  --> fname    /home/sufyan/Zephyr_IOMICO/deps/zephyr/include/zephyr/spinlock.h
(DEBUG) Check if /home/sufyan/Zephyr_IOMICO/deps/zephyr/include/zephyr/spinlock.h is included (source file)...
(DEBUG) --> File is excluded.
(DEBUG) Check if /home/sufyan/Zephyr_IOMICO/zephyr-course/app/modules/ring_buf/arch.h##dc70e81a221e00a96b5b011e55795c6f.gcov is included (trace)...
(DEBUG) --> File is excluded.
(DEBUG) Finding source file corresponding to a gcov data file
  gcov_fname   /home/sufyan/Zephyr_IOMICO/zephyr-course/app/modules/ring_buf/arch.h##dc70e81a221e00a96b5b011e55795c6f.gcov
  current_dir  /home/sufyan/Zephyr_IOMICO/zephyr-course/app/modules/ring_buf
  root         /home/sufyan/Zephyr_IOMICO/zephyr-course/app/modules/ring_buf
  starting_dir /home/sufyan/Zephyr_IOMICO/zephyr-course
  obj_dir      None
  gcda_fname   ../../../twister-out/native_sim_native/host/homework.unit.ring_buf/zephyr/kernel/CMakeFiles/kernel.dir/kheap.c.gcno
  --> fname    /home/sufyan/Zephyr_IOMICO/deps/zephyr/include/zephyr/arch/posix/arch.h
(DEBUG) Check if /home/sufyan/Zephyr_IOMICO/deps/zephyr/include/zephyr/arch/posix/arch.h is included (source file)...
(DEBUG) --> File is excluded.
(DEBUG) Check if /home/sufyan/Zephyr_IOMICO/zephyr-course/app/modules/ring_buf/kheap.c##c2637a0a8e51e2e9212999e5e967063f.gcov is included (trace)...
(DEBUG)   No filter matched.
(DEBUG) --> File is excluded.
(DEBUG) Finding source file corresponding to a gcov data file
  gcov_fname   /home/sufyan/Zephyr_IOMICO/zephyr-course/app/modules/ring_buf/kheap.c##c2637a0a8e51e2e9212999e5e967063f.gcov
  current_dir  /home/sufyan/Zephyr_IOMICO/zephyr-course/app/modules/ring_buf
  root         /home/sufyan/Zephyr_IOMICO/zephyr-course/app/modules/ring_buf
  starting_dir /home/sufyan/Zephyr_IOMICO/zephyr-course
  obj_dir      None
  gcda_fname   ../../../twister-out/native_sim_native/host/homework.unit.ring_buf/zephyr/kernel/CMakeFiles/kernel.dir/kheap.c.gcno
  --> fname    /home/sufyan/Zephyr_IOMICO/deps/zephyr/kernel/kheap.c
(DEBUG) Check if /home/sufyan/Zephyr_IOMICO/deps/zephyr/kernel/kheap.c is included (source file)...
(DEBUG)   No filter matched.
(DEBUG) --> File is excluded.
(DEBUG) Check if /home/sufyan/Zephyr_IOMICO/zephyr-course/app/modules/ring_buf/dlist.h##8b38c32f07439f20ffdd7079fc0c40eb.gcov is included (trace)...
(DEBUG) --> File is excluded.
(DEBUG) Finding source file corresponding to a gcov data file
  gcov_fname   /home/sufyan/Zephyr_IOMICO/zephyr-course/app/modules/ring_buf/dlist.h##8b38c32f07439f20ffdd7079fc0c40eb.gcov
  current_dir  /home/sufyan/Zephyr_IOMICO/zephyr-course/app/modules/ring_buf
  root         /home/sufyan/Zephyr_IOMICO/zephyr-course/app/modules/ring_buf
  starting_dir /home/sufyan/Zephyr_IOMICO/zephyr-course
  obj_dir      None
  gcda_fname   ../../../twister-out/native_sim_native/host/homework.unit.ring_buf/zephyr/kernel/CMakeFiles/kernel.dir/kheap.c.gcno
  --> fname    /home/sufyan/Zephyr_IOMICO/deps/zephyr/include/zephyr/sys/dlist.h
(DEBUG) Check if /home/sufyan/Zephyr_IOMICO/deps/zephyr/include/zephyr/sys/dlist.h is included (source file)...
(DEBUG) --> File is excluded.
(DEBUG) Check if /home/sufyan/Zephyr_IOMICO/zephyr-course/app/modules/ring_buf/kernel_arch_func.h##88c66a408d50fc91e01e60b8add8a403.gcov is included (trace)...
(DEBUG) --> File is excluded.
(DEBUG) Finding source file corresponding to a gcov data file
  gcov_fname   /home/sufyan/Zephyr_IOMICO/zephyr-course/app/modules/ring_buf/kernel_arch_func.h##88c66a408d50fc91e01e60b8add8a403.gcov
  current_dir  /home/sufyan/Zephyr_IOMICO/zephyr-course/app/modules/ring_buf
  root         /home/sufyan/Zephyr_IOMICO/zephyr-course/app/modules/ring_buf
  starting_dir /home/sufyan/Zephyr_IOMICO/zephyr-course
  obj_dir      None
  gcda_fname   ../../../twister-out/native_sim_native/host/homework.unit.ring_buf/zephyr/kernel/CMakeFiles/kernel.dir/kheap.c.gcno
  --> fname    /home/sufyan/Zephyr_IOMICO/deps/zephyr/arch/posix/include/kernel_arch_func.h
(DEBUG) Check if /home/sufyan/Zephyr_IOMICO/deps/zephyr/arch/posix/include/kernel_arch_func.h is included (source file)...
(DEBUG) --> File is excluded.
(DEBUG) Check if /home/sufyan/Zephyr_IOMICO/zephyr-course/twister-out/native_sim_native/host/homework.unit.ring_buf/zephyr/kernel/CMakeFiles/kernel.dir/mailbox.c.gcno is included (trace)...
(DEBUG)   No filter matched.
(DEBUG) --> File is excluded.
(DEBUG) Check if /home/sufyan/Zephyr_IOMICO/zephyr-course/twister-out/native_sim_native/host/homework.unit.ring_buf/zephyr/kernel/CMakeFiles/kernel.dir/mailbox.c.gcno is included (trace)...
(DEBUG) --> File is excluded.
(DEBUG) Check if mailbox.c##e4961d78a39f8b7f43eb0734163c27bd.gcov is included (gcov file)...
(DEBUG)   Filter AlwaysMatchFilter() matched.
(DEBUG) --> File is included.
(DEBUG) Check if wait_q.h##139d40669c3ee194b82a2646c4f8e821.gcov is included (gcov file)...
(DEBUG) --> File is included.
(DEBUG) Check if ksched.h##ef11ea29545001937978f4e3e23cbf23.gcov is included (gcov file)...
(DEBUG) --> File is included.
(DEBUG) Check if kthread.h##b13e19e9523584ac2e7cfe73fddb2b9b.gcov is included (gcov file)...
(DEBUG) --> File is included.
(DEBUG) Check if kernel_arch_func.h##88c66a408d50fc91e01e60b8add8a403.gcov is included (gcov file)...
(DEBUG) --> File is included.
(DEBUG) Check if kernel.h##613194e766979d51f14f46fda6f8f0e6.gcov is included (gcov file)...
(DEBUG) --> File is included.
(DEBUG) Check if spinlock.h##ac54c28a46b90c889de3665abac3ef1a.gcov is included (gcov file)...
(DEBUG) --> File is included.
(DEBUG) Check if arch.h##dc70e81a221e00a96b5b011e55795c6f.gcov is included (gcov file)...
(DEBUG) --> File is included.
(DEBUG) Check if dlist.h##8b38c32f07439f20ffdd7079fc0c40eb.gcov is included (gcov file)...
(DEBUG) --> File is included.
(DEBUG) Check if /home/sufyan/Zephyr_IOMICO/zephyr-course/app/modules/ring_buf/ksched.h##ef11ea29545001937978f4e3e23cbf23.gcov is included (trace)...
(DEBUG) --> File is excluded.
(DEBUG) Finding source file corresponding to a gcov data file
  gcov_fname   /home/sufyan/Zephyr_IOMICO/zephyr-course/app/modules/ring_buf/ksched.h##ef11ea29545001937978f4e3e23cbf23.gcov
  current_dir  /home/sufyan/Zephyr_IOMICO/zephyr-course/app/modules/ring_buf
  root         /home/sufyan/Zephyr_IOMICO/zephyr-course/app/modules/ring_buf
  starting_dir /home/sufyan/Zephyr_IOMICO/zephyr-course
  obj_dir      None
  gcda_fname   ../../../twister-out/native_sim_native/host/homework.unit.ring_buf/zephyr/kernel/CMakeFiles/kernel.dir/mailbox.c.gcno
  --> fname    /home/sufyan/Zephyr_IOMICO/deps/zephyr/kernel/include/ksched.h
(DEBUG) Check if /home/sufyan/Zephyr_IOMICO/deps/zephyr/kernel/include/ksched.h is included (source file)...
(DEBUG) --> File is excluded.
(DEBUG) Check if /home/sufyan/Zephyr_IOMICO/zephyr-course/app/modules/ring_buf/wait_q.h##139d40669c3ee194b82a2646c4f8e821.gcov is included (trace)...
(DEBUG) --> File is excluded.
(DEBUG) Finding source file corresponding to a gcov data file
  gcov_fname   /home/sufyan/Zephyr_IOMICO/zephyr-course/app/modules/ring_buf/wait_q.h##139d40669c3ee194b82a2646c4f8e821.gcov
  current_dir  /home/sufyan/Zephyr_IOMICO/zephyr-course/app/modules/ring_buf
  root         /home/sufyan/Zephyr_IOMICO/zephyr-course/app/modules/ring_buf
  starting_dir /home/sufyan/Zephyr_IOMICO/zephyr-course
  obj_dir      None
  gcda_fname   ../../../twister-out/native_sim_native/host/homework.unit.ring_buf/zephyr/kernel/CMakeFiles/kernel.dir/mailbox.c.gcno
  --> fname    /home/sufyan/Zephyr_IOMICO/deps/zephyr/kernel/include/wait_q.h
(DEBUG) Check if /home/sufyan/Zephyr_IOMICO/deps/zephyr/kernel/include/wait_q.h is included (source file)...
(DEBUG) --> File is excluded.
(DEBUG) Check if /home/sufyan/Zephyr_IOMICO/zephyr-course/app/modules/ring_buf/mailbox.c##e4961d78a39f8b7f43eb0734163c27bd.gcov is included (trace)...
(DEBUG)   No filter matched.
(DEBUG) --> File is excluded.
(DEBUG) Finding source file corresponding to a gcov data file
  gcov_fname   /home/sufyan/Zephyr_IOMICO/zephyr-course/app/modules/ring_buf/mailbox.c##e4961d78a39f8b7f43eb0734163c27bd.gcov
  current_dir  /home/sufyan/Zephyr_IOMICO/zephyr-course/app/modules/ring_buf
  root         /home/sufyan/Zephyr_IOMICO/zephyr-course/app/modules/ring_buf
  starting_dir /home/sufyan/Zephyr_IOMICO/zephyr-course
  obj_dir      None
  gcda_fname   ../../../twister-out/native_sim_native/host/homework.unit.ring_buf/zephyr/kernel/CMakeFiles/kernel.dir/mailbox.c.gcno
  --> fname    /home/sufyan/Zephyr_IOMICO/deps/zephyr/kernel/mailbox.c
(DEBUG) Check if /home/sufyan/Zephyr_IOMICO/deps/zephyr/kernel/mailbox.c is included (source file)...
(DEBUG)   No filter matched.
(DEBUG) --> File is excluded.
(DEBUG) Check if /home/sufyan/Zephyr_IOMICO/zephyr-course/app/modules/ring_buf/kthread.h##b13e19e9523584ac2e7cfe73fddb2b9b.gcov is included (trace)...
(DEBUG) --> File is excluded.
(DEBUG) Finding source file corresponding to a gcov data file
  gcov_fname   /home/sufyan/Zephyr_IOMICO/zephyr-course/app/modules/ring_buf/kthread.h##b13e19e9523584ac2e7cfe73fddb2b9b.gcov
  current_dir  /home/sufyan/Zephyr_IOMICO/zephyr-course/app/modules/ring_buf
  root         /home/sufyan/Zephyr_IOMICO/zephyr-course/app/modules/ring_buf
  starting_dir /home/sufyan/Zephyr_IOMICO/zephyr-course
  obj_dir      None
  gcda_fname   ../../../twister-out/native_sim_native/host/homework.unit.ring_buf/zephyr/kernel/CMakeFiles/kernel.dir/mailbox.c.gcno
  --> fname    /home/sufyan/Zephyr_IOMICO/deps/zephyr/kernel/include/kthread.h
(DEBUG) Check if /home/sufyan/Zephyr_IOMICO/deps/zephyr/kernel/include/kthread.h is included (source file)...
(DEBUG) --> File is excluded.
(DEBUG) Check if /home/sufyan/Zephyr_IOMICO/zephyr-course/app/modules/ring_buf/spinlock.h##ac54c28a46b90c889de3665abac3ef1a.gcov is included (trace)...
(DEBUG) --> File is excluded.
(DEBUG) Finding source file corresponding to a gcov data file
  gcov_fname   /home/sufyan/Zephyr_IOMICO/zephyr-course/app/modules/ring_buf/spinlock.h##ac54c28a46b90c889de3665abac3ef1a.gcov
  current_dir  /home/sufyan/Zephyr_IOMICO/zephyr-course/app/modules/ring_buf
  root         /home/sufyan/Zephyr_IOMICO/zephyr-course/app/modules/ring_buf
  starting_dir /home/sufyan/Zephyr_IOMICO/zephyr-course
  obj_dir      None
  gcda_fname   ../../../twister-out/native_sim_native/host/homework.unit.ring_buf/zephyr/kernel/CMakeFiles/kernel.dir/mailbox.c.gcno
  --> fname    /home/sufyan/Zephyr_IOMICO/deps/zephyr/include/zephyr/spinlock.h
(DEBUG) Check if /home/sufyan/Zephyr_IOMICO/deps/zephyr/include/zephyr/spinlock.h is included (source file)...
(DEBUG) --> File is excluded.
(DEBUG) Check if /home/sufyan/Zephyr_IOMICO/zephyr-course/app/modules/ring_buf/arch.h##dc70e81a221e00a96b5b011e55795c6f.gcov is included (trace)...
(DEBUG) --> File is excluded.
(DEBUG) Finding source file corresponding to a gcov data file
  gcov_fname   /home/sufyan/Zephyr_IOMICO/zephyr-course/app/modules/ring_buf/arch.h##dc70e81a221e00a96b5b011e55795c6f.gcov
  current_dir  /home/sufyan/Zephyr_IOMICO/zephyr-course/app/modules/ring_buf
  root         /home/sufyan/Zephyr_IOMICO/zephyr-course/app/modules/ring_buf
  starting_dir /home/sufyan/Zephyr_IOMICO/zephyr-course
  obj_dir      None
  gcda_fname   ../../../twister-out/native_sim_native/host/homework.unit.ring_buf/zephyr/kernel/CMakeFiles/kernel.dir/mailbox.c.gcno
  --> fname    /home/sufyan/Zephyr_IOMICO/deps/zephyr/include/zephyr/arch/posix/arch.h
(DEBUG) Check if /home/sufyan/Zephyr_IOMICO/deps/zephyr/include/zephyr/arch/posix/arch.h is included (source file)...
(DEBUG) --> File is excluded.
(DEBUG) Check if /home/sufyan/Zephyr_IOMICO/zephyr-course/app/modules/ring_buf/dlist.h##8b38c32f07439f20ffdd7079fc0c40eb.gcov is included (trace)...
(DEBUG) --> File is excluded.
(DEBUG) Finding source file corresponding to a gcov data file
  gcov_fname   /home/sufyan/Zephyr_IOMICO/zephyr-course/app/modules/ring_buf/dlist.h##8b38c32f07439f20ffdd7079fc0c40eb.gcov
  current_dir  /home/sufyan/Zephyr_IOMICO/zephyr-course/app/modules/ring_buf
  root         /home/sufyan/Zephyr_IOMICO/zephyr-course/app/modules/ring_buf
  starting_dir /home/sufyan/Zephyr_IOMICO/zephyr-course
  obj_dir      None
  gcda_fname   ../../../twister-out/native_sim_native/host/homework.unit.ring_buf/zephyr/kernel/CMakeFiles/kernel.dir/mailbox.c.gcno
  --> fname    /home/sufyan/Zephyr_IOMICO/deps/zephyr/include/zephyr/sys/dlist.h
(DEBUG) Check if /home/sufyan/Zephyr_IOMICO/deps/zephyr/include/zephyr/sys/dlist.h is included (source file)...
(DEBUG) --> File is excluded.
(DEBUG) Check if /home/sufyan/Zephyr_IOMICO/zephyr-course/app/modules/ring_buf/kernel.h##613194e766979d51f14f46fda6f8f0e6.gcov is included (trace)...
(DEBUG) --> File is excluded.
(DEBUG) Finding source file corresponding to a gcov data file
  gcov_fname   /home/sufyan/Zephyr_IOMICO/zephyr-course/app/modules/ring_buf/kernel.h##613194e766979d51f14f46fda6f8f0e6.gcov
  current_dir  /home/sufyan/Zephyr_IOMICO/zephyr-course/app/modules/ring_buf
  root         /home/sufyan/Zephyr_IOMICO/zephyr-course/app/modules/ring_buf
  starting_dir /home/sufyan/Zephyr_IOMICO/zephyr-course
  obj_dir      None
  gcda_fname   ../../../twister-out/native_sim_native/host/homework.unit.ring_buf/zephyr/kernel/CMakeFiles/kernel.dir/mailbox.c.gcno
  --> fname    /home/sufyan/Zephyr_IOMICO/zephyr-course/twister-out/native_sim_native/host/homework.unit.ring_buf/zephyr/include/generated/zephyr/syscalls/kernel.h
(DEBUG) Check if /home/sufyan/Zephyr_IOMICO/zephyr-course/twister-out/native_sim_native/host/homework.unit.ring_buf/zephyr/include/generated/zephyr/syscalls/kernel.h is included (source file)...
(DEBUG) --> File is excluded.
(DEBUG) Check if /home/sufyan/Zephyr_IOMICO/zephyr-course/app/modules/ring_buf/kernel_arch_func.h##88c66a408d50fc91e01e60b8add8a403.gcov is included (trace)...
(DEBUG) --> File is excluded.
(DEBUG) Finding source file corresponding to a gcov data file
  gcov_fname   /home/sufyan/Zephyr_IOMICO/zephyr-course/app/modules/ring_buf/kernel_arch_func.h##88c66a408d50fc91e01e60b8add8a403.gcov
  current_dir  /home/sufyan/Zephyr_IOMICO/zephyr-course/app/modules/ring_buf
  root         /home/sufyan/Zephyr_IOMICO/zephyr-course/app/modules/ring_buf
  starting_dir /home/sufyan/Zephyr_IOMICO/zephyr-course
  obj_dir      None
  gcda_fname   ../../../twister-out/native_sim_native/host/homework.unit.ring_buf/zephyr/kernel/CMakeFiles/kernel.dir/mailbox.c.gcno
  --> fname    /home/sufyan/Zephyr_IOMICO/deps/zephyr/arch/posix/include/kernel_arch_func.h
(DEBUG) Check if /home/sufyan/Zephyr_IOMICO/deps/zephyr/arch/posix/include/kernel_arch_func.h is included (source file)...
(DEBUG) --> File is excluded.
(DEBUG) Check if /home/sufyan/Zephyr_IOMICO/zephyr-course/twister-out/native_sim_native/host/homework.unit.ring_buf/zephyr/kernel/CMakeFiles/kernel.dir/main_weak.c.gcno is included (trace)...
(DEBUG)   No filter matched.
(DEBUG) --> File is excluded.
(DEBUG) Check if /home/sufyan/Zephyr_IOMICO/zephyr-course/twister-out/native_sim_native/host/homework.unit.ring_buf/zephyr/kernel/CMakeFiles/kernel.dir/main_weak.c.gcno is included (trace)...
(DEBUG) --> File is excluded.
(DEBUG) Check if main_weak.c##602d21d6f38b491b6f4f9324cf2e8845.gcov is included (gcov file)...
(DEBUG)   Filter AlwaysMatchFilter() matched.
(DEBUG) --> File is included.
(DEBUG) Check if arch.h##dc70e81a221e00a96b5b011e55795c6f.gcov is included (gcov file)...
(DEBUG) --> File is included.
(DEBUG) Check if /home/sufyan/Zephyr_IOMICO/zephyr-course/app/modules/ring_buf/arch.h##dc70e81a221e00a96b5b011e55795c6f.gcov is included (trace)...
(DEBUG) --> File is excluded.
(DEBUG) Finding source file corresponding to a gcov data file
  gcov_fname   /home/sufyan/Zephyr_IOMICO/zephyr-course/app/modules/ring_buf/arch.h##dc70e81a221e00a96b5b011e55795c6f.gcov
  current_dir  /home/sufyan/Zephyr_IOMICO/zephyr-course/app/modules/ring_buf
  root         /home/sufyan/Zephyr_IOMICO/zephyr-course/app/modules/ring_buf
  starting_dir /home/sufyan/Zephyr_IOMICO/zephyr-course
  obj_dir      None
  gcda_fname   ../../../twister-out/native_sim_native/host/homework.unit.ring_buf/zephyr/kernel/CMakeFiles/kernel.dir/main_weak.c.gcno
  --> fname    /home/sufyan/Zephyr_IOMICO/deps/zephyr/include/zephyr/arch/posix/arch.h
(DEBUG) Check if /home/sufyan/Zephyr_IOMICO/deps/zephyr/include/zephyr/arch/posix/arch.h is included (source file)...
(DEBUG) --> File is excluded.
(DEBUG) Check if /home/sufyan/Zephyr_IOMICO/zephyr-course/app/modules/ring_buf/main_weak.c##602d21d6f38b491b6f4f9324cf2e8845.gcov is included (trace)...
(DEBUG)   No filter matched.
(DEBUG) --> File is excluded.
(DEBUG) Finding source file corresponding to a gcov data file
  gcov_fname   /home/sufyan/Zephyr_IOMICO/zephyr-course/app/modules/ring_buf/main_weak.c##602d21d6f38b491b6f4f9324cf2e8845.gcov
  current_dir  /home/sufyan/Zephyr_IOMICO/zephyr-course/app/modules/ring_buf
  root         /home/sufyan/Zephyr_IOMICO/zephyr-course/app/modules/ring_buf
  starting_dir /home/sufyan/Zephyr_IOMICO/zephyr-course
  obj_dir      None
  gcda_fname   ../../../twister-out/native_sim_native/host/homework.unit.ring_buf/zephyr/kernel/CMakeFiles/kernel.dir/main_weak.c.gcno
  --> fname    /home/sufyan/Zephyr_IOMICO/deps/zephyr/kernel/main_weak.c
(DEBUG) Check if /home/sufyan/Zephyr_IOMICO/deps/zephyr/kernel/main_weak.c is included (source file)...
(DEBUG)   No filter matched.
(DEBUG) --> File is excluded.
(DEBUG) Check if /home/sufyan/Zephyr_IOMICO/zephyr-course/twister-out/native_sim_native/host/homework.unit.ring_buf/zephyr/kernel/CMakeFiles/kernel.dir/mem_slab.c.gcno is included (trace)...
(DEBUG)   No filter matched.
(DEBUG) --> File is excluded.
(DEBUG) Check if /home/sufyan/Zephyr_IOMICO/zephyr-course/twister-out/native_sim_native/host/homework.unit.ring_buf/zephyr/kernel/CMakeFiles/kernel.dir/mem_slab.c.gcno is included (trace)...
(DEBUG) --> File is excluded.
(DEBUG) Check if mem_slab.c##c7528636736c31176f0acbd49747cf3d.gcov is included (gcov file)...
(DEBUG)   Filter AlwaysMatchFilter() matched.
(DEBUG) --> File is included.
(DEBUG) Check if wait_q.h##139d40669c3ee194b82a2646c4f8e821.gcov is included (gcov file)...
(DEBUG) --> File is included.
(DEBUG) Check if ksched.h##ef11ea29545001937978f4e3e23cbf23.gcov is included (gcov file)...
(DEBUG) --> File is included.
(DEBUG) Check if priority_q.h##e09451b433d85721cb295db4cbfe45f5.gcov is included (gcov file)...
(DEBUG) --> File is included.
(DEBUG) Check if kthread.h##b13e19e9523584ac2e7cfe73fddb2b9b.gcov is included (gcov file)...
(DEBUG) --> File is included.
(DEBUG) Check if timeout_q.h##569a3e528a9234fdc294fc6409c26869.gcov is included (gcov file)...
(DEBUG) --> File is included.
(DEBUG) Check if kernel_internal.h##d53f9a5de702617b658ebe7dd715cfb5.gcov is included (gcov file)...
(DEBUG)   Filter AlwaysMatchFilter() matched.
(DEBUG) --> File is included.
(DEBUG) Check if kernel_arch_func.h##88c66a408d50fc91e01e60b8add8a403.gcov is included (gcov file)...
(DEBUG) --> File is included.
(DEBUG) Check if kobject_internal.h##d9e662f1f754d31d24eb20c0b43248dd.gcov is included (gcov file)...
(DEBUG) --> File is included.
(DEBUG) Check if spinlock.h##ac54c28a46b90c889de3665abac3ef1a.gcov is included (gcov file)...
(DEBUG) --> File is included.
(DEBUG) Check if arch.h##dc70e81a221e00a96b5b011e55795c6f.gcov is included (gcov file)...
(DEBUG) --> File is included.
(DEBUG) Check if dlist.h##8b38c32f07439f20ffdd7079fc0c40eb.gcov is included (gcov file)...
(DEBUG) --> File is included.
(DEBUG) Check if /home/sufyan/Zephyr_IOMICO/zephyr-course/app/modules/ring_buf/ksched.h##ef11ea29545001937978f4e3e23cbf23.gcov is included (trace)...
(DEBUG) --> File is excluded.
(DEBUG) Finding source file corresponding to a gcov data file
  gcov_fname   /home/sufyan/Zephyr_IOMICO/zephyr-course/app/modules/ring_buf/ksched.h##ef11ea29545001937978f4e3e23cbf23.gcov
  current_dir  /home/sufyan/Zephyr_IOMICO/zephyr-course/app/modules/ring_buf
  root         /home/sufyan/Zephyr_IOMICO/zephyr-course/app/modules/ring_buf
  starting_dir /home/sufyan/Zephyr_IOMICO/zephyr-course
  obj_dir      None
  gcda_fname   ../../../twister-out/native_sim_native/host/homework.unit.ring_buf/zephyr/kernel/CMakeFiles/kernel.dir/mem_slab.c.gcno
  --> fname    /home/sufyan/Zephyr_IOMICO/deps/zephyr/kernel/include/ksched.h
(DEBUG) Check if /home/sufyan/Zephyr_IOMICO/deps/zephyr/kernel/include/ksched.h is included (source file)...
(DEBUG) --> File is excluded.
(DEBUG) Check if /home/sufyan/Zephyr_IOMICO/zephyr-course/app/modules/ring_buf/wait_q.h##139d40669c3ee194b82a2646c4f8e821.gcov is included (trace)...
(DEBUG) --> File is excluded.
(DEBUG) Finding source file corresponding to a gcov data file
  gcov_fname   /home/sufyan/Zephyr_IOMICO/zephyr-course/app/modules/ring_buf/wait_q.h##139d40669c3ee194b82a2646c4f8e821.gcov
  current_dir  /home/sufyan/Zephyr_IOMICO/zephyr-course/app/modules/ring_buf
  root         /home/sufyan/Zephyr_IOMICO/zephyr-course/app/modules/ring_buf
  starting_dir /home/sufyan/Zephyr_IOMICO/zephyr-course
  obj_dir      None
  gcda_fname   ../../../twister-out/native_sim_native/host/homework.unit.ring_buf/zephyr/kernel/CMakeFiles/kernel.dir/mem_slab.c.gcno
  --> fname    /home/sufyan/Zephyr_IOMICO/deps/zephyr/kernel/include/wait_q.h
(DEBUG) Check if /home/sufyan/Zephyr_IOMICO/deps/zephyr/kernel/include/wait_q.h is included (source file)...
(DEBUG) --> File is excluded.
(DEBUG) Check if /home/sufyan/Zephyr_IOMICO/zephyr-course/app/modules/ring_buf/kernel_internal.h##d53f9a5de702617b658ebe7dd715cfb5.gcov is included (trace)...
(DEBUG)   No filter matched.
(DEBUG) --> File is excluded.
(DEBUG) Finding source file corresponding to a gcov data file
  gcov_fname   /home/sufyan/Zephyr_IOMICO/zephyr-course/app/modules/ring_buf/kernel_internal.h##d53f9a5de702617b658ebe7dd715cfb5.gcov
  current_dir  /home/sufyan/Zephyr_IOMICO/zephyr-course/app/modules/ring_buf
  root         /home/sufyan/Zephyr_IOMICO/zephyr-course/app/modules/ring_buf
  starting_dir /home/sufyan/Zephyr_IOMICO/zephyr-course
  obj_dir      None
  gcda_fname   ../../../twister-out/native_sim_native/host/homework.unit.ring_buf/zephyr/kernel/CMakeFiles/kernel.dir/mem_slab.c.gcno
  --> fname    /home/sufyan/Zephyr_IOMICO/deps/zephyr/kernel/include/kernel_internal.h
(DEBUG) Check if /home/sufyan/Zephyr_IOMICO/deps/zephyr/kernel/include/kernel_internal.h is included (source file)...
(DEBUG)   No filter matched.
(DEBUG) --> File is excluded.
(DEBUG) Check if /home/sufyan/Zephyr_IOMICO/zephyr-course/app/modules/ring_buf/timeout_q.h##569a3e528a9234fdc294fc6409c26869.gcov is included (trace)...
(DEBUG) --> File is excluded.
(DEBUG) Finding source file corresponding to a gcov data file
  gcov_fname   /home/sufyan/Zephyr_IOMICO/zephyr-course/app/modules/ring_buf/timeout_q.h##569a3e528a9234fdc294fc6409c26869.gcov
  current_dir  /home/sufyan/Zephyr_IOMICO/zephyr-course/app/modules/ring_buf
  root         /home/sufyan/Zephyr_IOMICO/zephyr-course/app/modules/ring_buf
  starting_dir /home/sufyan/Zephyr_IOMICO/zephyr-course
  obj_dir      None
  gcda_fname   ../../../twister-out/native_sim_native/host/homework.unit.ring_buf/zephyr/kernel/CMakeFiles/kernel.dir/mem_slab.c.gcno
  --> fname    /home/sufyan/Zephyr_IOMICO/deps/zephyr/kernel/include/timeout_q.h
(DEBUG) Check if /home/sufyan/Zephyr_IOMICO/deps/zephyr/kernel/include/timeout_q.h is included (source file)...
(DEBUG) --> File is excluded.
(DEBUG) Check if /home/sufyan/Zephyr_IOMICO/zephyr-course/app/modules/ring_buf/mem_slab.c##c7528636736c31176f0acbd49747cf3d.gcov is included (trace)...
(DEBUG)   No filter matched.
(DEBUG) --> File is excluded.
(DEBUG) Finding source file corresponding to a gcov data file
  gcov_fname   /home/sufyan/Zephyr_IOMICO/zephyr-course/app/modules/ring_buf/mem_slab.c##c7528636736c31176f0acbd49747cf3d.gcov
  current_dir  /home/sufyan/Zephyr_IOMICO/zephyr-course/app/modules/ring_buf
  root         /home/sufyan/Zephyr_IOMICO/zephyr-course/app/modules/ring_buf
  starting_dir /home/sufyan/Zephyr_IOMICO/zephyr-course
  obj_dir      None
  gcda_fname   ../../../twister-out/native_sim_native/host/homework.unit.ring_buf/zephyr/kernel/CMakeFiles/kernel.dir/mem_slab.c.gcno
  --> fname    /home/sufyan/Zephyr_IOMICO/deps/zephyr/kernel/mem_slab.c
(DEBUG) Check if /home/sufyan/Zephyr_IOMICO/deps/zephyr/kernel/mem_slab.c is included (source file)...
(DEBUG)   No filter matched.
(DEBUG) --> File is excluded.
(DEBUG) Check if /home/sufyan/Zephyr_IOMICO/zephyr-course/app/modules/ring_buf/kthread.h##b13e19e9523584ac2e7cfe73fddb2b9b.gcov is included (trace)...
(DEBUG) --> File is excluded.
(DEBUG) Finding source file corresponding to a gcov data file
  gcov_fname   /home/sufyan/Zephyr_IOMICO/zephyr-course/app/modules/ring_buf/kthread.h##b13e19e9523584ac2e7cfe73fddb2b9b.gcov
  current_dir  /home/sufyan/Zephyr_IOMICO/zephyr-course/app/modules/ring_buf
  root         /home/sufyan/Zephyr_IOMICO/zephyr-course/app/modules/ring_buf
  starting_dir /home/sufyan/Zephyr_IOMICO/zephyr-course
  obj_dir      None
  gcda_fname   ../../../twister-out/native_sim_native/host/homework.unit.ring_buf/zephyr/kernel/CMakeFiles/kernel.dir/mem_slab.c.gcno
  --> fname    /home/sufyan/Zephyr_IOMICO/deps/zephyr/kernel/include/kthread.h
(DEBUG) Check if /home/sufyan/Zephyr_IOMICO/deps/zephyr/kernel/include/kthread.h is included (source file)...
(DEBUG) --> File is excluded.
(DEBUG) Check if /home/sufyan/Zephyr_IOMICO/zephyr-course/app/modules/ring_buf/spinlock.h##ac54c28a46b90c889de3665abac3ef1a.gcov is included (trace)...
(DEBUG) --> File is excluded.
(DEBUG) Finding source file corresponding to a gcov data file
  gcov_fname   /home/sufyan/Zephyr_IOMICO/zephyr-course/app/modules/ring_buf/spinlock.h##ac54c28a46b90c889de3665abac3ef1a.gcov
  current_dir  /home/sufyan/Zephyr_IOMICO/zephyr-course/app/modules/ring_buf
  root         /home/sufyan/Zephyr_IOMICO/zephyr-course/app/modules/ring_buf
  starting_dir /home/sufyan/Zephyr_IOMICO/zephyr-course
  obj_dir      None
  gcda_fname   ../../../twister-out/native_sim_native/host/homework.unit.ring_buf/zephyr/kernel/CMakeFiles/kernel.dir/mem_slab.c.gcno
  --> fname    /home/sufyan/Zephyr_IOMICO/deps/zephyr/include/zephyr/spinlock.h
(DEBUG) Check if /home/sufyan/Zephyr_IOMICO/deps/zephyr/include/zephyr/spinlock.h is included (source file)...
(DEBUG) --> File is excluded.
(DEBUG) Check if /home/sufyan/Zephyr_IOMICO/zephyr-course/app/modules/ring_buf/arch.h##dc70e81a221e00a96b5b011e55795c6f.gcov is included (trace)...
(DEBUG) --> File is excluded.
(DEBUG) Finding source file corresponding to a gcov data file
  gcov_fname   /home/sufyan/Zephyr_IOMICO/zephyr-course/app/modules/ring_buf/arch.h##dc70e81a221e00a96b5b011e55795c6f.gcov
  current_dir  /home/sufyan/Zephyr_IOMICO/zephyr-course/app/modules/ring_buf
  root         /home/sufyan/Zephyr_IOMICO/zephyr-course/app/modules/ring_buf
  starting_dir /home/sufyan/Zephyr_IOMICO/zephyr-course
  obj_dir      None
  gcda_fname   ../../../twister-out/native_sim_native/host/homework.unit.ring_buf/zephyr/kernel/CMakeFiles/kernel.dir/mem_slab.c.gcno
  --> fname    /home/sufyan/Zephyr_IOMICO/deps/zephyr/include/zephyr/arch/posix/arch.h
(DEBUG) Check if /home/sufyan/Zephyr_IOMICO/deps/zephyr/include/zephyr/arch/posix/arch.h is included (source file)...
(DEBUG) --> File is excluded.
(DEBUG) Check if /home/sufyan/Zephyr_IOMICO/zephyr-course/app/modules/ring_buf/kobject_internal.h##d9e662f1f754d31d24eb20c0b43248dd.gcov is included (trace)...
(DEBUG) --> File is excluded.
(DEBUG) Finding source file corresponding to a gcov data file
  gcov_fname   /home/sufyan/Zephyr_IOMICO/zephyr-course/app/modules/ring_buf/kobject_internal.h##d9e662f1f754d31d24eb20c0b43248dd.gcov
  current_dir  /home/sufyan/Zephyr_IOMICO/zephyr-course/app/modules/ring_buf
  root         /home/sufyan/Zephyr_IOMICO/zephyr-course/app/modules/ring_buf
  starting_dir /home/sufyan/Zephyr_IOMICO/zephyr-course
  obj_dir      None
  gcda_fname   ../../../twister-out/native_sim_native/host/homework.unit.ring_buf/zephyr/kernel/CMakeFiles/kernel.dir/mem_slab.c.gcno
  --> fname    /home/sufyan/Zephyr_IOMICO/deps/zephyr/include/zephyr/sys/internal/kobject_internal.h
(DEBUG) Check if /home/sufyan/Zephyr_IOMICO/deps/zephyr/include/zephyr/sys/internal/kobject_internal.h is included (source file)...
(DEBUG) --> File is excluded.
(DEBUG) Check if /home/sufyan/Zephyr_IOMICO/zephyr-course/app/modules/ring_buf/dlist.h##8b38c32f07439f20ffdd7079fc0c40eb.gcov is included (trace)...
(DEBUG) --> File is excluded.
(DEBUG) Finding source file corresponding to a gcov data file
  gcov_fname   /home/sufyan/Zephyr_IOMICO/zephyr-course/app/modules/ring_buf/dlist.h##8b38c32f07439f20ffdd7079fc0c40eb.gcov
  current_dir  /home/sufyan/Zephyr_IOMICO/zephyr-course/app/modules/ring_buf
  root         /home/sufyan/Zephyr_IOMICO/zephyr-course/app/modules/ring_buf
  starting_dir /home/sufyan/Zephyr_IOMICO/zephyr-course
  obj_dir      None
  gcda_fname   ../../../twister-out/native_sim_native/host/homework.unit.ring_buf/zephyr/kernel/CMakeFiles/kernel.dir/mem_slab.c.gcno
  --> fname    /home/sufyan/Zephyr_IOMICO/deps/zephyr/include/zephyr/sys/dlist.h
(DEBUG) Check if /home/sufyan/Zephyr_IOMICO/deps/zephyr/include/zephyr/sys/dlist.h is included (source file)...
(DEBUG) --> File is excluded.
(DEBUG) Check if /home/sufyan/Zephyr_IOMICO/zephyr-course/app/modules/ring_buf/kernel_arch_func.h##88c66a408d50fc91e01e60b8add8a403.gcov is included (trace)...
(DEBUG) --> File is excluded.
(DEBUG) Finding source file corresponding to a gcov data file
  gcov_fname   /home/sufyan/Zephyr_IOMICO/zephyr-course/app/modules/ring_buf/kernel_arch_func.h##88c66a408d50fc91e01e60b8add8a403.gcov
  current_dir  /home/sufyan/Zephyr_IOMICO/zephyr-course/app/modules/ring_buf
  root         /home/sufyan/Zephyr_IOMICO/zephyr-course/app/modules/ring_buf
  starting_dir /home/sufyan/Zephyr_IOMICO/zephyr-course
  obj_dir      None
  gcda_fname   ../../../twister-out/native_sim_native/host/homework.unit.ring_buf/zephyr/kernel/CMakeFiles/kernel.dir/mem_slab.c.gcno
  --> fname    /home/sufyan/Zephyr_IOMICO/deps/zephyr/arch/posix/include/kernel_arch_func.h
(DEBUG) Check if /home/sufyan/Zephyr_IOMICO/deps/zephyr/arch/posix/include/kernel_arch_func.h is included (source file)...
(DEBUG) --> File is excluded.
(DEBUG) Check if /home/sufyan/Zephyr_IOMICO/zephyr-course/app/modules/ring_buf/priority_q.h##e09451b433d85721cb295db4cbfe45f5.gcov is included (trace)...
(DEBUG) --> File is excluded.
(DEBUG) Finding source file corresponding to a gcov data file
  gcov_fname   /home/sufyan/Zephyr_IOMICO/zephyr-course/app/modules/ring_buf/priority_q.h##e09451b433d85721cb295db4cbfe45f5.gcov
  current_dir  /home/sufyan/Zephyr_IOMICO/zephyr-course/app/modules/ring_buf
  root         /home/sufyan/Zephyr_IOMICO/zephyr-course/app/modules/ring_buf
  starting_dir /home/sufyan/Zephyr_IOMICO/zephyr-course
  obj_dir      None
  gcda_fname   ../../../twister-out/native_sim_native/host/homework.unit.ring_buf/zephyr/kernel/CMakeFiles/kernel.dir/mem_slab.c.gcno
  --> fname    /home/sufyan/Zephyr_IOMICO/deps/zephyr/kernel/include/priority_q.h
(DEBUG) Check if /home/sufyan/Zephyr_IOMICO/deps/zephyr/kernel/include/priority_q.h is included (source file)...
(DEBUG) --> File is excluded.
(DEBUG) Check if /home/sufyan/Zephyr_IOMICO/zephyr-course/twister-out/native_sim_native/host/homework.unit.ring_buf/zephyr/kernel/CMakeFiles/kernel.dir/mempool.c.gcno is included (trace)...
(DEBUG)   No filter matched.
(DEBUG) --> File is excluded.
(DEBUG) Check if /home/sufyan/Zephyr_IOMICO/zephyr-course/twister-out/native_sim_native/host/homework.unit.ring_buf/zephyr/kernel/CMakeFiles/kernel.dir/mempool.c.gcno is included (trace)...
(DEBUG) --> File is excluded.
(DEBUG) Check if mempool.c##2276b9bdad549c2cbbe5e0b18e11f6c0.gcov is included (gcov file)...
(DEBUG)   Filter AlwaysMatchFilter() matched.
(DEBUG) --> File is included.
(DEBUG) Check if math_extras_impl.h##fd1fd6cd1812167b7644b3f8f3fe8aa2.gcov is included (gcov file)...
(DEBUG) --> File is included.
(DEBUG) Check if spinlock.h##ac54c28a46b90c889de3665abac3ef1a.gcov is included (gcov file)...
(DEBUG) --> File is included.
(DEBUG) Check if arch.h##dc70e81a221e00a96b5b011e55795c6f.gcov is included (gcov file)...
(DEBUG) --> File is included.
(DEBUG) Check if /home/sufyan/Zephyr_IOMICO/zephyr-course/app/modules/ring_buf/arch.h##dc70e81a221e00a96b5b011e55795c6f.gcov is included (trace)...
(DEBUG) --> File is excluded.
(DEBUG) Finding source file corresponding to a gcov data file
  gcov_fname   /home/sufyan/Zephyr_IOMICO/zephyr-course/app/modules/ring_buf/arch.h##dc70e81a221e00a96b5b011e55795c6f.gcov
  current_dir  /home/sufyan/Zephyr_IOMICO/zephyr-course/app/modules/ring_buf
  root         /home/sufyan/Zephyr_IOMICO/zephyr-course/app/modules/ring_buf
  starting_dir /home/sufyan/Zephyr_IOMICO/zephyr-course
  obj_dir      None
  gcda_fname   ../../../twister-out/native_sim_native/host/homework.unit.ring_buf/zephyr/kernel/CMakeFiles/kernel.dir/mempool.c.gcno
  --> fname    /home/sufyan/Zephyr_IOMICO/deps/zephyr/include/zephyr/arch/posix/arch.h
(DEBUG) Check if /home/sufyan/Zephyr_IOMICO/deps/zephyr/include/zephyr/arch/posix/arch.h is included (source file)...
(DEBUG) --> File is excluded.
(DEBUG) Check if /home/sufyan/Zephyr_IOMICO/zephyr-course/app/modules/ring_buf/spinlock.h##ac54c28a46b90c889de3665abac3ef1a.gcov is included (trace)...
(DEBUG) --> File is excluded.
(DEBUG) Finding source file corresponding to a gcov data file
  gcov_fname   /home/sufyan/Zephyr_IOMICO/zephyr-course/app/modules/ring_buf/spinlock.h##ac54c28a46b90c889de3665abac3ef1a.gcov
  current_dir  /home/sufyan/Zephyr_IOMICO/zephyr-course/app/modules/ring_buf
  root         /home/sufyan/Zephyr_IOMICO/zephyr-course/app/modules/ring_buf
  starting_dir /home/sufyan/Zephyr_IOMICO/zephyr-course
  obj_dir      None
  gcda_fname   ../../../twister-out/native_sim_native/host/homework.unit.ring_buf/zephyr/kernel/CMakeFiles/kernel.dir/mempool.c.gcno
  --> fname    /home/sufyan/Zephyr_IOMICO/deps/zephyr/include/zephyr/spinlock.h
(DEBUG) Check if /home/sufyan/Zephyr_IOMICO/deps/zephyr/include/zephyr/spinlock.h is included (source file)...
(DEBUG) --> File is excluded.
(DEBUG) Check if /home/sufyan/Zephyr_IOMICO/zephyr-course/app/modules/ring_buf/mempool.c##2276b9bdad549c2cbbe5e0b18e11f6c0.gcov is included (trace)...
(DEBUG)   No filter matched.
(DEBUG) --> File is excluded.
(DEBUG) Finding source file corresponding to a gcov data file
  gcov_fname   /home/sufyan/Zephyr_IOMICO/zephyr-course/app/modules/ring_buf/mempool.c##2276b9bdad549c2cbbe5e0b18e11f6c0.gcov
  current_dir  /home/sufyan/Zephyr_IOMICO/zephyr-course/app/modules/ring_buf
  root         /home/sufyan/Zephyr_IOMICO/zephyr-course/app/modules/ring_buf
  starting_dir /home/sufyan/Zephyr_IOMICO/zephyr-course
  obj_dir      None
  gcda_fname   ../../../twister-out/native_sim_native/host/homework.unit.ring_buf/zephyr/kernel/CMakeFiles/kernel.dir/mempool.c.gcno
  --> fname    /home/sufyan/Zephyr_IOMICO/deps/zephyr/kernel/mempool.c
(DEBUG) Check if /home/sufyan/Zephyr_IOMICO/deps/zephyr/kernel/mempool.c is included (source file)...
(DEBUG)   No filter matched.
(DEBUG) --> File is excluded.
(DEBUG) Check if /home/sufyan/Zephyr_IOMICO/zephyr-course/app/modules/ring_buf/math_extras_impl.h##fd1fd6cd1812167b7644b3f8f3fe8aa2.gcov is included (trace)...
(DEBUG) --> File is excluded.
(DEBUG) Finding source file corresponding to a gcov data file
  gcov_fname   /home/sufyan/Zephyr_IOMICO/zephyr-course/app/modules/ring_buf/math_extras_impl.h##fd1fd6cd1812167b7644b3f8f3fe8aa2.gcov
  current_dir  /home/sufyan/Zephyr_IOMICO/zephyr-course/app/modules/ring_buf
  root         /home/sufyan/Zephyr_IOMICO/zephyr-course/app/modules/ring_buf
  starting_dir /home/sufyan/Zephyr_IOMICO/zephyr-course
  obj_dir      None
  gcda_fname   ../../../twister-out/native_sim_native/host/homework.unit.ring_buf/zephyr/kernel/CMakeFiles/kernel.dir/mempool.c.gcno
  --> fname    /home/sufyan/Zephyr_IOMICO/deps/zephyr/include/zephyr/sys/math_extras_impl.h
(DEBUG) Check if /home/sufyan/Zephyr_IOMICO/deps/zephyr/include/zephyr/sys/math_extras_impl.h is included (source file)...
(DEBUG) --> File is excluded.
(DEBUG) Check if /home/sufyan/Zephyr_IOMICO/zephyr-course/twister-out/native_sim_native/host/homework.unit.ring_buf/zephyr/kernel/CMakeFiles/kernel.dir/msg_q.c.gcno is included (trace)...
(DEBUG)   No filter matched.
(DEBUG) --> File is excluded.
(DEBUG) Check if /home/sufyan/Zephyr_IOMICO/zephyr-course/twister-out/native_sim_native/host/homework.unit.ring_buf/zephyr/kernel/CMakeFiles/kernel.dir/msg_q.c.gcno is included (trace)...
(DEBUG) --> File is excluded.
(DEBUG) Check if msg_q.c##8ffa9e860ed3a23e7101a23143ecc8e3.gcov is included (gcov file)...
(DEBUG)   Filter AlwaysMatchFilter() matched.
(DEBUG) --> File is included.
(DEBUG) Check if wait_q.h##139d40669c3ee194b82a2646c4f8e821.gcov is included (gcov file)...
(DEBUG) --> File is included.
(DEBUG) Check if ksched.h##ef11ea29545001937978f4e3e23cbf23.gcov is included (gcov file)...
(DEBUG) --> File is included.
(DEBUG) Check if priority_q.h##e09451b433d85721cb295db4cbfe45f5.gcov is included (gcov file)...
(DEBUG) --> File is included.
(DEBUG) Check if math_extras_impl.h##fd1fd6cd1812167b7644b3f8f3fe8aa2.gcov is included (gcov file)...
(DEBUG) --> File is included.
(DEBUG) Check if kthread.h##b13e19e9523584ac2e7cfe73fddb2b9b.gcov is included (gcov file)...
(DEBUG) --> File is included.
(DEBUG) Check if timeout_q.h##569a3e528a9234fdc294fc6409c26869.gcov is included (gcov file)...
(DEBUG) --> File is included.
(DEBUG) Check if kernel_arch_func.h##88c66a408d50fc91e01e60b8add8a403.gcov is included (gcov file)...
(DEBUG) --> File is included.
(DEBUG) Check if kobject_internal.h##d9e662f1f754d31d24eb20c0b43248dd.gcov is included (gcov file)...
(DEBUG) --> File is included.
(DEBUG) Check if spinlock.h##ac54c28a46b90c889de3665abac3ef1a.gcov is included (gcov file)...
(DEBUG) --> File is included.
(DEBUG) Check if arch.h##dc70e81a221e00a96b5b011e55795c6f.gcov is included (gcov file)...
(DEBUG) --> File is included.
(DEBUG) Check if dlist.h##8b38c32f07439f20ffdd7079fc0c40eb.gcov is included (gcov file)...
(DEBUG) --> File is included.
(DEBUG) Check if /home/sufyan/Zephyr_IOMICO/zephyr-course/app/modules/ring_buf/ksched.h##ef11ea29545001937978f4e3e23cbf23.gcov is included (trace)...
(DEBUG) --> File is excluded.
(DEBUG) Finding source file corresponding to a gcov data file
  gcov_fname   /home/sufyan/Zephyr_IOMICO/zephyr-course/app/modules/ring_buf/ksched.h##ef11ea29545001937978f4e3e23cbf23.gcov
  current_dir  /home/sufyan/Zephyr_IOMICO/zephyr-course/app/modules/ring_buf
  root         /home/sufyan/Zephyr_IOMICO/zephyr-course/app/modules/ring_buf
  starting_dir /home/sufyan/Zephyr_IOMICO/zephyr-course
  obj_dir      None
  gcda_fname   ../../../twister-out/native_sim_native/host/homework.unit.ring_buf/zephyr/kernel/CMakeFiles/kernel.dir/msg_q.c.gcno
  --> fname    /home/sufyan/Zephyr_IOMICO/deps/zephyr/kernel/include/ksched.h
(DEBUG) Check if /home/sufyan/Zephyr_IOMICO/deps/zephyr/kernel/include/ksched.h is included (source file)...
(DEBUG) --> File is excluded.
(DEBUG) Check if /home/sufyan/Zephyr_IOMICO/zephyr-course/app/modules/ring_buf/wait_q.h##139d40669c3ee194b82a2646c4f8e821.gcov is included (trace)...
(DEBUG) --> File is excluded.
(DEBUG) Finding source file corresponding to a gcov data file
  gcov_fname   /home/sufyan/Zephyr_IOMICO/zephyr-course/app/modules/ring_buf/wait_q.h##139d40669c3ee194b82a2646c4f8e821.gcov
  current_dir  /home/sufyan/Zephyr_IOMICO/zephyr-course/app/modules/ring_buf
  root         /home/sufyan/Zephyr_IOMICO/zephyr-course/app/modules/ring_buf
  starting_dir /home/sufyan/Zephyr_IOMICO/zephyr-course
  obj_dir      None
  gcda_fname   ../../../twister-out/native_sim_native/host/homework.unit.ring_buf/zephyr/kernel/CMakeFiles/kernel.dir/msg_q.c.gcno
  --> fname    /home/sufyan/Zephyr_IOMICO/deps/zephyr/kernel/include/wait_q.h
(DEBUG) Check if /home/sufyan/Zephyr_IOMICO/deps/zephyr/kernel/include/wait_q.h is included (source file)...
(DEBUG) --> File is excluded.
(DEBUG) Check if /home/sufyan/Zephyr_IOMICO/zephyr-course/app/modules/ring_buf/timeout_q.h##569a3e528a9234fdc294fc6409c26869.gcov is included (trace)...
(DEBUG) --> File is excluded.
(DEBUG) Finding source file corresponding to a gcov data file
  gcov_fname   /home/sufyan/Zephyr_IOMICO/zephyr-course/app/modules/ring_buf/timeout_q.h##569a3e528a9234fdc294fc6409c26869.gcov
  current_dir  /home/sufyan/Zephyr_IOMICO/zephyr-course/app/modules/ring_buf
  root         /home/sufyan/Zephyr_IOMICO/zephyr-course/app/modules/ring_buf
  starting_dir /home/sufyan/Zephyr_IOMICO/zephyr-course
  obj_dir      None
  gcda_fname   ../../../twister-out/native_sim_native/host/homework.unit.ring_buf/zephyr/kernel/CMakeFiles/kernel.dir/msg_q.c.gcno
  --> fname    /home/sufyan/Zephyr_IOMICO/deps/zephyr/kernel/include/timeout_q.h
(DEBUG) Check if /home/sufyan/Zephyr_IOMICO/deps/zephyr/kernel/include/timeout_q.h is included (source file)...
(DEBUG) --> File is excluded.
(DEBUG) Check if /home/sufyan/Zephyr_IOMICO/zephyr-course/app/modules/ring_buf/kthread.h##b13e19e9523584ac2e7cfe73fddb2b9b.gcov is included (trace)...
(DEBUG) --> File is excluded.
(DEBUG) Finding source file corresponding to a gcov data file
  gcov_fname   /home/sufyan/Zephyr_IOMICO/zephyr-course/app/modules/ring_buf/kthread.h##b13e19e9523584ac2e7cfe73fddb2b9b.gcov
  current_dir  /home/sufyan/Zephyr_IOMICO/zephyr-course/app/modules/ring_buf
  root         /home/sufyan/Zephyr_IOMICO/zephyr-course/app/modules/ring_buf
  starting_dir /home/sufyan/Zephyr_IOMICO/zephyr-course
  obj_dir      None
  gcda_fname   ../../../twister-out/native_sim_native/host/homework.unit.ring_buf/zephyr/kernel/CMakeFiles/kernel.dir/msg_q.c.gcno
  --> fname    /home/sufyan/Zephyr_IOMICO/deps/zephyr/kernel/include/kthread.h
(DEBUG) Check if /home/sufyan/Zephyr_IOMICO/deps/zephyr/kernel/include/kthread.h is included (source file)...
(DEBUG) --> File is excluded.
(DEBUG) Check if /home/sufyan/Zephyr_IOMICO/zephyr-course/app/modules/ring_buf/math_extras_impl.h##fd1fd6cd1812167b7644b3f8f3fe8aa2.gcov is included (trace)...
(DEBUG) --> File is excluded.
(DEBUG) Finding source file corresponding to a gcov data file
  gcov_fname   /home/sufyan/Zephyr_IOMICO/zephyr-course/app/modules/ring_buf/math_extras_impl.h##fd1fd6cd1812167b7644b3f8f3fe8aa2.gcov
  current_dir  /home/sufyan/Zephyr_IOMICO/zephyr-course/app/modules/ring_buf
  root         /home/sufyan/Zephyr_IOMICO/zephyr-course/app/modules/ring_buf
  starting_dir /home/sufyan/Zephyr_IOMICO/zephyr-course
  obj_dir      None
  gcda_fname   ../../../twister-out/native_sim_native/host/homework.unit.ring_buf/zephyr/kernel/CMakeFiles/kernel.dir/msg_q.c.gcno
  --> fname    /home/sufyan/Zephyr_IOMICO/deps/zephyr/include/zephyr/sys/math_extras_impl.h
(DEBUG) Check if /home/sufyan/Zephyr_IOMICO/deps/zephyr/include/zephyr/sys/math_extras_impl.h is included (source file)...
(DEBUG) --> File is excluded.
(DEBUG) Check if /home/sufyan/Zephyr_IOMICO/zephyr-course/app/modules/ring_buf/spinlock.h##ac54c28a46b90c889de3665abac3ef1a.gcov is included (trace)...
(DEBUG) --> File is excluded.
(DEBUG) Finding source file corresponding to a gcov data file
  gcov_fname   /home/sufyan/Zephyr_IOMICO/zephyr-course/app/modules/ring_buf/spinlock.h##ac54c28a46b90c889de3665abac3ef1a.gcov
  current_dir  /home/sufyan/Zephyr_IOMICO/zephyr-course/app/modules/ring_buf
  root         /home/sufyan/Zephyr_IOMICO/zephyr-course/app/modules/ring_buf
  starting_dir /home/sufyan/Zephyr_IOMICO/zephyr-course
  obj_dir      None
  gcda_fname   ../../../twister-out/native_sim_native/host/homework.unit.ring_buf/zephyr/kernel/CMakeFiles/kernel.dir/msg_q.c.gcno
  --> fname    /home/sufyan/Zephyr_IOMICO/deps/zephyr/include/zephyr/spinlock.h
(DEBUG) Check if /home/sufyan/Zephyr_IOMICO/deps/zephyr/include/zephyr/spinlock.h is included (source file)...
(DEBUG) --> File is excluded.
(DEBUG) Check if /home/sufyan/Zephyr_IOMICO/zephyr-course/app/modules/ring_buf/arch.h##dc70e81a221e00a96b5b011e55795c6f.gcov is included (trace)...
(DEBUG) --> File is excluded.
(DEBUG) Finding source file corresponding to a gcov data file
  gcov_fname   /home/sufyan/Zephyr_IOMICO/zephyr-course/app/modules/ring_buf/arch.h##dc70e81a221e00a96b5b011e55795c6f.gcov
  current_dir  /home/sufyan/Zephyr_IOMICO/zephyr-course/app/modules/ring_buf
  root         /home/sufyan/Zephyr_IOMICO/zephyr-course/app/modules/ring_buf
  starting_dir /home/sufyan/Zephyr_IOMICO/zephyr-course
  obj_dir      None
  gcda_fname   ../../../twister-out/native_sim_native/host/homework.unit.ring_buf/zephyr/kernel/CMakeFiles/kernel.dir/msg_q.c.gcno
  --> fname    /home/sufyan/Zephyr_IOMICO/deps/zephyr/include/zephyr/arch/posix/arch.h
(DEBUG) Check if /home/sufyan/Zephyr_IOMICO/deps/zephyr/include/zephyr/arch/posix/arch.h is included (source file)...
(DEBUG) --> File is excluded.
(DEBUG) Check if /home/sufyan/Zephyr_IOMICO/zephyr-course/app/modules/ring_buf/kobject_internal.h##d9e662f1f754d31d24eb20c0b43248dd.gcov is included (trace)...
(DEBUG) --> File is excluded.
(DEBUG) Finding source file corresponding to a gcov data file
  gcov_fname   /home/sufyan/Zephyr_IOMICO/zephyr-course/app/modules/ring_buf/kobject_internal.h##d9e662f1f754d31d24eb20c0b43248dd.gcov
  current_dir  /home/sufyan/Zephyr_IOMICO/zephyr-course/app/modules/ring_buf
  root         /home/sufyan/Zephyr_IOMICO/zephyr-course/app/modules/ring_buf
  starting_dir /home/sufyan/Zephyr_IOMICO/zephyr-course
  obj_dir      None
  gcda_fname   ../../../twister-out/native_sim_native/host/homework.unit.ring_buf/zephyr/kernel/CMakeFiles/kernel.dir/msg_q.c.gcno
  --> fname    /home/sufyan/Zephyr_IOMICO/deps/zephyr/include/zephyr/sys/internal/kobject_internal.h
(DEBUG) Check if /home/sufyan/Zephyr_IOMICO/deps/zephyr/include/zephyr/sys/internal/kobject_internal.h is included (source file)...
(DEBUG) --> File is excluded.
(DEBUG) Check if /home/sufyan/Zephyr_IOMICO/zephyr-course/app/modules/ring_buf/dlist.h##8b38c32f07439f20ffdd7079fc0c40eb.gcov is included (trace)...
(DEBUG) --> File is excluded.
(DEBUG) Finding source file corresponding to a gcov data file
  gcov_fname   /home/sufyan/Zephyr_IOMICO/zephyr-course/app/modules/ring_buf/dlist.h##8b38c32f07439f20ffdd7079fc0c40eb.gcov
  current_dir  /home/sufyan/Zephyr_IOMICO/zephyr-course/app/modules/ring_buf
  root         /home/sufyan/Zephyr_IOMICO/zephyr-course/app/modules/ring_buf
  starting_dir /home/sufyan/Zephyr_IOMICO/zephyr-course
  obj_dir      None
  gcda_fname   ../../../twister-out/native_sim_native/host/homework.unit.ring_buf/zephyr/kernel/CMakeFiles/kernel.dir/msg_q.c.gcno
  --> fname    /home/sufyan/Zephyr_IOMICO/deps/zephyr/include/zephyr/sys/dlist.h
(DEBUG) Check if /home/sufyan/Zephyr_IOMICO/deps/zephyr/include/zephyr/sys/dlist.h is included (source file)...
(DEBUG) --> File is excluded.
(DEBUG) Check if /home/sufyan/Zephyr_IOMICO/zephyr-course/app/modules/ring_buf/kernel_arch_func.h##88c66a408d50fc91e01e60b8add8a403.gcov is included (trace)...
(DEBUG) --> File is excluded.
(DEBUG) Finding source file corresponding to a gcov data file
  gcov_fname   /home/sufyan/Zephyr_IOMICO/zephyr-course/app/modules/ring_buf/kernel_arch_func.h##88c66a408d50fc91e01e60b8add8a403.gcov
  current_dir  /home/sufyan/Zephyr_IOMICO/zephyr-course/app/modules/ring_buf
  root         /home/sufyan/Zephyr_IOMICO/zephyr-course/app/modules/ring_buf
  starting_dir /home/sufyan/Zephyr_IOMICO/zephyr-course
  obj_dir      None
  gcda_fname   ../../../twister-out/native_sim_native/host/homework.unit.ring_buf/zephyr/kernel/CMakeFiles/kernel.dir/msg_q.c.gcno
  --> fname    /home/sufyan/Zephyr_IOMICO/deps/zephyr/arch/posix/include/kernel_arch_func.h
(DEBUG) Check if /home/sufyan/Zephyr_IOMICO/deps/zephyr/arch/posix/include/kernel_arch_func.h is included (source file)...
(DEBUG) --> File is excluded.
(DEBUG) Check if /home/sufyan/Zephyr_IOMICO/zephyr-course/app/modules/ring_buf/msg_q.c##8ffa9e860ed3a23e7101a23143ecc8e3.gcov is included (trace)...
(DEBUG)   No filter matched.
(DEBUG) --> File is excluded.
(DEBUG) Finding source file corresponding to a gcov data file
  gcov_fname   /home/sufyan/Zephyr_IOMICO/zephyr-course/app/modules/ring_buf/msg_q.c##8ffa9e860ed3a23e7101a23143ecc8e3.gcov
  current_dir  /home/sufyan/Zephyr_IOMICO/zephyr-course/app/modules/ring_buf
  root         /home/sufyan/Zephyr_IOMICO/zephyr-course/app/modules/ring_buf
  starting_dir /home/sufyan/Zephyr_IOMICO/zephyr-course
  obj_dir      None
  gcda_fname   ../../../twister-out/native_sim_native/host/homework.unit.ring_buf/zephyr/kernel/CMakeFiles/kernel.dir/msg_q.c.gcno
  --> fname    /home/sufyan/Zephyr_IOMICO/deps/zephyr/kernel/msg_q.c
(DEBUG) Check if /home/sufyan/Zephyr_IOMICO/deps/zephyr/kernel/msg_q.c is included (source file)...
(DEBUG)   No filter matched.
(DEBUG) --> File is excluded.
(DEBUG) Check if /home/sufyan/Zephyr_IOMICO/zephyr-course/app/modules/ring_buf/priority_q.h##e09451b433d85721cb295db4cbfe45f5.gcov is included (trace)...
(DEBUG) --> File is excluded.
(DEBUG) Finding source file corresponding to a gcov data file
  gcov_fname   /home/sufyan/Zephyr_IOMICO/zephyr-course/app/modules/ring_buf/priority_q.h##e09451b433d85721cb295db4cbfe45f5.gcov
  current_dir  /home/sufyan/Zephyr_IOMICO/zephyr-course/app/modules/ring_buf
  root         /home/sufyan/Zephyr_IOMICO/zephyr-course/app/modules/ring_buf
  starting_dir /home/sufyan/Zephyr_IOMICO/zephyr-course
  obj_dir      None
  gcda_fname   ../../../twister-out/native_sim_native/host/homework.unit.ring_buf/zephyr/kernel/CMakeFiles/kernel.dir/msg_q.c.gcno
  --> fname    /home/sufyan/Zephyr_IOMICO/deps/zephyr/kernel/include/priority_q.h
(DEBUG) Check if /home/sufyan/Zephyr_IOMICO/deps/zephyr/kernel/include/priority_q.h is included (source file)...
(DEBUG) --> File is excluded.
(DEBUG) Check if /home/sufyan/Zephyr_IOMICO/zephyr-course/twister-out/native_sim_native/host/homework.unit.ring_buf/zephyr/kernel/CMakeFiles/kernel.dir/mutex.c.gcno is included (trace)...
(DEBUG)   No filter matched.
(DEBUG) --> File is excluded.
(DEBUG) Check if /home/sufyan/Zephyr_IOMICO/zephyr-course/twister-out/native_sim_native/host/homework.unit.ring_buf/zephyr/kernel/CMakeFiles/kernel.dir/mutex.c.gcno is included (trace)...
(DEBUG) --> File is excluded.
(DEBUG) Check if mutex.c##fcccd212ae7727b883ce2fb2fef9cd54.gcov is included (gcov file)...
(DEBUG)   Filter AlwaysMatchFilter() matched.
(DEBUG) --> File is included.
(DEBUG) Check if log_msg.h##c3d7a43353dd151ee47d3c13d66651b3.gcov is included (gcov file)...
(DEBUG) --> File is included.
(DEBUG) Check if wait_q.h##139d40669c3ee194b82a2646c4f8e821.gcov is included (gcov file)...
(DEBUG) --> File is included.
(DEBUG) Check if ksched.h##ef11ea29545001937978f4e3e23cbf23.gcov is included (gcov file)...
(DEBUG) --> File is included.
(DEBUG) Check if priority_q.h##e09451b433d85721cb295db4cbfe45f5.gcov is included (gcov file)...
(DEBUG) --> File is included.
(DEBUG) Check if kthread.h##b13e19e9523584ac2e7cfe73fddb2b9b.gcov is included (gcov file)...
(DEBUG) --> File is included.
(DEBUG) Check if timeout_q.h##569a3e528a9234fdc294fc6409c26869.gcov is included (gcov file)...
(DEBUG) --> File is included.
(DEBUG) Check if kernel_arch_func.h##88c66a408d50fc91e01e60b8add8a403.gcov is included (gcov file)...
(DEBUG) --> File is included.
(DEBUG) Check if kobject_internal.h##d9e662f1f754d31d24eb20c0b43248dd.gcov is included (gcov file)...
(DEBUG) --> File is included.
(DEBUG) Check if spinlock.h##ac54c28a46b90c889de3665abac3ef1a.gcov is included (gcov file)...
(DEBUG) --> File is included.
(DEBUG) Check if arch.h##dc70e81a221e00a96b5b011e55795c6f.gcov is included (gcov file)...
(DEBUG) --> File is included.
(DEBUG) Check if dlist.h##8b38c32f07439f20ffdd7079fc0c40eb.gcov is included (gcov file)...
(DEBUG) --> File is included.
(DEBUG) Check if /home/sufyan/Zephyr_IOMICO/zephyr-course/app/modules/ring_buf/mutex.c##fcccd212ae7727b883ce2fb2fef9cd54.gcov is included (trace)...
(DEBUG)   No filter matched.
(DEBUG) --> File is excluded.
(DEBUG) Finding source file corresponding to a gcov data file
  gcov_fname   /home/sufyan/Zephyr_IOMICO/zephyr-course/app/modules/ring_buf/mutex.c##fcccd212ae7727b883ce2fb2fef9cd54.gcov
  current_dir  /home/sufyan/Zephyr_IOMICO/zephyr-course/app/modules/ring_buf
  root         /home/sufyan/Zephyr_IOMICO/zephyr-course/app/modules/ring_buf
  starting_dir /home/sufyan/Zephyr_IOMICO/zephyr-course
  obj_dir      None
  gcda_fname   ../../../twister-out/native_sim_native/host/homework.unit.ring_buf/zephyr/kernel/CMakeFiles/kernel.dir/mutex.c.gcno
  --> fname    /home/sufyan/Zephyr_IOMICO/deps/zephyr/kernel/mutex.c
(DEBUG) Check if /home/sufyan/Zephyr_IOMICO/deps/zephyr/kernel/mutex.c is included (source file)...
(DEBUG)   No filter matched.
(DEBUG) --> File is excluded.
(DEBUG) Check if /home/sufyan/Zephyr_IOMICO/zephyr-course/app/modules/ring_buf/wait_q.h##139d40669c3ee194b82a2646c4f8e821.gcov is included (trace)...
(DEBUG) --> File is excluded.
(DEBUG) Finding source file corresponding to a gcov data file
  gcov_fname   /home/sufyan/Zephyr_IOMICO/zephyr-course/app/modules/ring_buf/wait_q.h##139d40669c3ee194b82a2646c4f8e821.gcov
  current_dir  /home/sufyan/Zephyr_IOMICO/zephyr-course/app/modules/ring_buf
  root         /home/sufyan/Zephyr_IOMICO/zephyr-course/app/modules/ring_buf
  starting_dir /home/sufyan/Zephyr_IOMICO/zephyr-course
  obj_dir      None
  gcda_fname   ../../../twister-out/native_sim_native/host/homework.unit.ring_buf/zephyr/kernel/CMakeFiles/kernel.dir/mutex.c.gcno
  --> fname    /home/sufyan/Zephyr_IOMICO/deps/zephyr/kernel/include/wait_q.h
(DEBUG) Check if /home/sufyan/Zephyr_IOMICO/deps/zephyr/kernel/include/wait_q.h is included (source file)...
(DEBUG) --> File is excluded.
(DEBUG) Check if /home/sufyan/Zephyr_IOMICO/zephyr-course/app/modules/ring_buf/ksched.h##ef11ea29545001937978f4e3e23cbf23.gcov is included (trace)...
(DEBUG) --> File is excluded.
(DEBUG) Finding source file corresponding to a gcov data file
  gcov_fname   /home/sufyan/Zephyr_IOMICO/zephyr-course/app/modules/ring_buf/ksched.h##ef11ea29545001937978f4e3e23cbf23.gcov
  current_dir  /home/sufyan/Zephyr_IOMICO/zephyr-course/app/modules/ring_buf
  root         /home/sufyan/Zephyr_IOMICO/zephyr-course/app/modules/ring_buf
  starting_dir /home/sufyan/Zephyr_IOMICO/zephyr-course
  obj_dir      None
  gcda_fname   ../../../twister-out/native_sim_native/host/homework.unit.ring_buf/zephyr/kernel/CMakeFiles/kernel.dir/mutex.c.gcno
  --> fname    /home/sufyan/Zephyr_IOMICO/deps/zephyr/kernel/include/ksched.h
(DEBUG) Check if /home/sufyan/Zephyr_IOMICO/deps/zephyr/kernel/include/ksched.h is included (source file)...
(DEBUG) --> File is excluded.
(DEBUG) Check if /home/sufyan/Zephyr_IOMICO/zephyr-course/app/modules/ring_buf/timeout_q.h##569a3e528a9234fdc294fc6409c26869.gcov is included (trace)...
(DEBUG) --> File is excluded.
(DEBUG) Finding source file corresponding to a gcov data file
  gcov_fname   /home/sufyan/Zephyr_IOMICO/zephyr-course/app/modules/ring_buf/timeout_q.h##569a3e528a9234fdc294fc6409c26869.gcov
  current_dir  /home/sufyan/Zephyr_IOMICO/zephyr-course/app/modules/ring_buf
  root         /home/sufyan/Zephyr_IOMICO/zephyr-course/app/modules/ring_buf
  starting_dir /home/sufyan/Zephyr_IOMICO/zephyr-course
  obj_dir      None
  gcda_fname   ../../../twister-out/native_sim_native/host/homework.unit.ring_buf/zephyr/kernel/CMakeFiles/kernel.dir/mutex.c.gcno
  --> fname    /home/sufyan/Zephyr_IOMICO/deps/zephyr/kernel/include/timeout_q.h
(DEBUG) Check if /home/sufyan/Zephyr_IOMICO/deps/zephyr/kernel/include/timeout_q.h is included (source file)...
(DEBUG) --> File is excluded.
(DEBUG) Check if /home/sufyan/Zephyr_IOMICO/zephyr-course/app/modules/ring_buf/kthread.h##b13e19e9523584ac2e7cfe73fddb2b9b.gcov is included (trace)...
(DEBUG) --> File is excluded.
(DEBUG) Finding source file corresponding to a gcov data file
  gcov_fname   /home/sufyan/Zephyr_IOMICO/zephyr-course/app/modules/ring_buf/kthread.h##b13e19e9523584ac2e7cfe73fddb2b9b.gcov
  current_dir  /home/sufyan/Zephyr_IOMICO/zephyr-course/app/modules/ring_buf
  root         /home/sufyan/Zephyr_IOMICO/zephyr-course/app/modules/ring_buf
  starting_dir /home/sufyan/Zephyr_IOMICO/zephyr-course
  obj_dir      None
  gcda_fname   ../../../twister-out/native_sim_native/host/homework.unit.ring_buf/zephyr/kernel/CMakeFiles/kernel.dir/mutex.c.gcno
  --> fname    /home/sufyan/Zephyr_IOMICO/deps/zephyr/kernel/include/kthread.h
(DEBUG) Check if /home/sufyan/Zephyr_IOMICO/deps/zephyr/kernel/include/kthread.h is included (source file)...
(DEBUG) --> File is excluded.
(DEBUG) Check if /home/sufyan/Zephyr_IOMICO/zephyr-course/app/modules/ring_buf/spinlock.h##ac54c28a46b90c889de3665abac3ef1a.gcov is included (trace)...
(DEBUG) --> File is excluded.
(DEBUG) Finding source file corresponding to a gcov data file
  gcov_fname   /home/sufyan/Zephyr_IOMICO/zephyr-course/app/modules/ring_buf/spinlock.h##ac54c28a46b90c889de3665abac3ef1a.gcov
  current_dir  /home/sufyan/Zephyr_IOMICO/zephyr-course/app/modules/ring_buf
  root         /home/sufyan/Zephyr_IOMICO/zephyr-course/app/modules/ring_buf
  starting_dir /home/sufyan/Zephyr_IOMICO/zephyr-course
  obj_dir      None
  gcda_fname   ../../../twister-out/native_sim_native/host/homework.unit.ring_buf/zephyr/kernel/CMakeFiles/kernel.dir/mutex.c.gcno
  --> fname    /home/sufyan/Zephyr_IOMICO/deps/zephyr/include/zephyr/spinlock.h
(DEBUG) Check if /home/sufyan/Zephyr_IOMICO/deps/zephyr/include/zephyr/spinlock.h is included (source file)...
(DEBUG) --> File is excluded.
(DEBUG) Check if /home/sufyan/Zephyr_IOMICO/zephyr-course/app/modules/ring_buf/arch.h##dc70e81a221e00a96b5b011e55795c6f.gcov is included (trace)...
(DEBUG) --> File is excluded.
(DEBUG) Finding source file corresponding to a gcov data file
  gcov_fname   /home/sufyan/Zephyr_IOMICO/zephyr-course/app/modules/ring_buf/arch.h##dc70e81a221e00a96b5b011e55795c6f.gcov
  current_dir  /home/sufyan/Zephyr_IOMICO/zephyr-course/app/modules/ring_buf
  root         /home/sufyan/Zephyr_IOMICO/zephyr-course/app/modules/ring_buf
  starting_dir /home/sufyan/Zephyr_IOMICO/zephyr-course
  obj_dir      None
  gcda_fname   ../../../twister-out/native_sim_native/host/homework.unit.ring_buf/zephyr/kernel/CMakeFiles/kernel.dir/mutex.c.gcno
  --> fname    /home/sufyan/Zephyr_IOMICO/deps/zephyr/include/zephyr/arch/posix/arch.h
(DEBUG) Check if /home/sufyan/Zephyr_IOMICO/deps/zephyr/include/zephyr/arch/posix/arch.h is included (source file)...
(DEBUG) --> File is excluded.
(DEBUG) Check if /home/sufyan/Zephyr_IOMICO/zephyr-course/app/modules/ring_buf/kobject_internal.h##d9e662f1f754d31d24eb20c0b43248dd.gcov is included (trace)...
(DEBUG) --> File is excluded.
(DEBUG) Finding source file corresponding to a gcov data file
  gcov_fname   /home/sufyan/Zephyr_IOMICO/zephyr-course/app/modules/ring_buf/kobject_internal.h##d9e662f1f754d31d24eb20c0b43248dd.gcov
  current_dir  /home/sufyan/Zephyr_IOMICO/zephyr-course/app/modules/ring_buf
  root         /home/sufyan/Zephyr_IOMICO/zephyr-course/app/modules/ring_buf
  starting_dir /home/sufyan/Zephyr_IOMICO/zephyr-course
  obj_dir      None
  gcda_fname   ../../../twister-out/native_sim_native/host/homework.unit.ring_buf/zephyr/kernel/CMakeFiles/kernel.dir/mutex.c.gcno
  --> fname    /home/sufyan/Zephyr_IOMICO/deps/zephyr/include/zephyr/sys/internal/kobject_internal.h
(DEBUG) Check if /home/sufyan/Zephyr_IOMICO/deps/zephyr/include/zephyr/sys/internal/kobject_internal.h is included (source file)...
(DEBUG) --> File is excluded.
(DEBUG) Check if /home/sufyan/Zephyr_IOMICO/zephyr-course/app/modules/ring_buf/dlist.h##8b38c32f07439f20ffdd7079fc0c40eb.gcov is included (trace)...
(DEBUG) --> File is excluded.
(DEBUG) Finding source file corresponding to a gcov data file
  gcov_fname   /home/sufyan/Zephyr_IOMICO/zephyr-course/app/modules/ring_buf/dlist.h##8b38c32f07439f20ffdd7079fc0c40eb.gcov
  current_dir  /home/sufyan/Zephyr_IOMICO/zephyr-course/app/modules/ring_buf
  root         /home/sufyan/Zephyr_IOMICO/zephyr-course/app/modules/ring_buf
  starting_dir /home/sufyan/Zephyr_IOMICO/zephyr-course
  obj_dir      None
  gcda_fname   ../../../twister-out/native_sim_native/host/homework.unit.ring_buf/zephyr/kernel/CMakeFiles/kernel.dir/mutex.c.gcno
  --> fname    /home/sufyan/Zephyr_IOMICO/deps/zephyr/include/zephyr/sys/dlist.h
(DEBUG) Check if /home/sufyan/Zephyr_IOMICO/deps/zephyr/include/zephyr/sys/dlist.h is included (source file)...
(DEBUG) --> File is excluded.
(DEBUG) Check if /home/sufyan/Zephyr_IOMICO/zephyr-course/app/modules/ring_buf/kernel_arch_func.h##88c66a408d50fc91e01e60b8add8a403.gcov is included (trace)...
(DEBUG) --> File is excluded.
(DEBUG) Finding source file corresponding to a gcov data file
  gcov_fname   /home/sufyan/Zephyr_IOMICO/zephyr-course/app/modules/ring_buf/kernel_arch_func.h##88c66a408d50fc91e01e60b8add8a403.gcov
  current_dir  /home/sufyan/Zephyr_IOMICO/zephyr-course/app/modules/ring_buf
  root         /home/sufyan/Zephyr_IOMICO/zephyr-course/app/modules/ring_buf
  starting_dir /home/sufyan/Zephyr_IOMICO/zephyr-course
  obj_dir      None
  gcda_fname   ../../../twister-out/native_sim_native/host/homework.unit.ring_buf/zephyr/kernel/CMakeFiles/kernel.dir/mutex.c.gcno
  --> fname    /home/sufyan/Zephyr_IOMICO/deps/zephyr/arch/posix/include/kernel_arch_func.h
(DEBUG) Check if /home/sufyan/Zephyr_IOMICO/deps/zephyr/arch/posix/include/kernel_arch_func.h is included (source file)...
(DEBUG) --> File is excluded.
(DEBUG) Check if /home/sufyan/Zephyr_IOMICO/zephyr-course/app/modules/ring_buf/priority_q.h##e09451b433d85721cb295db4cbfe45f5.gcov is included (trace)...
(DEBUG) --> File is excluded.
(DEBUG) Finding source file corresponding to a gcov data file
  gcov_fname   /home/sufyan/Zephyr_IOMICO/zephyr-course/app/modules/ring_buf/priority_q.h##e09451b433d85721cb295db4cbfe45f5.gcov
  current_dir  /home/sufyan/Zephyr_IOMICO/zephyr-course/app/modules/ring_buf
  root         /home/sufyan/Zephyr_IOMICO/zephyr-course/app/modules/ring_buf
  starting_dir /home/sufyan/Zephyr_IOMICO/zephyr-course
  obj_dir      None
  gcda_fname   ../../../twister-out/native_sim_native/host/homework.unit.ring_buf/zephyr/kernel/CMakeFiles/kernel.dir/mutex.c.gcno
  --> fname    /home/sufyan/Zephyr_IOMICO/deps/zephyr/kernel/include/priority_q.h
(DEBUG) Check if /home/sufyan/Zephyr_IOMICO/deps/zephyr/kernel/include/priority_q.h is included (source file)...
(DEBUG) --> File is excluded.
(DEBUG) Check if /home/sufyan/Zephyr_IOMICO/zephyr-course/app/modules/ring_buf/log_msg.h##c3d7a43353dd151ee47d3c13d66651b3.gcov is included (trace)...
(DEBUG) --> File is excluded.
(DEBUG) Finding source file corresponding to a gcov data file
  gcov_fname   /home/sufyan/Zephyr_IOMICO/zephyr-course/app/modules/ring_buf/log_msg.h##c3d7a43353dd151ee47d3c13d66651b3.gcov
  current_dir  /home/sufyan/Zephyr_IOMICO/zephyr-course/app/modules/ring_buf
  root         /home/sufyan/Zephyr_IOMICO/zephyr-course/app/modules/ring_buf
  starting_dir /home/sufyan/Zephyr_IOMICO/zephyr-course
  obj_dir      None
  gcda_fname   ../../../twister-out/native_sim_native/host/homework.unit.ring_buf/zephyr/kernel/CMakeFiles/kernel.dir/mutex.c.gcno
  --> fname    /home/sufyan/Zephyr_IOMICO/deps/zephyr/include/zephyr/logging/log_msg.h
(DEBUG) Check if /home/sufyan/Zephyr_IOMICO/deps/zephyr/include/zephyr/logging/log_msg.h is included (source file)...
(DEBUG) --> File is excluded.
(DEBUG) Check if /home/sufyan/Zephyr_IOMICO/zephyr-course/twister-out/native_sim_native/host/homework.unit.ring_buf/zephyr/kernel/CMakeFiles/kernel.dir/pipe.c.gcno is included (trace)...
(DEBUG)   No filter matched.
(DEBUG) --> File is excluded.
(DEBUG) Check if /home/sufyan/Zephyr_IOMICO/zephyr-course/twister-out/native_sim_native/host/homework.unit.ring_buf/zephyr/kernel/CMakeFiles/kernel.dir/pipe.c.gcno is included (trace)...
(DEBUG) --> File is excluded.
(DEBUG) Check if pipe.c##f686d789e781462daf9b69218f25f092.gcov is included (gcov file)...
(DEBUG)   Filter AlwaysMatchFilter() matched.
(DEBUG) --> File is included.
(DEBUG) Check if wait_q.h##139d40669c3ee194b82a2646c4f8e821.gcov is included (gcov file)...
(DEBUG) --> File is included.
(DEBUG) Check if ksched.h##ef11ea29545001937978f4e3e23cbf23.gcov is included (gcov file)...
(DEBUG) --> File is included.
(DEBUG) Check if priority_q.h##e09451b433d85721cb295db4cbfe45f5.gcov is included (gcov file)...
(DEBUG) --> File is included.
(DEBUG) Check if kthread.h##b13e19e9523584ac2e7cfe73fddb2b9b.gcov is included (gcov file)...
(DEBUG) --> File is included.
(DEBUG) Check if timeout_q.h##569a3e528a9234fdc294fc6409c26869.gcov is included (gcov file)...
(DEBUG) --> File is included.
(DEBUG) Check if kernel_internal.h##d53f9a5de702617b658ebe7dd715cfb5.gcov is included (gcov file)...
(DEBUG) --> File is included.
(DEBUG) Check if kernel_arch_func.h##88c66a408d50fc91e01e60b8add8a403.gcov is included (gcov file)...
(DEBUG) --> File is included.
(DEBUG) Check if ring_buffer.h##779e003f3c4eaffb557c5a0052ac92b2.gcov is included (gcov file)...
(DEBUG) --> File is included.
(DEBUG) Check if kobject_internal.h##d9e662f1f754d31d24eb20c0b43248dd.gcov is included (gcov file)...
(DEBUG) --> File is included.
(DEBUG) Check if spinlock.h##ac54c28a46b90c889de3665abac3ef1a.gcov is included (gcov file)...
(DEBUG) --> File is included.
(DEBUG) Check if arch.h##dc70e81a221e00a96b5b011e55795c6f.gcov is included (gcov file)...
(DEBUG) --> File is included.
(DEBUG) Check if dlist.h##8b38c32f07439f20ffdd7079fc0c40eb.gcov is included (gcov file)...
(DEBUG) --> File is included.
(DEBUG) Check if /home/sufyan/Zephyr_IOMICO/zephyr-course/app/modules/ring_buf/ksched.h##ef11ea29545001937978f4e3e23cbf23.gcov is included (trace)...
(DEBUG) --> File is excluded.
(DEBUG) Finding source file corresponding to a gcov data file
  gcov_fname   /home/sufyan/Zephyr_IOMICO/zephyr-course/app/modules/ring_buf/ksched.h##ef11ea29545001937978f4e3e23cbf23.gcov
  current_dir  /home/sufyan/Zephyr_IOMICO/zephyr-course/app/modules/ring_buf
  root         /home/sufyan/Zephyr_IOMICO/zephyr-course/app/modules/ring_buf
  starting_dir /home/sufyan/Zephyr_IOMICO/zephyr-course
  obj_dir      None
  gcda_fname   ../../../twister-out/native_sim_native/host/homework.unit.ring_buf/zephyr/kernel/CMakeFiles/kernel.dir/pipe.c.gcno
  --> fname    /home/sufyan/Zephyr_IOMICO/deps/zephyr/kernel/include/ksched.h
(DEBUG) Check if /home/sufyan/Zephyr_IOMICO/deps/zephyr/kernel/include/ksched.h is included (source file)...
(DEBUG) --> File is excluded.
(DEBUG) Check if /home/sufyan/Zephyr_IOMICO/zephyr-course/app/modules/ring_buf/wait_q.h##139d40669c3ee194b82a2646c4f8e821.gcov is included (trace)...
(DEBUG) --> File is excluded.
(DEBUG) Finding source file corresponding to a gcov data file
  gcov_fname   /home/sufyan/Zephyr_IOMICO/zephyr-course/app/modules/ring_buf/wait_q.h##139d40669c3ee194b82a2646c4f8e821.gcov
  current_dir  /home/sufyan/Zephyr_IOMICO/zephyr-course/app/modules/ring_buf
  root         /home/sufyan/Zephyr_IOMICO/zephyr-course/app/modules/ring_buf
  starting_dir /home/sufyan/Zephyr_IOMICO/zephyr-course
  obj_dir      None
  gcda_fname   ../../../twister-out/native_sim_native/host/homework.unit.ring_buf/zephyr/kernel/CMakeFiles/kernel.dir/pipe.c.gcno
  --> fname    /home/sufyan/Zephyr_IOMICO/deps/zephyr/kernel/include/wait_q.h
(DEBUG) Check if /home/sufyan/Zephyr_IOMICO/deps/zephyr/kernel/include/wait_q.h is included (source file)...
(DEBUG) --> File is excluded.
(DEBUG) Check if /home/sufyan/Zephyr_IOMICO/zephyr-course/app/modules/ring_buf/kernel_internal.h##d53f9a5de702617b658ebe7dd715cfb5.gcov is included (trace)...
(DEBUG) --> File is excluded.
(DEBUG) Finding source file corresponding to a gcov data file
  gcov_fname   /home/sufyan/Zephyr_IOMICO/zephyr-course/app/modules/ring_buf/kernel_internal.h##d53f9a5de702617b658ebe7dd715cfb5.gcov
  current_dir  /home/sufyan/Zephyr_IOMICO/zephyr-course/app/modules/ring_buf
  root         /home/sufyan/Zephyr_IOMICO/zephyr-course/app/modules/ring_buf
  starting_dir /home/sufyan/Zephyr_IOMICO/zephyr-course
  obj_dir      None
  gcda_fname   ../../../twister-out/native_sim_native/host/homework.unit.ring_buf/zephyr/kernel/CMakeFiles/kernel.dir/pipe.c.gcno
  --> fname    /home/sufyan/Zephyr_IOMICO/deps/zephyr/kernel/include/kernel_internal.h
(DEBUG) Check if /home/sufyan/Zephyr_IOMICO/deps/zephyr/kernel/include/kernel_internal.h is included (source file)...
(DEBUG) --> File is excluded.
(DEBUG) Check if /home/sufyan/Zephyr_IOMICO/zephyr-course/app/modules/ring_buf/timeout_q.h##569a3e528a9234fdc294fc6409c26869.gcov is included (trace)...
(DEBUG) --> File is excluded.
(DEBUG) Finding source file corresponding to a gcov data file
  gcov_fname   /home/sufyan/Zephyr_IOMICO/zephyr-course/app/modules/ring_buf/timeout_q.h##569a3e528a9234fdc294fc6409c26869.gcov
  current_dir  /home/sufyan/Zephyr_IOMICO/zephyr-course/app/modules/ring_buf
  root         /home/sufyan/Zephyr_IOMICO/zephyr-course/app/modules/ring_buf
  starting_dir /home/sufyan/Zephyr_IOMICO/zephyr-course
  obj_dir      None
  gcda_fname   ../../../twister-out/native_sim_native/host/homework.unit.ring_buf/zephyr/kernel/CMakeFiles/kernel.dir/pipe.c.gcno
  --> fname    /home/sufyan/Zephyr_IOMICO/deps/zephyr/kernel/include/timeout_q.h
(DEBUG) Check if /home/sufyan/Zephyr_IOMICO/deps/zephyr/kernel/include/timeout_q.h is included (source file)...
(DEBUG) --> File is excluded.
(DEBUG) Check if /home/sufyan/Zephyr_IOMICO/zephyr-course/app/modules/ring_buf/kthread.h##b13e19e9523584ac2e7cfe73fddb2b9b.gcov is included (trace)...
(DEBUG) --> File is excluded.
(DEBUG) Finding source file corresponding to a gcov data file
  gcov_fname   /home/sufyan/Zephyr_IOMICO/zephyr-course/app/modules/ring_buf/kthread.h##b13e19e9523584ac2e7cfe73fddb2b9b.gcov
  current_dir  /home/sufyan/Zephyr_IOMICO/zephyr-course/app/modules/ring_buf
  root         /home/sufyan/Zephyr_IOMICO/zephyr-course/app/modules/ring_buf
  starting_dir /home/sufyan/Zephyr_IOMICO/zephyr-course
  obj_dir      None
  gcda_fname   ../../../twister-out/native_sim_native/host/homework.unit.ring_buf/zephyr/kernel/CMakeFiles/kernel.dir/pipe.c.gcno
  --> fname    /home/sufyan/Zephyr_IOMICO/deps/zephyr/kernel/include/kthread.h
(DEBUG) Check if /home/sufyan/Zephyr_IOMICO/deps/zephyr/kernel/include/kthread.h is included (source file)...
(DEBUG) --> File is excluded.
(DEBUG) Check if /home/sufyan/Zephyr_IOMICO/zephyr-course/app/modules/ring_buf/pipe.c##f686d789e781462daf9b69218f25f092.gcov is included (trace)...
(DEBUG)   No filter matched.
(DEBUG) --> File is excluded.
(DEBUG) Finding source file corresponding to a gcov data file
  gcov_fname   /home/sufyan/Zephyr_IOMICO/zephyr-course/app/modules/ring_buf/pipe.c##f686d789e781462daf9b69218f25f092.gcov
  current_dir  /home/sufyan/Zephyr_IOMICO/zephyr-course/app/modules/ring_buf
  root         /home/sufyan/Zephyr_IOMICO/zephyr-course/app/modules/ring_buf
  starting_dir /home/sufyan/Zephyr_IOMICO/zephyr-course
  obj_dir      None
  gcda_fname   ../../../twister-out/native_sim_native/host/homework.unit.ring_buf/zephyr/kernel/CMakeFiles/kernel.dir/pipe.c.gcno
  --> fname    /home/sufyan/Zephyr_IOMICO/deps/zephyr/kernel/pipe.c
(DEBUG) Check if /home/sufyan/Zephyr_IOMICO/deps/zephyr/kernel/pipe.c is included (source file)...
(DEBUG)   No filter matched.
(DEBUG) --> File is excluded.
(DEBUG) Check if /home/sufyan/Zephyr_IOMICO/zephyr-course/app/modules/ring_buf/spinlock.h##ac54c28a46b90c889de3665abac3ef1a.gcov is included (trace)...
(DEBUG) --> File is excluded.
(DEBUG) Finding source file corresponding to a gcov data file
  gcov_fname   /home/sufyan/Zephyr_IOMICO/zephyr-course/app/modules/ring_buf/spinlock.h##ac54c28a46b90c889de3665abac3ef1a.gcov
  current_dir  /home/sufyan/Zephyr_IOMICO/zephyr-course/app/modules/ring_buf
  root         /home/sufyan/Zephyr_IOMICO/zephyr-course/app/modules/ring_buf
  starting_dir /home/sufyan/Zephyr_IOMICO/zephyr-course
  obj_dir      None
  gcda_fname   ../../../twister-out/native_sim_native/host/homework.unit.ring_buf/zephyr/kernel/CMakeFiles/kernel.dir/pipe.c.gcno
  --> fname    /home/sufyan/Zephyr_IOMICO/deps/zephyr/include/zephyr/spinlock.h
(DEBUG) Check if /home/sufyan/Zephyr_IOMICO/deps/zephyr/include/zephyr/spinlock.h is included (source file)...
(DEBUG) --> File is excluded.
(DEBUG) Check if /home/sufyan/Zephyr_IOMICO/zephyr-course/app/modules/ring_buf/arch.h##dc70e81a221e00a96b5b011e55795c6f.gcov is included (trace)...
(DEBUG) --> File is excluded.
(DEBUG) Finding source file corresponding to a gcov data file
  gcov_fname   /home/sufyan/Zephyr_IOMICO/zephyr-course/app/modules/ring_buf/arch.h##dc70e81a221e00a96b5b011e55795c6f.gcov
  current_dir  /home/sufyan/Zephyr_IOMICO/zephyr-course/app/modules/ring_buf
  root         /home/sufyan/Zephyr_IOMICO/zephyr-course/app/modules/ring_buf
  starting_dir /home/sufyan/Zephyr_IOMICO/zephyr-course
  obj_dir      None
  gcda_fname   ../../../twister-out/native_sim_native/host/homework.unit.ring_buf/zephyr/kernel/CMakeFiles/kernel.dir/pipe.c.gcno
  --> fname    /home/sufyan/Zephyr_IOMICO/deps/zephyr/include/zephyr/arch/posix/arch.h
(DEBUG) Check if /home/sufyan/Zephyr_IOMICO/deps/zephyr/include/zephyr/arch/posix/arch.h is included (source file)...
(DEBUG) --> File is excluded.
(DEBUG) Check if /home/sufyan/Zephyr_IOMICO/zephyr-course/app/modules/ring_buf/kobject_internal.h##d9e662f1f754d31d24eb20c0b43248dd.gcov is included (trace)...
(DEBUG) --> File is excluded.
(DEBUG) Finding source file corresponding to a gcov data file
  gcov_fname   /home/sufyan/Zephyr_IOMICO/zephyr-course/app/modules/ring_buf/kobject_internal.h##d9e662f1f754d31d24eb20c0b43248dd.gcov
  current_dir  /home/sufyan/Zephyr_IOMICO/zephyr-course/app/modules/ring_buf
  root         /home/sufyan/Zephyr_IOMICO/zephyr-course/app/modules/ring_buf
  starting_dir /home/sufyan/Zephyr_IOMICO/zephyr-course
  obj_dir      None
  gcda_fname   ../../../twister-out/native_sim_native/host/homework.unit.ring_buf/zephyr/kernel/CMakeFiles/kernel.dir/pipe.c.gcno
  --> fname    /home/sufyan/Zephyr_IOMICO/deps/zephyr/include/zephyr/sys/internal/kobject_internal.h
(DEBUG) Check if /home/sufyan/Zephyr_IOMICO/deps/zephyr/include/zephyr/sys/internal/kobject_internal.h is included (source file)...
(DEBUG) --> File is excluded.
(DEBUG) Check if /home/sufyan/Zephyr_IOMICO/zephyr-course/app/modules/ring_buf/dlist.h##8b38c32f07439f20ffdd7079fc0c40eb.gcov is included (trace)...
(DEBUG) --> File is excluded.
(DEBUG) Finding source file corresponding to a gcov data file
  gcov_fname   /home/sufyan/Zephyr_IOMICO/zephyr-course/app/modules/ring_buf/dlist.h##8b38c32f07439f20ffdd7079fc0c40eb.gcov
  current_dir  /home/sufyan/Zephyr_IOMICO/zephyr-course/app/modules/ring_buf
  root         /home/sufyan/Zephyr_IOMICO/zephyr-course/app/modules/ring_buf
  starting_dir /home/sufyan/Zephyr_IOMICO/zephyr-course
  obj_dir      None
  gcda_fname   ../../../twister-out/native_sim_native/host/homework.unit.ring_buf/zephyr/kernel/CMakeFiles/kernel.dir/pipe.c.gcno
  --> fname    /home/sufyan/Zephyr_IOMICO/deps/zephyr/include/zephyr/sys/dlist.h
(DEBUG) Check if /home/sufyan/Zephyr_IOMICO/deps/zephyr/include/zephyr/sys/dlist.h is included (source file)...
(DEBUG) --> File is excluded.
(DEBUG) Check if /home/sufyan/Zephyr_IOMICO/zephyr-course/app/modules/ring_buf/kernel_arch_func.h##88c66a408d50fc91e01e60b8add8a403.gcov is included (trace)...
(DEBUG) --> File is excluded.
(DEBUG) Finding source file corresponding to a gcov data file
  gcov_fname   /home/sufyan/Zephyr_IOMICO/zephyr-course/app/modules/ring_buf/kernel_arch_func.h##88c66a408d50fc91e01e60b8add8a403.gcov
  current_dir  /home/sufyan/Zephyr_IOMICO/zephyr-course/app/modules/ring_buf
  root         /home/sufyan/Zephyr_IOMICO/zephyr-course/app/modules/ring_buf
  starting_dir /home/sufyan/Zephyr_IOMICO/zephyr-course
  obj_dir      None
  gcda_fname   ../../../twister-out/native_sim_native/host/homework.unit.ring_buf/zephyr/kernel/CMakeFiles/kernel.dir/pipe.c.gcno
  --> fname    /home/sufyan/Zephyr_IOMICO/deps/zephyr/arch/posix/include/kernel_arch_func.h
(DEBUG) Check if /home/sufyan/Zephyr_IOMICO/deps/zephyr/arch/posix/include/kernel_arch_func.h is included (source file)...
(DEBUG) --> File is excluded.
(DEBUG) Check if /home/sufyan/Zephyr_IOMICO/zephyr-course/app/modules/ring_buf/ring_buffer.h##779e003f3c4eaffb557c5a0052ac92b2.gcov is included (trace)...
(DEBUG) --> File is excluded.
(DEBUG) Finding source file corresponding to a gcov data file
  gcov_fname   /home/sufyan/Zephyr_IOMICO/zephyr-course/app/modules/ring_buf/ring_buffer.h##779e003f3c4eaffb557c5a0052ac92b2.gcov
  current_dir  /home/sufyan/Zephyr_IOMICO/zephyr-course/app/modules/ring_buf
  root         /home/sufyan/Zephyr_IOMICO/zephyr-course/app/modules/ring_buf
  starting_dir /home/sufyan/Zephyr_IOMICO/zephyr-course
  obj_dir      None
  gcda_fname   ../../../twister-out/native_sim_native/host/homework.unit.ring_buf/zephyr/kernel/CMakeFiles/kernel.dir/pipe.c.gcno
  --> fname    /home/sufyan/Zephyr_IOMICO/deps/zephyr/include/zephyr/sys/ring_buffer.h
(DEBUG) Check if /home/sufyan/Zephyr_IOMICO/deps/zephyr/include/zephyr/sys/ring_buffer.h is included (source file)...
(DEBUG) --> File is excluded.
(DEBUG) Check if /home/sufyan/Zephyr_IOMICO/zephyr-course/app/modules/ring_buf/priority_q.h##e09451b433d85721cb295db4cbfe45f5.gcov is included (trace)...
(DEBUG) --> File is excluded.
(DEBUG) Finding source file corresponding to a gcov data file
  gcov_fname   /home/sufyan/Zephyr_IOMICO/zephyr-course/app/modules/ring_buf/priority_q.h##e09451b433d85721cb295db4cbfe45f5.gcov
  current_dir  /home/sufyan/Zephyr_IOMICO/zephyr-course/app/modules/ring_buf
  root         /home/sufyan/Zephyr_IOMICO/zephyr-course/app/modules/ring_buf
  starting_dir /home/sufyan/Zephyr_IOMICO/zephyr-course
  obj_dir      None
  gcda_fname   ../../../twister-out/native_sim_native/host/homework.unit.ring_buf/zephyr/kernel/CMakeFiles/kernel.dir/pipe.c.gcno
  --> fname    /home/sufyan/Zephyr_IOMICO/deps/zephyr/kernel/include/priority_q.h
(DEBUG) Check if /home/sufyan/Zephyr_IOMICO/deps/zephyr/kernel/include/priority_q.h is included (source file)...
(DEBUG) --> File is excluded.
(DEBUG) Check if /home/sufyan/Zephyr_IOMICO/zephyr-course/twister-out/native_sim_native/host/homework.unit.ring_buf/zephyr/kernel/CMakeFiles/kernel.dir/queue.c.gcno is included (trace)...
(DEBUG)   No filter matched.
(DEBUG) --> File is excluded.
(DEBUG) Check if /home/sufyan/Zephyr_IOMICO/zephyr-course/twister-out/native_sim_native/host/homework.unit.ring_buf/zephyr/kernel/CMakeFiles/kernel.dir/queue.c.gcno is included (trace)...
(DEBUG) --> File is excluded.
(DEBUG) Check if queue.c##559326fe209b5f46eb494efbcb03b4c6.gcov is included (gcov file)...
(DEBUG)   Filter AlwaysMatchFilter() matched.
(DEBUG) --> File is included.
(DEBUG) Check if ksched.h##ef11ea29545001937978f4e3e23cbf23.gcov is included (gcov file)...
(DEBUG) --> File is included.
(DEBUG) Check if kthread.h##b13e19e9523584ac2e7cfe73fddb2b9b.gcov is included (gcov file)...
(DEBUG) --> File is included.
(DEBUG) Check if kernel_internal.h##d53f9a5de702617b658ebe7dd715cfb5.gcov is included (gcov file)...
(DEBUG) --> File is included.
(DEBUG) Check if kernel_arch_func.h##88c66a408d50fc91e01e60b8add8a403.gcov is included (gcov file)...
(DEBUG) --> File is included.
(DEBUG) Check if wait_q.h##139d40669c3ee194b82a2646c4f8e821.gcov is included (gcov file)...
(DEBUG) --> File is included.
(DEBUG) Check if priority_q.h##e09451b433d85721cb295db4cbfe45f5.gcov is included (gcov file)...
(DEBUG) --> File is included.
(DEBUG) Check if timeout_q.h##569a3e528a9234fdc294fc6409c26869.gcov is included (gcov file)...
(DEBUG) --> File is included.
(DEBUG) Check if kobject_internal.h##d9e662f1f754d31d24eb20c0b43248dd.gcov is included (gcov file)...
(DEBUG) --> File is included.
(DEBUG) Check if spinlock.h##ac54c28a46b90c889de3665abac3ef1a.gcov is included (gcov file)...
(DEBUG) --> File is included.
(DEBUG) Check if arch.h##dc70e81a221e00a96b5b011e55795c6f.gcov is included (gcov file)...
(DEBUG) --> File is included.
(DEBUG) Check if sflist.h##a15f91b7aac9281938d4f15f41d459ca.gcov is included (gcov file)...
(DEBUG)   Filter AlwaysMatchFilter() matched.
(DEBUG) --> File is included.
(DEBUG) Check if slist.h##a2be9c325ed0449952d94437f6b2e046.gcov is included (gcov file)...
(DEBUG) --> File is included.
(DEBUG) Check if dlist.h##8b38c32f07439f20ffdd7079fc0c40eb.gcov is included (gcov file)...
(DEBUG) --> File is included.
(DEBUG) Check if /home/sufyan/Zephyr_IOMICO/zephyr-course/app/modules/ring_buf/ksched.h##ef11ea29545001937978f4e3e23cbf23.gcov is included (trace)...
(DEBUG) --> File is excluded.
(DEBUG) Finding source file corresponding to a gcov data file
  gcov_fname   /home/sufyan/Zephyr_IOMICO/zephyr-course/app/modules/ring_buf/ksched.h##ef11ea29545001937978f4e3e23cbf23.gcov
  current_dir  /home/sufyan/Zephyr_IOMICO/zephyr-course/app/modules/ring_buf
  root         /home/sufyan/Zephyr_IOMICO/zephyr-course/app/modules/ring_buf
  starting_dir /home/sufyan/Zephyr_IOMICO/zephyr-course
  obj_dir      None
  gcda_fname   ../../../twister-out/native_sim_native/host/homework.unit.ring_buf/zephyr/kernel/CMakeFiles/kernel.dir/queue.c.gcno
  --> fname    /home/sufyan/Zephyr_IOMICO/deps/zephyr/kernel/include/ksched.h
(DEBUG) Check if /home/sufyan/Zephyr_IOMICO/deps/zephyr/kernel/include/ksched.h is included (source file)...
(DEBUG) --> File is excluded.
(DEBUG) Check if /home/sufyan/Zephyr_IOMICO/zephyr-course/app/modules/ring_buf/wait_q.h##139d40669c3ee194b82a2646c4f8e821.gcov is included (trace)...
(DEBUG) --> File is excluded.
(DEBUG) Finding source file corresponding to a gcov data file
  gcov_fname   /home/sufyan/Zephyr_IOMICO/zephyr-course/app/modules/ring_buf/wait_q.h##139d40669c3ee194b82a2646c4f8e821.gcov
  current_dir  /home/sufyan/Zephyr_IOMICO/zephyr-course/app/modules/ring_buf
  root         /home/sufyan/Zephyr_IOMICO/zephyr-course/app/modules/ring_buf
  starting_dir /home/sufyan/Zephyr_IOMICO/zephyr-course
  obj_dir      None
  gcda_fname   ../../../twister-out/native_sim_native/host/homework.unit.ring_buf/zephyr/kernel/CMakeFiles/kernel.dir/queue.c.gcno
  --> fname    /home/sufyan/Zephyr_IOMICO/deps/zephyr/kernel/include/wait_q.h
(DEBUG) Check if /home/sufyan/Zephyr_IOMICO/deps/zephyr/kernel/include/wait_q.h is included (source file)...
(DEBUG) --> File is excluded.
(DEBUG) Check if /home/sufyan/Zephyr_IOMICO/zephyr-course/app/modules/ring_buf/kernel_internal.h##d53f9a5de702617b658ebe7dd715cfb5.gcov is included (trace)...
(DEBUG) --> File is excluded.
(DEBUG) Finding source file corresponding to a gcov data file
  gcov_fname   /home/sufyan/Zephyr_IOMICO/zephyr-course/app/modules/ring_buf/kernel_internal.h##d53f9a5de702617b658ebe7dd715cfb5.gcov
  current_dir  /home/sufyan/Zephyr_IOMICO/zephyr-course/app/modules/ring_buf
  root         /home/sufyan/Zephyr_IOMICO/zephyr-course/app/modules/ring_buf
  starting_dir /home/sufyan/Zephyr_IOMICO/zephyr-course
  obj_dir      None
  gcda_fname   ../../../twister-out/native_sim_native/host/homework.unit.ring_buf/zephyr/kernel/CMakeFiles/kernel.dir/queue.c.gcno
  --> fname    /home/sufyan/Zephyr_IOMICO/deps/zephyr/kernel/include/kernel_internal.h
(DEBUG) Check if /home/sufyan/Zephyr_IOMICO/deps/zephyr/kernel/include/kernel_internal.h is included (source file)...
(DEBUG) --> File is excluded.
(DEBUG) Check if /home/sufyan/Zephyr_IOMICO/zephyr-course/app/modules/ring_buf/timeout_q.h##569a3e528a9234fdc294fc6409c26869.gcov is included (trace)...
(DEBUG) --> File is excluded.
(DEBUG) Finding source file corresponding to a gcov data file
  gcov_fname   /home/sufyan/Zephyr_IOMICO/zephyr-course/app/modules/ring_buf/timeout_q.h##569a3e528a9234fdc294fc6409c26869.gcov
  current_dir  /home/sufyan/Zephyr_IOMICO/zephyr-course/app/modules/ring_buf
  root         /home/sufyan/Zephyr_IOMICO/zephyr-course/app/modules/ring_buf
  starting_dir /home/sufyan/Zephyr_IOMICO/zephyr-course
  obj_dir      None
  gcda_fname   ../../../twister-out/native_sim_native/host/homework.unit.ring_buf/zephyr/kernel/CMakeFiles/kernel.dir/queue.c.gcno
  --> fname    /home/sufyan/Zephyr_IOMICO/deps/zephyr/kernel/include/timeout_q.h
(DEBUG) Check if /home/sufyan/Zephyr_IOMICO/deps/zephyr/kernel/include/timeout_q.h is included (source file)...
(DEBUG) --> File is excluded.
(DEBUG) Check if /home/sufyan/Zephyr_IOMICO/zephyr-course/app/modules/ring_buf/kthread.h##b13e19e9523584ac2e7cfe73fddb2b9b.gcov is included (trace)...
(DEBUG) --> File is excluded.
(DEBUG) Finding source file corresponding to a gcov data file
  gcov_fname   /home/sufyan/Zephyr_IOMICO/zephyr-course/app/modules/ring_buf/kthread.h##b13e19e9523584ac2e7cfe73fddb2b9b.gcov
  current_dir  /home/sufyan/Zephyr_IOMICO/zephyr-course/app/modules/ring_buf
  root         /home/sufyan/Zephyr_IOMICO/zephyr-course/app/modules/ring_buf
  starting_dir /home/sufyan/Zephyr_IOMICO/zephyr-course
  obj_dir      None
  gcda_fname   ../../../twister-out/native_sim_native/host/homework.unit.ring_buf/zephyr/kernel/CMakeFiles/kernel.dir/queue.c.gcno
  --> fname    /home/sufyan/Zephyr_IOMICO/deps/zephyr/kernel/include/kthread.h
(DEBUG) Check if /home/sufyan/Zephyr_IOMICO/deps/zephyr/kernel/include/kthread.h is included (source file)...
(DEBUG) --> File is excluded.
(DEBUG) Check if /home/sufyan/Zephyr_IOMICO/zephyr-course/app/modules/ring_buf/spinlock.h##ac54c28a46b90c889de3665abac3ef1a.gcov is included (trace)...
(DEBUG) --> File is excluded.
(DEBUG) Finding source file corresponding to a gcov data file
  gcov_fname   /home/sufyan/Zephyr_IOMICO/zephyr-course/app/modules/ring_buf/spinlock.h##ac54c28a46b90c889de3665abac3ef1a.gcov
  current_dir  /home/sufyan/Zephyr_IOMICO/zephyr-course/app/modules/ring_buf
  root         /home/sufyan/Zephyr_IOMICO/zephyr-course/app/modules/ring_buf
  starting_dir /home/sufyan/Zephyr_IOMICO/zephyr-course
  obj_dir      None
  gcda_fname   ../../../twister-out/native_sim_native/host/homework.unit.ring_buf/zephyr/kernel/CMakeFiles/kernel.dir/queue.c.gcno
  --> fname    /home/sufyan/Zephyr_IOMICO/deps/zephyr/include/zephyr/spinlock.h
(DEBUG) Check if /home/sufyan/Zephyr_IOMICO/deps/zephyr/include/zephyr/spinlock.h is included (source file)...
(DEBUG) --> File is excluded.
(DEBUG) Check if /home/sufyan/Zephyr_IOMICO/zephyr-course/app/modules/ring_buf/arch.h##dc70e81a221e00a96b5b011e55795c6f.gcov is included (trace)...
(DEBUG) --> File is excluded.
(DEBUG) Finding source file corresponding to a gcov data file
  gcov_fname   /home/sufyan/Zephyr_IOMICO/zephyr-course/app/modules/ring_buf/arch.h##dc70e81a221e00a96b5b011e55795c6f.gcov
  current_dir  /home/sufyan/Zephyr_IOMICO/zephyr-course/app/modules/ring_buf
  root         /home/sufyan/Zephyr_IOMICO/zephyr-course/app/modules/ring_buf
  starting_dir /home/sufyan/Zephyr_IOMICO/zephyr-course
  obj_dir      None
  gcda_fname   ../../../twister-out/native_sim_native/host/homework.unit.ring_buf/zephyr/kernel/CMakeFiles/kernel.dir/queue.c.gcno
  --> fname    /home/sufyan/Zephyr_IOMICO/deps/zephyr/include/zephyr/arch/posix/arch.h
(DEBUG) Check if /home/sufyan/Zephyr_IOMICO/deps/zephyr/include/zephyr/arch/posix/arch.h is included (source file)...
(DEBUG) --> File is excluded.
(DEBUG) Check if /home/sufyan/Zephyr_IOMICO/zephyr-course/app/modules/ring_buf/kobject_internal.h##d9e662f1f754d31d24eb20c0b43248dd.gcov is included (trace)...
(DEBUG) --> File is excluded.
(DEBUG) Finding source file corresponding to a gcov data file
  gcov_fname   /home/sufyan/Zephyr_IOMICO/zephyr-course/app/modules/ring_buf/kobject_internal.h##d9e662f1f754d31d24eb20c0b43248dd.gcov
  current_dir  /home/sufyan/Zephyr_IOMICO/zephyr-course/app/modules/ring_buf
  root         /home/sufyan/Zephyr_IOMICO/zephyr-course/app/modules/ring_buf
  starting_dir /home/sufyan/Zephyr_IOMICO/zephyr-course
  obj_dir      None
  gcda_fname   ../../../twister-out/native_sim_native/host/homework.unit.ring_buf/zephyr/kernel/CMakeFiles/kernel.dir/queue.c.gcno
  --> fname    /home/sufyan/Zephyr_IOMICO/deps/zephyr/include/zephyr/sys/internal/kobject_internal.h
(DEBUG) Check if /home/sufyan/Zephyr_IOMICO/deps/zephyr/include/zephyr/sys/internal/kobject_internal.h is included (source file)...
(DEBUG) --> File is excluded.
(DEBUG) Check if /home/sufyan/Zephyr_IOMICO/zephyr-course/app/modules/ring_buf/sflist.h##a15f91b7aac9281938d4f15f41d459ca.gcov is included (trace)...
(DEBUG)   No filter matched.
(DEBUG) --> File is excluded.
(DEBUG) Finding source file corresponding to a gcov data file
  gcov_fname   /home/sufyan/Zephyr_IOMICO/zephyr-course/app/modules/ring_buf/sflist.h##a15f91b7aac9281938d4f15f41d459ca.gcov
  current_dir  /home/sufyan/Zephyr_IOMICO/zephyr-course/app/modules/ring_buf
  root         /home/sufyan/Zephyr_IOMICO/zephyr-course/app/modules/ring_buf
  starting_dir /home/sufyan/Zephyr_IOMICO/zephyr-course
  obj_dir      None
  gcda_fname   ../../../twister-out/native_sim_native/host/homework.unit.ring_buf/zephyr/kernel/CMakeFiles/kernel.dir/queue.c.gcno
  --> fname    /home/sufyan/Zephyr_IOMICO/deps/zephyr/include/zephyr/sys/sflist.h
(DEBUG) Check if /home/sufyan/Zephyr_IOMICO/deps/zephyr/include/zephyr/sys/sflist.h is included (source file)...
(DEBUG)   No filter matched.
(DEBUG) --> File is excluded.
(DEBUG) Check if /home/sufyan/Zephyr_IOMICO/zephyr-course/app/modules/ring_buf/dlist.h##8b38c32f07439f20ffdd7079fc0c40eb.gcov is included (trace)...
(DEBUG) --> File is excluded.
(DEBUG) Finding source file corresponding to a gcov data file
  gcov_fname   /home/sufyan/Zephyr_IOMICO/zephyr-course/app/modules/ring_buf/dlist.h##8b38c32f07439f20ffdd7079fc0c40eb.gcov
  current_dir  /home/sufyan/Zephyr_IOMICO/zephyr-course/app/modules/ring_buf
  root         /home/sufyan/Zephyr_IOMICO/zephyr-course/app/modules/ring_buf
  starting_dir /home/sufyan/Zephyr_IOMICO/zephyr-course
  obj_dir      None
  gcda_fname   ../../../twister-out/native_sim_native/host/homework.unit.ring_buf/zephyr/kernel/CMakeFiles/kernel.dir/queue.c.gcno
  --> fname    /home/sufyan/Zephyr_IOMICO/deps/zephyr/include/zephyr/sys/dlist.h
(DEBUG) Check if /home/sufyan/Zephyr_IOMICO/deps/zephyr/include/zephyr/sys/dlist.h is included (source file)...
(DEBUG) --> File is excluded.
(DEBUG) Check if /home/sufyan/Zephyr_IOMICO/zephyr-course/app/modules/ring_buf/kernel_arch_func.h##88c66a408d50fc91e01e60b8add8a403.gcov is included (trace)...
(DEBUG) --> File is excluded.
(DEBUG) Finding source file corresponding to a gcov data file
  gcov_fname   /home/sufyan/Zephyr_IOMICO/zephyr-course/app/modules/ring_buf/kernel_arch_func.h##88c66a408d50fc91e01e60b8add8a403.gcov
  current_dir  /home/sufyan/Zephyr_IOMICO/zephyr-course/app/modules/ring_buf
  root         /home/sufyan/Zephyr_IOMICO/zephyr-course/app/modules/ring_buf
  starting_dir /home/sufyan/Zephyr_IOMICO/zephyr-course
  obj_dir      None
  gcda_fname   ../../../twister-out/native_sim_native/host/homework.unit.ring_buf/zephyr/kernel/CMakeFiles/kernel.dir/queue.c.gcno
  --> fname    /home/sufyan/Zephyr_IOMICO/deps/zephyr/arch/posix/include/kernel_arch_func.h
(DEBUG) Check if /home/sufyan/Zephyr_IOMICO/deps/zephyr/arch/posix/include/kernel_arch_func.h is included (source file)...
(DEBUG) --> File is excluded.
(DEBUG) Check if /home/sufyan/Zephyr_IOMICO/zephyr-course/app/modules/ring_buf/slist.h##a2be9c325ed0449952d94437f6b2e046.gcov is included (trace)...
(DEBUG) --> File is excluded.
(DEBUG) Finding source file corresponding to a gcov data file
  gcov_fname   /home/sufyan/Zephyr_IOMICO/zephyr-course/app/modules/ring_buf/slist.h##a2be9c325ed0449952d94437f6b2e046.gcov
  current_dir  /home/sufyan/Zephyr_IOMICO/zephyr-course/app/modules/ring_buf
  root         /home/sufyan/Zephyr_IOMICO/zephyr-course/app/modules/ring_buf
  starting_dir /home/sufyan/Zephyr_IOMICO/zephyr-course
  obj_dir      None
  gcda_fname   ../../../twister-out/native_sim_native/host/homework.unit.ring_buf/zephyr/kernel/CMakeFiles/kernel.dir/queue.c.gcno
  --> fname    /home/sufyan/Zephyr_IOMICO/deps/zephyr/include/zephyr/sys/slist.h
(DEBUG) Check if /home/sufyan/Zephyr_IOMICO/deps/zephyr/include/zephyr/sys/slist.h is included (source file)...
(DEBUG) --> File is excluded.
(DEBUG) Check if /home/sufyan/Zephyr_IOMICO/zephyr-course/app/modules/ring_buf/queue.c##559326fe209b5f46eb494efbcb03b4c6.gcov is included (trace)...
(DEBUG)   No filter matched.
(DEBUG) --> File is excluded.
(DEBUG) Finding source file corresponding to a gcov data file
  gcov_fname   /home/sufyan/Zephyr_IOMICO/zephyr-course/app/modules/ring_buf/queue.c##559326fe209b5f46eb494efbcb03b4c6.gcov
  current_dir  /home/sufyan/Zephyr_IOMICO/zephyr-course/app/modules/ring_buf
  root         /home/sufyan/Zephyr_IOMICO/zephyr-course/app/modules/ring_buf
  starting_dir /home/sufyan/Zephyr_IOMICO/zephyr-course
  obj_dir      None
  gcda_fname   ../../../twister-out/native_sim_native/host/homework.unit.ring_buf/zephyr/kernel/CMakeFiles/kernel.dir/queue.c.gcno
  --> fname    /home/sufyan/Zephyr_IOMICO/deps/zephyr/kernel/queue.c
(DEBUG) Check if /home/sufyan/Zephyr_IOMICO/deps/zephyr/kernel/queue.c is included (source file)...
(DEBUG)   No filter matched.
(DEBUG) --> File is excluded.
(DEBUG) Check if /home/sufyan/Zephyr_IOMICO/zephyr-course/app/modules/ring_buf/priority_q.h##e09451b433d85721cb295db4cbfe45f5.gcov is included (trace)...
(DEBUG) --> File is excluded.
(DEBUG) Finding source file corresponding to a gcov data file
  gcov_fname   /home/sufyan/Zephyr_IOMICO/zephyr-course/app/modules/ring_buf/priority_q.h##e09451b433d85721cb295db4cbfe45f5.gcov
  current_dir  /home/sufyan/Zephyr_IOMICO/zephyr-course/app/modules/ring_buf
  root         /home/sufyan/Zephyr_IOMICO/zephyr-course/app/modules/ring_buf
  starting_dir /home/sufyan/Zephyr_IOMICO/zephyr-course
  obj_dir      None
  gcda_fname   ../../../twister-out/native_sim_native/host/homework.unit.ring_buf/zephyr/kernel/CMakeFiles/kernel.dir/queue.c.gcno
  --> fname    /home/sufyan/Zephyr_IOMICO/deps/zephyr/kernel/include/priority_q.h
(DEBUG) Check if /home/sufyan/Zephyr_IOMICO/deps/zephyr/kernel/include/priority_q.h is included (source file)...
(DEBUG) --> File is excluded.
(DEBUG) Check if /home/sufyan/Zephyr_IOMICO/zephyr-course/twister-out/native_sim_native/host/homework.unit.ring_buf/zephyr/kernel/CMakeFiles/kernel.dir/sched.c.gcda is included (trace)...
(DEBUG)   No filter matched.
(DEBUG) --> File is excluded.
(DEBUG) Check if /home/sufyan/Zephyr_IOMICO/zephyr-course/twister-out/native_sim_native/host/homework.unit.ring_buf/zephyr/kernel/CMakeFiles/kernel.dir/sched.c.gcda is included (trace)...
(DEBUG) --> File is excluded.
(DEBUG) Check if sched.c##6edb8e8a15c4ff10be8e3724f87e8c62.gcov is included (gcov file)...
(DEBUG)   Filter AlwaysMatchFilter() matched.
(DEBUG) --> File is included.
(DEBUG) Check if log_msg.h##c3d7a43353dd151ee47d3c13d66651b3.gcov is included (gcov file)...
(DEBUG) --> File is included.
(DEBUG) Check if kswap.h##9a5fdfd549e93061b332a272726a5dc5.gcov is included (gcov file)...
(DEBUG) --> File is included.
(DEBUG) Check if wait_q.h##139d40669c3ee194b82a2646c4f8e821.gcov is included (gcov file)...
(DEBUG) --> File is included.
(DEBUG) Check if ksched.h##ef11ea29545001937978f4e3e23cbf23.gcov is included (gcov file)...
(DEBUG) --> File is included.
(DEBUG) Check if priority_q.h##e09451b433d85721cb295db4cbfe45f5.gcov is included (gcov file)...
(DEBUG) --> File is included.
(DEBUG) Check if kthread.h##b13e19e9523584ac2e7cfe73fddb2b9b.gcov is included (gcov file)...
(DEBUG) --> File is included.
(DEBUG) Check if timeout_q.h##569a3e528a9234fdc294fc6409c26869.gcov is included (gcov file)...
(DEBUG) --> File is included.
(DEBUG) Check if kernel_internal.h##d53f9a5de702617b658ebe7dd715cfb5.gcov is included (gcov file)...
(DEBUG) --> File is included.
(DEBUG) Check if kernel_arch_func.h##88c66a408d50fc91e01e60b8add8a403.gcov is included (gcov file)...
(DEBUG) --> File is included.
(DEBUG) Check if kernel.h##613194e766979d51f14f46fda6f8f0e6.gcov is included (gcov file)...
(DEBUG) --> File is included.
(DEBUG) Check if kernel.h##0603b591ac855b4a2926257de0e213f1.gcov is included (gcov file)...
(DEBUG) --> File is included.
(DEBUG) Check if spinlock.h##ac54c28a46b90c889de3665abac3ef1a.gcov is included (gcov file)...
(DEBUG) --> File is included.
(DEBUG) Check if arch.h##dc70e81a221e00a96b5b011e55795c6f.gcov is included (gcov file)...
(DEBUG) --> File is included.
(DEBUG) Check if dlist.h##8b38c32f07439f20ffdd7079fc0c40eb.gcov is included (gcov file)...
(DEBUG) --> File is included.
(DEBUG) Check if /home/sufyan/Zephyr_IOMICO/zephyr-course/app/modules/ring_buf/ksched.h##ef11ea29545001937978f4e3e23cbf23.gcov is included (trace)...
(DEBUG) --> File is excluded.
(DEBUG) Finding source file corresponding to a gcov data file
  gcov_fname   /home/sufyan/Zephyr_IOMICO/zephyr-course/app/modules/ring_buf/ksched.h##ef11ea29545001937978f4e3e23cbf23.gcov
  current_dir  /home/sufyan/Zephyr_IOMICO/zephyr-course/app/modules/ring_buf
  root         /home/sufyan/Zephyr_IOMICO/zephyr-course/app/modules/ring_buf
  starting_dir /home/sufyan/Zephyr_IOMICO/zephyr-course
  obj_dir      None
  gcda_fname   ../../../twister-out/native_sim_native/host/homework.unit.ring_buf/zephyr/kernel/CMakeFiles/kernel.dir/sched.c.gcda
  --> fname    /home/sufyan/Zephyr_IOMICO/deps/zephyr/kernel/include/ksched.h
(DEBUG) Check if /home/sufyan/Zephyr_IOMICO/deps/zephyr/kernel/include/ksched.h is included (source file)...
(DEBUG) --> File is excluded.
(DEBUG) Check if /home/sufyan/Zephyr_IOMICO/zephyr-course/app/modules/ring_buf/wait_q.h##139d40669c3ee194b82a2646c4f8e821.gcov is included (trace)...
(DEBUG) --> File is excluded.
(DEBUG) Finding source file corresponding to a gcov data file
  gcov_fname   /home/sufyan/Zephyr_IOMICO/zephyr-course/app/modules/ring_buf/wait_q.h##139d40669c3ee194b82a2646c4f8e821.gcov
  current_dir  /home/sufyan/Zephyr_IOMICO/zephyr-course/app/modules/ring_buf
  root         /home/sufyan/Zephyr_IOMICO/zephyr-course/app/modules/ring_buf
  starting_dir /home/sufyan/Zephyr_IOMICO/zephyr-course
  obj_dir      None
  gcda_fname   ../../../twister-out/native_sim_native/host/homework.unit.ring_buf/zephyr/kernel/CMakeFiles/kernel.dir/sched.c.gcda
  --> fname    /home/sufyan/Zephyr_IOMICO/deps/zephyr/kernel/include/wait_q.h
(DEBUG) Check if /home/sufyan/Zephyr_IOMICO/deps/zephyr/kernel/include/wait_q.h is included (source file)...
(DEBUG) --> File is excluded.
(DEBUG) Check if /home/sufyan/Zephyr_IOMICO/zephyr-course/app/modules/ring_buf/kernel_internal.h##d53f9a5de702617b658ebe7dd715cfb5.gcov is included (trace)...
(DEBUG) --> File is excluded.
(DEBUG) Finding source file corresponding to a gcov data file
  gcov_fname   /home/sufyan/Zephyr_IOMICO/zephyr-course/app/modules/ring_buf/kernel_internal.h##d53f9a5de702617b658ebe7dd715cfb5.gcov
  current_dir  /home/sufyan/Zephyr_IOMICO/zephyr-course/app/modules/ring_buf
  root         /home/sufyan/Zephyr_IOMICO/zephyr-course/app/modules/ring_buf
  starting_dir /home/sufyan/Zephyr_IOMICO/zephyr-course
  obj_dir      None
  gcda_fname   ../../../twister-out/native_sim_native/host/homework.unit.ring_buf/zephyr/kernel/CMakeFiles/kernel.dir/sched.c.gcda
  --> fname    /home/sufyan/Zephyr_IOMICO/deps/zephyr/kernel/include/kernel_internal.h
(DEBUG) Check if /home/sufyan/Zephyr_IOMICO/deps/zephyr/kernel/include/kernel_internal.h is included (source file)...
(DEBUG) --> File is excluded.
(DEBUG) Check if /home/sufyan/Zephyr_IOMICO/zephyr-course/app/modules/ring_buf/kswap.h##9a5fdfd549e93061b332a272726a5dc5.gcov is included (trace)...
(DEBUG) --> File is excluded.
(DEBUG) Finding source file corresponding to a gcov data file
  gcov_fname   /home/sufyan/Zephyr_IOMICO/zephyr-course/app/modules/ring_buf/kswap.h##9a5fdfd549e93061b332a272726a5dc5.gcov
  current_dir  /home/sufyan/Zephyr_IOMICO/zephyr-course/app/modules/ring_buf
  root         /home/sufyan/Zephyr_IOMICO/zephyr-course/app/modules/ring_buf
  starting_dir /home/sufyan/Zephyr_IOMICO/zephyr-course
  obj_dir      None
  gcda_fname   ../../../twister-out/native_sim_native/host/homework.unit.ring_buf/zephyr/kernel/CMakeFiles/kernel.dir/sched.c.gcda
  --> fname    /home/sufyan/Zephyr_IOMICO/deps/zephyr/kernel/include/kswap.h
(DEBUG) Check if /home/sufyan/Zephyr_IOMICO/deps/zephyr/kernel/include/kswap.h is included (source file)...
(DEBUG) --> File is excluded.
(DEBUG) Check if /home/sufyan/Zephyr_IOMICO/zephyr-course/app/modules/ring_buf/timeout_q.h##569a3e528a9234fdc294fc6409c26869.gcov is included (trace)...
(DEBUG) --> File is excluded.
(DEBUG) Finding source file corresponding to a gcov data file
  gcov_fname   /home/sufyan/Zephyr_IOMICO/zephyr-course/app/modules/ring_buf/timeout_q.h##569a3e528a9234fdc294fc6409c26869.gcov
  current_dir  /home/sufyan/Zephyr_IOMICO/zephyr-course/app/modules/ring_buf
  root         /home/sufyan/Zephyr_IOMICO/zephyr-course/app/modules/ring_buf
  starting_dir /home/sufyan/Zephyr_IOMICO/zephyr-course
  obj_dir      None
  gcda_fname   ../../../twister-out/native_sim_native/host/homework.unit.ring_buf/zephyr/kernel/CMakeFiles/kernel.dir/sched.c.gcda
  --> fname    /home/sufyan/Zephyr_IOMICO/deps/zephyr/kernel/include/timeout_q.h
(DEBUG) Check if /home/sufyan/Zephyr_IOMICO/deps/zephyr/kernel/include/timeout_q.h is included (source file)...
(DEBUG) --> File is excluded.
(DEBUG) Check if /home/sufyan/Zephyr_IOMICO/zephyr-course/app/modules/ring_buf/kthread.h##b13e19e9523584ac2e7cfe73fddb2b9b.gcov is included (trace)...
(DEBUG) --> File is excluded.
(DEBUG) Finding source file corresponding to a gcov data file
  gcov_fname   /home/sufyan/Zephyr_IOMICO/zephyr-course/app/modules/ring_buf/kthread.h##b13e19e9523584ac2e7cfe73fddb2b9b.gcov
  current_dir  /home/sufyan/Zephyr_IOMICO/zephyr-course/app/modules/ring_buf
  root         /home/sufyan/Zephyr_IOMICO/zephyr-course/app/modules/ring_buf
  starting_dir /home/sufyan/Zephyr_IOMICO/zephyr-course
  obj_dir      None
  gcda_fname   ../../../twister-out/native_sim_native/host/homework.unit.ring_buf/zephyr/kernel/CMakeFiles/kernel.dir/sched.c.gcda
  --> fname    /home/sufyan/Zephyr_IOMICO/deps/zephyr/kernel/include/kthread.h
(DEBUG) Check if /home/sufyan/Zephyr_IOMICO/deps/zephyr/kernel/include/kthread.h is included (source file)...
(DEBUG) --> File is excluded.
(DEBUG) Check if /home/sufyan/Zephyr_IOMICO/zephyr-course/app/modules/ring_buf/kernel.h##0603b591ac855b4a2926257de0e213f1.gcov is included (trace)...
(DEBUG) --> File is excluded.
(DEBUG) Finding source file corresponding to a gcov data file
  gcov_fname   /home/sufyan/Zephyr_IOMICO/zephyr-course/app/modules/ring_buf/kernel.h##0603b591ac855b4a2926257de0e213f1.gcov
  current_dir  /home/sufyan/Zephyr_IOMICO/zephyr-course/app/modules/ring_buf
  root         /home/sufyan/Zephyr_IOMICO/zephyr-course/app/modules/ring_buf
  starting_dir /home/sufyan/Zephyr_IOMICO/zephyr-course
  obj_dir      None
  gcda_fname   ../../../twister-out/native_sim_native/host/homework.unit.ring_buf/zephyr/kernel/CMakeFiles/kernel.dir/sched.c.gcda
  --> fname    /home/sufyan/Zephyr_IOMICO/deps/zephyr/include/zephyr/kernel.h
(DEBUG) Check if /home/sufyan/Zephyr_IOMICO/deps/zephyr/include/zephyr/kernel.h is included (source file)...
(DEBUG) --> File is excluded.
(DEBUG) Check if /home/sufyan/Zephyr_IOMICO/zephyr-course/app/modules/ring_buf/spinlock.h##ac54c28a46b90c889de3665abac3ef1a.gcov is included (trace)...
(DEBUG) --> File is excluded.
(DEBUG) Finding source file corresponding to a gcov data file
  gcov_fname   /home/sufyan/Zephyr_IOMICO/zephyr-course/app/modules/ring_buf/spinlock.h##ac54c28a46b90c889de3665abac3ef1a.gcov
  current_dir  /home/sufyan/Zephyr_IOMICO/zephyr-course/app/modules/ring_buf
  root         /home/sufyan/Zephyr_IOMICO/zephyr-course/app/modules/ring_buf
  starting_dir /home/sufyan/Zephyr_IOMICO/zephyr-course
  obj_dir      None
  gcda_fname   ../../../twister-out/native_sim_native/host/homework.unit.ring_buf/zephyr/kernel/CMakeFiles/kernel.dir/sched.c.gcda
  --> fname    /home/sufyan/Zephyr_IOMICO/deps/zephyr/include/zephyr/spinlock.h
(DEBUG) Check if /home/sufyan/Zephyr_IOMICO/deps/zephyr/include/zephyr/spinlock.h is included (source file)...
(DEBUG) --> File is excluded.
(DEBUG) Check if /home/sufyan/Zephyr_IOMICO/zephyr-course/app/modules/ring_buf/arch.h##dc70e81a221e00a96b5b011e55795c6f.gcov is included (trace)...
(DEBUG) --> File is excluded.
(DEBUG) Finding source file corresponding to a gcov data file
  gcov_fname   /home/sufyan/Zephyr_IOMICO/zephyr-course/app/modules/ring_buf/arch.h##dc70e81a221e00a96b5b011e55795c6f.gcov
  current_dir  /home/sufyan/Zephyr_IOMICO/zephyr-course/app/modules/ring_buf
  root         /home/sufyan/Zephyr_IOMICO/zephyr-course/app/modules/ring_buf
  starting_dir /home/sufyan/Zephyr_IOMICO/zephyr-course
  obj_dir      None
  gcda_fname   ../../../twister-out/native_sim_native/host/homework.unit.ring_buf/zephyr/kernel/CMakeFiles/kernel.dir/sched.c.gcda
  --> fname    /home/sufyan/Zephyr_IOMICO/deps/zephyr/include/zephyr/arch/posix/arch.h
(DEBUG) Check if /home/sufyan/Zephyr_IOMICO/deps/zephyr/include/zephyr/arch/posix/arch.h is included (source file)...
(DEBUG) --> File is excluded.
(DEBUG) Check if /home/sufyan/Zephyr_IOMICO/zephyr-course/app/modules/ring_buf/dlist.h##8b38c32f07439f20ffdd7079fc0c40eb.gcov is included (trace)...
(DEBUG) --> File is excluded.
(DEBUG) Finding source file corresponding to a gcov data file
  gcov_fname   /home/sufyan/Zephyr_IOMICO/zephyr-course/app/modules/ring_buf/dlist.h##8b38c32f07439f20ffdd7079fc0c40eb.gcov
  current_dir  /home/sufyan/Zephyr_IOMICO/zephyr-course/app/modules/ring_buf
  root         /home/sufyan/Zephyr_IOMICO/zephyr-course/app/modules/ring_buf
  starting_dir /home/sufyan/Zephyr_IOMICO/zephyr-course
  obj_dir      None
  gcda_fname   ../../../twister-out/native_sim_native/host/homework.unit.ring_buf/zephyr/kernel/CMakeFiles/kernel.dir/sched.c.gcda
  --> fname    /home/sufyan/Zephyr_IOMICO/deps/zephyr/include/zephyr/sys/dlist.h
(DEBUG) Check if /home/sufyan/Zephyr_IOMICO/deps/zephyr/include/zephyr/sys/dlist.h is included (source file)...
(DEBUG) --> File is excluded.
(DEBUG) Check if /home/sufyan/Zephyr_IOMICO/zephyr-course/app/modules/ring_buf/sched.c##6edb8e8a15c4ff10be8e3724f87e8c62.gcov is included (trace)...
(DEBUG)   No filter matched.
(DEBUG) --> File is excluded.
(DEBUG) Finding source file corresponding to a gcov data file
  gcov_fname   /home/sufyan/Zephyr_IOMICO/zephyr-course/app/modules/ring_buf/sched.c##6edb8e8a15c4ff10be8e3724f87e8c62.gcov
  current_dir  /home/sufyan/Zephyr_IOMICO/zephyr-course/app/modules/ring_buf
  root         /home/sufyan/Zephyr_IOMICO/zephyr-course/app/modules/ring_buf
  starting_dir /home/sufyan/Zephyr_IOMICO/zephyr-course
  obj_dir      None
  gcda_fname   ../../../twister-out/native_sim_native/host/homework.unit.ring_buf/zephyr/kernel/CMakeFiles/kernel.dir/sched.c.gcda
  --> fname    /home/sufyan/Zephyr_IOMICO/deps/zephyr/kernel/sched.c
(DEBUG) Check if /home/sufyan/Zephyr_IOMICO/deps/zephyr/kernel/sched.c is included (source file)...
(DEBUG)   No filter matched.
(DEBUG) --> File is excluded.
(DEBUG) Check if /home/sufyan/Zephyr_IOMICO/zephyr-course/app/modules/ring_buf/kernel.h##613194e766979d51f14f46fda6f8f0e6.gcov is included (trace)...
(DEBUG) --> File is excluded.
(DEBUG) Finding source file corresponding to a gcov data file
  gcov_fname   /home/sufyan/Zephyr_IOMICO/zephyr-course/app/modules/ring_buf/kernel.h##613194e766979d51f14f46fda6f8f0e6.gcov
  current_dir  /home/sufyan/Zephyr_IOMICO/zephyr-course/app/modules/ring_buf
  root         /home/sufyan/Zephyr_IOMICO/zephyr-course/app/modules/ring_buf
  starting_dir /home/sufyan/Zephyr_IOMICO/zephyr-course
  obj_dir      None
  gcda_fname   ../../../twister-out/native_sim_native/host/homework.unit.ring_buf/zephyr/kernel/CMakeFiles/kernel.dir/sched.c.gcda
  --> fname    /home/sufyan/Zephyr_IOMICO/zephyr-course/twister-out/native_sim_native/host/homework.unit.ring_buf/zephyr/include/generated/zephyr/syscalls/kernel.h
(DEBUG) Check if /home/sufyan/Zephyr_IOMICO/zephyr-course/twister-out/native_sim_native/host/homework.unit.ring_buf/zephyr/include/generated/zephyr/syscalls/kernel.h is included (source file)...
(DEBUG) --> File is excluded.
(DEBUG) Check if /home/sufyan/Zephyr_IOMICO/zephyr-course/app/modules/ring_buf/kernel_arch_func.h##88c66a408d50fc91e01e60b8add8a403.gcov is included (trace)...
(DEBUG) --> File is excluded.
(DEBUG) Finding source file corresponding to a gcov data file
  gcov_fname   /home/sufyan/Zephyr_IOMICO/zephyr-course/app/modules/ring_buf/kernel_arch_func.h##88c66a408d50fc91e01e60b8add8a403.gcov
  current_dir  /home/sufyan/Zephyr_IOMICO/zephyr-course/app/modules/ring_buf
  root         /home/sufyan/Zephyr_IOMICO/zephyr-course/app/modules/ring_buf
  starting_dir /home/sufyan/Zephyr_IOMICO/zephyr-course
  obj_dir      None
  gcda_fname   ../../../twister-out/native_sim_native/host/homework.unit.ring_buf/zephyr/kernel/CMakeFiles/kernel.dir/sched.c.gcda
  --> fname    /home/sufyan/Zephyr_IOMICO/deps/zephyr/arch/posix/include/kernel_arch_func.h
(DEBUG) Check if /home/sufyan/Zephyr_IOMICO/deps/zephyr/arch/posix/include/kernel_arch_func.h is included (source file)...
(DEBUG) --> File is excluded.
(DEBUG) Check if /home/sufyan/Zephyr_IOMICO/zephyr-course/app/modules/ring_buf/priority_q.h##e09451b433d85721cb295db4cbfe45f5.gcov is included (trace)...
(DEBUG) --> File is excluded.
(DEBUG) Finding source file corresponding to a gcov data file
  gcov_fname   /home/sufyan/Zephyr_IOMICO/zephyr-course/app/modules/ring_buf/priority_q.h##e09451b433d85721cb295db4cbfe45f5.gcov
  current_dir  /home/sufyan/Zephyr_IOMICO/zephyr-course/app/modules/ring_buf
  root         /home/sufyan/Zephyr_IOMICO/zephyr-course/app/modules/ring_buf
  starting_dir /home/sufyan/Zephyr_IOMICO/zephyr-course
  obj_dir      None
  gcda_fname   ../../../twister-out/native_sim_native/host/homework.unit.ring_buf/zephyr/kernel/CMakeFiles/kernel.dir/sched.c.gcda
  --> fname    /home/sufyan/Zephyr_IOMICO/deps/zephyr/kernel/include/priority_q.h
(DEBUG) Check if /home/sufyan/Zephyr_IOMICO/deps/zephyr/kernel/include/priority_q.h is included (source file)...
(DEBUG) --> File is excluded.
(DEBUG) Check if /home/sufyan/Zephyr_IOMICO/zephyr-course/app/modules/ring_buf/log_msg.h##c3d7a43353dd151ee47d3c13d66651b3.gcov is included (trace)...
(DEBUG) --> File is excluded.
(DEBUG) Finding source file corresponding to a gcov data file
  gcov_fname   /home/sufyan/Zephyr_IOMICO/zephyr-course/app/modules/ring_buf/log_msg.h##c3d7a43353dd151ee47d3c13d66651b3.gcov
  current_dir  /home/sufyan/Zephyr_IOMICO/zephyr-course/app/modules/ring_buf
  root         /home/sufyan/Zephyr_IOMICO/zephyr-course/app/modules/ring_buf
  starting_dir /home/sufyan/Zephyr_IOMICO/zephyr-course
  obj_dir      None
  gcda_fname   ../../../twister-out/native_sim_native/host/homework.unit.ring_buf/zephyr/kernel/CMakeFiles/kernel.dir/sched.c.gcda
  --> fname    /home/sufyan/Zephyr_IOMICO/deps/zephyr/include/zephyr/logging/log_msg.h
(DEBUG) Check if /home/sufyan/Zephyr_IOMICO/deps/zephyr/include/zephyr/logging/log_msg.h is included (source file)...
(DEBUG) --> File is excluded.
(DEBUG) Check if /home/sufyan/Zephyr_IOMICO/zephyr-course/twister-out/native_sim_native/host/homework.unit.ring_buf/zephyr/kernel/CMakeFiles/kernel.dir/sem.c.gcda is included (trace)...
(DEBUG)   No filter matched.
(DEBUG) --> File is excluded.
(DEBUG) Check if /home/sufyan/Zephyr_IOMICO/zephyr-course/twister-out/native_sim_native/host/homework.unit.ring_buf/zephyr/kernel/CMakeFiles/kernel.dir/sem.c.gcda is included (trace)...
(DEBUG) --> File is excluded.
(DEBUG) Check if sem.c##ae124b0bc8a52285adc0772685765bec.gcov is included (gcov file)...
(DEBUG)   Filter AlwaysMatchFilter() matched.
(DEBUG) --> File is included.
(DEBUG) Check if ksched.h##ef11ea29545001937978f4e3e23cbf23.gcov is included (gcov file)...
(DEBUG) --> File is included.
(DEBUG) Check if kthread.h##b13e19e9523584ac2e7cfe73fddb2b9b.gcov is included (gcov file)...
(DEBUG) --> File is included.
(DEBUG) Check if kernel_arch_func.h##88c66a408d50fc91e01e60b8add8a403.gcov is included (gcov file)...
(DEBUG) --> File is included.
(DEBUG) Check if wait_q.h##139d40669c3ee194b82a2646c4f8e821.gcov is included (gcov file)...
(DEBUG) --> File is included.
(DEBUG) Check if priority_q.h##e09451b433d85721cb295db4cbfe45f5.gcov is included (gcov file)...
(DEBUG) --> File is included.
(DEBUG) Check if timeout_q.h##569a3e528a9234fdc294fc6409c26869.gcov is included (gcov file)...
(DEBUG) --> File is included.
(DEBUG) Check if kobject_internal.h##d9e662f1f754d31d24eb20c0b43248dd.gcov is included (gcov file)...
(DEBUG) --> File is included.
(DEBUG) Check if spinlock.h##ac54c28a46b90c889de3665abac3ef1a.gcov is included (gcov file)...
(DEBUG) --> File is included.
(DEBUG) Check if arch.h##dc70e81a221e00a96b5b011e55795c6f.gcov is included (gcov file)...
(DEBUG) --> File is included.
(DEBUG) Check if dlist.h##8b38c32f07439f20ffdd7079fc0c40eb.gcov is included (gcov file)...
(DEBUG) --> File is included.
(DEBUG) Check if /home/sufyan/Zephyr_IOMICO/zephyr-course/app/modules/ring_buf/sem.c##ae124b0bc8a52285adc0772685765bec.gcov is included (trace)...
(DEBUG)   No filter matched.
(DEBUG) --> File is excluded.
(DEBUG) Finding source file corresponding to a gcov data file
  gcov_fname   /home/sufyan/Zephyr_IOMICO/zephyr-course/app/modules/ring_buf/sem.c##ae124b0bc8a52285adc0772685765bec.gcov
  current_dir  /home/sufyan/Zephyr_IOMICO/zephyr-course/app/modules/ring_buf
  root         /home/sufyan/Zephyr_IOMICO/zephyr-course/app/modules/ring_buf
  starting_dir /home/sufyan/Zephyr_IOMICO/zephyr-course
  obj_dir      None
  gcda_fname   ../../../twister-out/native_sim_native/host/homework.unit.ring_buf/zephyr/kernel/CMakeFiles/kernel.dir/sem.c.gcda
  --> fname    /home/sufyan/Zephyr_IOMICO/deps/zephyr/kernel/sem.c
(DEBUG) Check if /home/sufyan/Zephyr_IOMICO/deps/zephyr/kernel/sem.c is included (source file)...
(DEBUG)   No filter matched.
(DEBUG) --> File is excluded.
(DEBUG) Check if /home/sufyan/Zephyr_IOMICO/zephyr-course/app/modules/ring_buf/wait_q.h##139d40669c3ee194b82a2646c4f8e821.gcov is included (trace)...
(DEBUG) --> File is excluded.
(DEBUG) Finding source file corresponding to a gcov data file
  gcov_fname   /home/sufyan/Zephyr_IOMICO/zephyr-course/app/modules/ring_buf/wait_q.h##139d40669c3ee194b82a2646c4f8e821.gcov
  current_dir  /home/sufyan/Zephyr_IOMICO/zephyr-course/app/modules/ring_buf
  root         /home/sufyan/Zephyr_IOMICO/zephyr-course/app/modules/ring_buf
  starting_dir /home/sufyan/Zephyr_IOMICO/zephyr-course
  obj_dir      None
  gcda_fname   ../../../twister-out/native_sim_native/host/homework.unit.ring_buf/zephyr/kernel/CMakeFiles/kernel.dir/sem.c.gcda
  --> fname    /home/sufyan/Zephyr_IOMICO/deps/zephyr/kernel/include/wait_q.h
(DEBUG) Check if /home/sufyan/Zephyr_IOMICO/deps/zephyr/kernel/include/wait_q.h is included (source file)...
(DEBUG) --> File is excluded.
(DEBUG) Check if /home/sufyan/Zephyr_IOMICO/zephyr-course/app/modules/ring_buf/ksched.h##ef11ea29545001937978f4e3e23cbf23.gcov is included (trace)...
(DEBUG) --> File is excluded.
(DEBUG) Finding source file corresponding to a gcov data file
  gcov_fname   /home/sufyan/Zephyr_IOMICO/zephyr-course/app/modules/ring_buf/ksched.h##ef11ea29545001937978f4e3e23cbf23.gcov
  current_dir  /home/sufyan/Zephyr_IOMICO/zephyr-course/app/modules/ring_buf
  root         /home/sufyan/Zephyr_IOMICO/zephyr-course/app/modules/ring_buf
  starting_dir /home/sufyan/Zephyr_IOMICO/zephyr-course
  obj_dir      None
  gcda_fname   ../../../twister-out/native_sim_native/host/homework.unit.ring_buf/zephyr/kernel/CMakeFiles/kernel.dir/sem.c.gcda
  --> fname    /home/sufyan/Zephyr_IOMICO/deps/zephyr/kernel/include/ksched.h
(DEBUG) Check if /home/sufyan/Zephyr_IOMICO/deps/zephyr/kernel/include/ksched.h is included (source file)...
(DEBUG) --> File is excluded.
(DEBUG) Check if /home/sufyan/Zephyr_IOMICO/zephyr-course/app/modules/ring_buf/timeout_q.h##569a3e528a9234fdc294fc6409c26869.gcov is included (trace)...
(DEBUG) --> File is excluded.
(DEBUG) Finding source file corresponding to a gcov data file
  gcov_fname   /home/sufyan/Zephyr_IOMICO/zephyr-course/app/modules/ring_buf/timeout_q.h##569a3e528a9234fdc294fc6409c26869.gcov
  current_dir  /home/sufyan/Zephyr_IOMICO/zephyr-course/app/modules/ring_buf
  root         /home/sufyan/Zephyr_IOMICO/zephyr-course/app/modules/ring_buf
  starting_dir /home/sufyan/Zephyr_IOMICO/zephyr-course
  obj_dir      None
  gcda_fname   ../../../twister-out/native_sim_native/host/homework.unit.ring_buf/zephyr/kernel/CMakeFiles/kernel.dir/sem.c.gcda
  --> fname    /home/sufyan/Zephyr_IOMICO/deps/zephyr/kernel/include/timeout_q.h
(DEBUG) Check if /home/sufyan/Zephyr_IOMICO/deps/zephyr/kernel/include/timeout_q.h is included (source file)...
(DEBUG) --> File is excluded.
(DEBUG) Check if /home/sufyan/Zephyr_IOMICO/zephyr-course/app/modules/ring_buf/kthread.h##b13e19e9523584ac2e7cfe73fddb2b9b.gcov is included (trace)...
(DEBUG) --> File is excluded.
(DEBUG) Finding source file corresponding to a gcov data file
  gcov_fname   /home/sufyan/Zephyr_IOMICO/zephyr-course/app/modules/ring_buf/kthread.h##b13e19e9523584ac2e7cfe73fddb2b9b.gcov
  current_dir  /home/sufyan/Zephyr_IOMICO/zephyr-course/app/modules/ring_buf
  root         /home/sufyan/Zephyr_IOMICO/zephyr-course/app/modules/ring_buf
  starting_dir /home/sufyan/Zephyr_IOMICO/zephyr-course
  obj_dir      None
  gcda_fname   ../../../twister-out/native_sim_native/host/homework.unit.ring_buf/zephyr/kernel/CMakeFiles/kernel.dir/sem.c.gcda
  --> fname    /home/sufyan/Zephyr_IOMICO/deps/zephyr/kernel/include/kthread.h
(DEBUG) Check if /home/sufyan/Zephyr_IOMICO/deps/zephyr/kernel/include/kthread.h is included (source file)...
(DEBUG) --> File is excluded.
(DEBUG) Check if /home/sufyan/Zephyr_IOMICO/zephyr-course/app/modules/ring_buf/spinlock.h##ac54c28a46b90c889de3665abac3ef1a.gcov is included (trace)...
(DEBUG) --> File is excluded.
(DEBUG) Finding source file corresponding to a gcov data file
  gcov_fname   /home/sufyan/Zephyr_IOMICO/zephyr-course/app/modules/ring_buf/spinlock.h##ac54c28a46b90c889de3665abac3ef1a.gcov
  current_dir  /home/sufyan/Zephyr_IOMICO/zephyr-course/app/modules/ring_buf
  root         /home/sufyan/Zephyr_IOMICO/zephyr-course/app/modules/ring_buf
  starting_dir /home/sufyan/Zephyr_IOMICO/zephyr-course
  obj_dir      None
  gcda_fname   ../../../twister-out/native_sim_native/host/homework.unit.ring_buf/zephyr/kernel/CMakeFiles/kernel.dir/sem.c.gcda
  --> fname    /home/sufyan/Zephyr_IOMICO/deps/zephyr/include/zephyr/spinlock.h
(DEBUG) Check if /home/sufyan/Zephyr_IOMICO/deps/zephyr/include/zephyr/spinlock.h is included (source file)...
(DEBUG) --> File is excluded.
(DEBUG) Check if /home/sufyan/Zephyr_IOMICO/zephyr-course/app/modules/ring_buf/arch.h##dc70e81a221e00a96b5b011e55795c6f.gcov is included (trace)...
(DEBUG) --> File is excluded.
(DEBUG) Finding source file corresponding to a gcov data file
  gcov_fname   /home/sufyan/Zephyr_IOMICO/zephyr-course/app/modules/ring_buf/arch.h##dc70e81a221e00a96b5b011e55795c6f.gcov
  current_dir  /home/sufyan/Zephyr_IOMICO/zephyr-course/app/modules/ring_buf
  root         /home/sufyan/Zephyr_IOMICO/zephyr-course/app/modules/ring_buf
  starting_dir /home/sufyan/Zephyr_IOMICO/zephyr-course
  obj_dir      None
  gcda_fname   ../../../twister-out/native_sim_native/host/homework.unit.ring_buf/zephyr/kernel/CMakeFiles/kernel.dir/sem.c.gcda
  --> fname    /home/sufyan/Zephyr_IOMICO/deps/zephyr/include/zephyr/arch/posix/arch.h
(DEBUG) Check if /home/sufyan/Zephyr_IOMICO/deps/zephyr/include/zephyr/arch/posix/arch.h is included (source file)...
(DEBUG) --> File is excluded.
(DEBUG) Check if /home/sufyan/Zephyr_IOMICO/zephyr-course/app/modules/ring_buf/kobject_internal.h##d9e662f1f754d31d24eb20c0b43248dd.gcov is included (trace)...
(DEBUG) --> File is excluded.
(DEBUG) Finding source file corresponding to a gcov data file
  gcov_fname   /home/sufyan/Zephyr_IOMICO/zephyr-course/app/modules/ring_buf/kobject_internal.h##d9e662f1f754d31d24eb20c0b43248dd.gcov
  current_dir  /home/sufyan/Zephyr_IOMICO/zephyr-course/app/modules/ring_buf
  root         /home/sufyan/Zephyr_IOMICO/zephyr-course/app/modules/ring_buf
  starting_dir /home/sufyan/Zephyr_IOMICO/zephyr-course
  obj_dir      None
  gcda_fname   ../../../twister-out/native_sim_native/host/homework.unit.ring_buf/zephyr/kernel/CMakeFiles/kernel.dir/sem.c.gcda
  --> fname    /home/sufyan/Zephyr_IOMICO/deps/zephyr/include/zephyr/sys/internal/kobject_internal.h
(DEBUG) Check if /home/sufyan/Zephyr_IOMICO/deps/zephyr/include/zephyr/sys/internal/kobject_internal.h is included (source file)...
(DEBUG) --> File is excluded.
(DEBUG) Check if /home/sufyan/Zephyr_IOMICO/zephyr-course/app/modules/ring_buf/dlist.h##8b38c32f07439f20ffdd7079fc0c40eb.gcov is included (trace)...
(DEBUG) --> File is excluded.
(DEBUG) Finding source file corresponding to a gcov data file
  gcov_fname   /home/sufyan/Zephyr_IOMICO/zephyr-course/app/modules/ring_buf/dlist.h##8b38c32f07439f20ffdd7079fc0c40eb.gcov
  current_dir  /home/sufyan/Zephyr_IOMICO/zephyr-course/app/modules/ring_buf
  root         /home/sufyan/Zephyr_IOMICO/zephyr-course/app/modules/ring_buf
  starting_dir /home/sufyan/Zephyr_IOMICO/zephyr-course
  obj_dir      None
  gcda_fname   ../../../twister-out/native_sim_native/host/homework.unit.ring_buf/zephyr/kernel/CMakeFiles/kernel.dir/sem.c.gcda
  --> fname    /home/sufyan/Zephyr_IOMICO/deps/zephyr/include/zephyr/sys/dlist.h
(DEBUG) Check if /home/sufyan/Zephyr_IOMICO/deps/zephyr/include/zephyr/sys/dlist.h is included (source file)...
(DEBUG) --> File is excluded.
(DEBUG) Check if /home/sufyan/Zephyr_IOMICO/zephyr-course/app/modules/ring_buf/kernel_arch_func.h##88c66a408d50fc91e01e60b8add8a403.gcov is included (trace)...
(DEBUG) --> File is excluded.
(DEBUG) Finding source file corresponding to a gcov data file
  gcov_fname   /home/sufyan/Zephyr_IOMICO/zephyr-course/app/modules/ring_buf/kernel_arch_func.h##88c66a408d50fc91e01e60b8add8a403.gcov
  current_dir  /home/sufyan/Zephyr_IOMICO/zephyr-course/app/modules/ring_buf
  root         /home/sufyan/Zephyr_IOMICO/zephyr-course/app/modules/ring_buf
  starting_dir /home/sufyan/Zephyr_IOMICO/zephyr-course
  obj_dir      None
  gcda_fname   ../../../twister-out/native_sim_native/host/homework.unit.ring_buf/zephyr/kernel/CMakeFiles/kernel.dir/sem.c.gcda
  --> fname    /home/sufyan/Zephyr_IOMICO/deps/zephyr/arch/posix/include/kernel_arch_func.h
(DEBUG) Check if /home/sufyan/Zephyr_IOMICO/deps/zephyr/arch/posix/include/kernel_arch_func.h is included (source file)...
(DEBUG) --> File is excluded.
(DEBUG) Check if /home/sufyan/Zephyr_IOMICO/zephyr-course/app/modules/ring_buf/priority_q.h##e09451b433d85721cb295db4cbfe45f5.gcov is included (trace)...
(DEBUG) --> File is excluded.
(DEBUG) Finding source file corresponding to a gcov data file
  gcov_fname   /home/sufyan/Zephyr_IOMICO/zephyr-course/app/modules/ring_buf/priority_q.h##e09451b433d85721cb295db4cbfe45f5.gcov
  current_dir  /home/sufyan/Zephyr_IOMICO/zephyr-course/app/modules/ring_buf
  root         /home/sufyan/Zephyr_IOMICO/zephyr-course/app/modules/ring_buf
  starting_dir /home/sufyan/Zephyr_IOMICO/zephyr-course
  obj_dir      None
  gcda_fname   ../../../twister-out/native_sim_native/host/homework.unit.ring_buf/zephyr/kernel/CMakeFiles/kernel.dir/sem.c.gcda
  --> fname    /home/sufyan/Zephyr_IOMICO/deps/zephyr/kernel/include/priority_q.h
(DEBUG) Check if /home/sufyan/Zephyr_IOMICO/deps/zephyr/kernel/include/priority_q.h is included (source file)...
(DEBUG) --> File is excluded.
(DEBUG) Check if /home/sufyan/Zephyr_IOMICO/zephyr-course/twister-out/native_sim_native/host/homework.unit.ring_buf/zephyr/kernel/CMakeFiles/kernel.dir/spinlock_validate.c.gcda is included (trace)...
(DEBUG)   No filter matched.
(DEBUG) --> File is excluded.
(DEBUG) Check if /home/sufyan/Zephyr_IOMICO/zephyr-course/twister-out/native_sim_native/host/homework.unit.ring_buf/zephyr/kernel/CMakeFiles/kernel.dir/spinlock_validate.c.gcda is included (trace)...
(DEBUG) --> File is excluded.
(DEBUG) Check if spinlock_validate.c##80ab3f68e09649dd4a17704f2dbb0da3.gcov is included (gcov file)...
(DEBUG)   Filter AlwaysMatchFilter() matched.
(DEBUG) --> File is included.
(DEBUG) Check if kernel_arch_func.h##88c66a408d50fc91e01e60b8add8a403.gcov is included (gcov file)...
(DEBUG) --> File is included.
(DEBUG) Check if /home/sufyan/Zephyr_IOMICO/zephyr-course/app/modules/ring_buf/kernel_arch_func.h##88c66a408d50fc91e01e60b8add8a403.gcov is included (trace)...
(DEBUG) --> File is excluded.
(DEBUG) Finding source file corresponding to a gcov data file
  gcov_fname   /home/sufyan/Zephyr_IOMICO/zephyr-course/app/modules/ring_buf/kernel_arch_func.h##88c66a408d50fc91e01e60b8add8a403.gcov
  current_dir  /home/sufyan/Zephyr_IOMICO/zephyr-course/app/modules/ring_buf
  root         /home/sufyan/Zephyr_IOMICO/zephyr-course/app/modules/ring_buf
  starting_dir /home/sufyan/Zephyr_IOMICO/zephyr-course
  obj_dir      None
  gcda_fname   ../../../twister-out/native_sim_native/host/homework.unit.ring_buf/zephyr/kernel/CMakeFiles/kernel.dir/spinlock_validate.c.gcda
  --> fname    /home/sufyan/Zephyr_IOMICO/deps/zephyr/arch/posix/include/kernel_arch_func.h
(DEBUG) Check if /home/sufyan/Zephyr_IOMICO/deps/zephyr/arch/posix/include/kernel_arch_func.h is included (source file)...
(DEBUG) --> File is excluded.
(DEBUG) Check if /home/sufyan/Zephyr_IOMICO/zephyr-course/app/modules/ring_buf/spinlock_validate.c##80ab3f68e09649dd4a17704f2dbb0da3.gcov is included (trace)...
(DEBUG)   No filter matched.
(DEBUG) --> File is excluded.
(DEBUG) Finding source file corresponding to a gcov data file
  gcov_fname   /home/sufyan/Zephyr_IOMICO/zephyr-course/app/modules/ring_buf/spinlock_validate.c##80ab3f68e09649dd4a17704f2dbb0da3.gcov
  current_dir  /home/sufyan/Zephyr_IOMICO/zephyr-course/app/modules/ring_buf
  root         /home/sufyan/Zephyr_IOMICO/zephyr-course/app/modules/ring_buf
  starting_dir /home/sufyan/Zephyr_IOMICO/zephyr-course
  obj_dir      None
  gcda_fname   ../../../twister-out/native_sim_native/host/homework.unit.ring_buf/zephyr/kernel/CMakeFiles/kernel.dir/spinlock_validate.c.gcda
  --> fname    /home/sufyan/Zephyr_IOMICO/deps/zephyr/kernel/spinlock_validate.c
(DEBUG) Check if /home/sufyan/Zephyr_IOMICO/deps/zephyr/kernel/spinlock_validate.c is included (source file)...
(DEBUG)   No filter matched.
(DEBUG) --> File is excluded.
(DEBUG) Check if /home/sufyan/Zephyr_IOMICO/zephyr-course/twister-out/native_sim_native/host/homework.unit.ring_buf/zephyr/kernel/CMakeFiles/kernel.dir/stack.c.gcno is included (trace)...
(DEBUG)   No filter matched.
(DEBUG) --> File is excluded.
(DEBUG) Check if /home/sufyan/Zephyr_IOMICO/zephyr-course/twister-out/native_sim_native/host/homework.unit.ring_buf/zephyr/kernel/CMakeFiles/kernel.dir/stack.c.gcno is included (trace)...
(DEBUG) --> File is excluded.
(DEBUG) Check if stack.c##2c767b9f72073dcdf3e53d91a82088ea.gcov is included (gcov file)...
(DEBUG)   Filter AlwaysMatchFilter() matched.
(DEBUG) --> File is included.
(DEBUG) Check if wait_q.h##139d40669c3ee194b82a2646c4f8e821.gcov is included (gcov file)...
(DEBUG) --> File is included.
(DEBUG) Check if ksched.h##ef11ea29545001937978f4e3e23cbf23.gcov is included (gcov file)...
(DEBUG) --> File is included.
(DEBUG) Check if priority_q.h##e09451b433d85721cb295db4cbfe45f5.gcov is included (gcov file)...
(DEBUG) --> File is included.
(DEBUG) Check if kthread.h##b13e19e9523584ac2e7cfe73fddb2b9b.gcov is included (gcov file)...
(DEBUG) --> File is included.
(DEBUG) Check if timeout_q.h##569a3e528a9234fdc294fc6409c26869.gcov is included (gcov file)...
(DEBUG) --> File is included.
(DEBUG) Check if kernel_internal.h##d53f9a5de702617b658ebe7dd715cfb5.gcov is included (gcov file)...
(DEBUG) --> File is included.
(DEBUG) Check if kernel_arch_func.h##88c66a408d50fc91e01e60b8add8a403.gcov is included (gcov file)...
(DEBUG) --> File is included.
(DEBUG) Check if kobject_internal.h##d9e662f1f754d31d24eb20c0b43248dd.gcov is included (gcov file)...
(DEBUG) --> File is included.
(DEBUG) Check if spinlock.h##ac54c28a46b90c889de3665abac3ef1a.gcov is included (gcov file)...
(DEBUG) --> File is included.
(DEBUG) Check if arch.h##dc70e81a221e00a96b5b011e55795c6f.gcov is included (gcov file)...
(DEBUG) --> File is included.
(DEBUG) Check if dlist.h##8b38c32f07439f20ffdd7079fc0c40eb.gcov is included (gcov file)...
(DEBUG) --> File is included.
(DEBUG) Check if /home/sufyan/Zephyr_IOMICO/zephyr-course/app/modules/ring_buf/ksched.h##ef11ea29545001937978f4e3e23cbf23.gcov is included (trace)...
(DEBUG) --> File is excluded.
(DEBUG) Finding source file corresponding to a gcov data file
  gcov_fname   /home/sufyan/Zephyr_IOMICO/zephyr-course/app/modules/ring_buf/ksched.h##ef11ea29545001937978f4e3e23cbf23.gcov
  current_dir  /home/sufyan/Zephyr_IOMICO/zephyr-course/app/modules/ring_buf
  root         /home/sufyan/Zephyr_IOMICO/zephyr-course/app/modules/ring_buf
  starting_dir /home/sufyan/Zephyr_IOMICO/zephyr-course
  obj_dir      None
  gcda_fname   ../../../twister-out/native_sim_native/host/homework.unit.ring_buf/zephyr/kernel/CMakeFiles/kernel.dir/stack.c.gcno
  --> fname    /home/sufyan/Zephyr_IOMICO/deps/zephyr/kernel/include/ksched.h
(DEBUG) Check if /home/sufyan/Zephyr_IOMICO/deps/zephyr/kernel/include/ksched.h is included (source file)...
(DEBUG) --> File is excluded.
(DEBUG) Check if /home/sufyan/Zephyr_IOMICO/zephyr-course/app/modules/ring_buf/wait_q.h##139d40669c3ee194b82a2646c4f8e821.gcov is included (trace)...
(DEBUG) --> File is excluded.
(DEBUG) Finding source file corresponding to a gcov data file
  gcov_fname   /home/sufyan/Zephyr_IOMICO/zephyr-course/app/modules/ring_buf/wait_q.h##139d40669c3ee194b82a2646c4f8e821.gcov
  current_dir  /home/sufyan/Zephyr_IOMICO/zephyr-course/app/modules/ring_buf
  root         /home/sufyan/Zephyr_IOMICO/zephyr-course/app/modules/ring_buf
  starting_dir /home/sufyan/Zephyr_IOMICO/zephyr-course
  obj_dir      None
  gcda_fname   ../../../twister-out/native_sim_native/host/homework.unit.ring_buf/zephyr/kernel/CMakeFiles/kernel.dir/stack.c.gcno
  --> fname    /home/sufyan/Zephyr_IOMICO/deps/zephyr/kernel/include/wait_q.h
(DEBUG) Check if /home/sufyan/Zephyr_IOMICO/deps/zephyr/kernel/include/wait_q.h is included (source file)...
(DEBUG) --> File is excluded.
(DEBUG) Check if /home/sufyan/Zephyr_IOMICO/zephyr-course/app/modules/ring_buf/kernel_internal.h##d53f9a5de702617b658ebe7dd715cfb5.gcov is included (trace)...
(DEBUG) --> File is excluded.
(DEBUG) Finding source file corresponding to a gcov data file
  gcov_fname   /home/sufyan/Zephyr_IOMICO/zephyr-course/app/modules/ring_buf/kernel_internal.h##d53f9a5de702617b658ebe7dd715cfb5.gcov
  current_dir  /home/sufyan/Zephyr_IOMICO/zephyr-course/app/modules/ring_buf
  root         /home/sufyan/Zephyr_IOMICO/zephyr-course/app/modules/ring_buf
  starting_dir /home/sufyan/Zephyr_IOMICO/zephyr-course
  obj_dir      None
  gcda_fname   ../../../twister-out/native_sim_native/host/homework.unit.ring_buf/zephyr/kernel/CMakeFiles/kernel.dir/stack.c.gcno
  --> fname    /home/sufyan/Zephyr_IOMICO/deps/zephyr/kernel/include/kernel_internal.h
(DEBUG) Check if /home/sufyan/Zephyr_IOMICO/deps/zephyr/kernel/include/kernel_internal.h is included (source file)...
(DEBUG) --> File is excluded.
(DEBUG) Check if /home/sufyan/Zephyr_IOMICO/zephyr-course/app/modules/ring_buf/timeout_q.h##569a3e528a9234fdc294fc6409c26869.gcov is included (trace)...
(DEBUG) --> File is excluded.
(DEBUG) Finding source file corresponding to a gcov data file
  gcov_fname   /home/sufyan/Zephyr_IOMICO/zephyr-course/app/modules/ring_buf/timeout_q.h##569a3e528a9234fdc294fc6409c26869.gcov
  current_dir  /home/sufyan/Zephyr_IOMICO/zephyr-course/app/modules/ring_buf
  root         /home/sufyan/Zephyr_IOMICO/zephyr-course/app/modules/ring_buf
  starting_dir /home/sufyan/Zephyr_IOMICO/zephyr-course
  obj_dir      None
  gcda_fname   ../../../twister-out/native_sim_native/host/homework.unit.ring_buf/zephyr/kernel/CMakeFiles/kernel.dir/stack.c.gcno
  --> fname    /home/sufyan/Zephyr_IOMICO/deps/zephyr/kernel/include/timeout_q.h
(DEBUG) Check if /home/sufyan/Zephyr_IOMICO/deps/zephyr/kernel/include/timeout_q.h is included (source file)...
(DEBUG) --> File is excluded.
(DEBUG) Check if /home/sufyan/Zephyr_IOMICO/zephyr-course/app/modules/ring_buf/stack.c##2c767b9f72073dcdf3e53d91a82088ea.gcov is included (trace)...
(DEBUG)   No filter matched.
(DEBUG) --> File is excluded.
(DEBUG) Finding source file corresponding to a gcov data file
  gcov_fname   /home/sufyan/Zephyr_IOMICO/zephyr-course/app/modules/ring_buf/stack.c##2c767b9f72073dcdf3e53d91a82088ea.gcov
  current_dir  /home/sufyan/Zephyr_IOMICO/zephyr-course/app/modules/ring_buf
  root         /home/sufyan/Zephyr_IOMICO/zephyr-course/app/modules/ring_buf
  starting_dir /home/sufyan/Zephyr_IOMICO/zephyr-course
  obj_dir      None
  gcda_fname   ../../../twister-out/native_sim_native/host/homework.unit.ring_buf/zephyr/kernel/CMakeFiles/kernel.dir/stack.c.gcno
  --> fname    /home/sufyan/Zephyr_IOMICO/deps/zephyr/kernel/stack.c
(DEBUG) Check if /home/sufyan/Zephyr_IOMICO/deps/zephyr/kernel/stack.c is included (source file)...
(DEBUG)   No filter matched.
(DEBUG) --> File is excluded.
(DEBUG) Check if /home/sufyan/Zephyr_IOMICO/zephyr-course/app/modules/ring_buf/kthread.h##b13e19e9523584ac2e7cfe73fddb2b9b.gcov is included (trace)...
(DEBUG) --> File is excluded.
(DEBUG) Finding source file corresponding to a gcov data file
  gcov_fname   /home/sufyan/Zephyr_IOMICO/zephyr-course/app/modules/ring_buf/kthread.h##b13e19e9523584ac2e7cfe73fddb2b9b.gcov
  current_dir  /home/sufyan/Zephyr_IOMICO/zephyr-course/app/modules/ring_buf
  root         /home/sufyan/Zephyr_IOMICO/zephyr-course/app/modules/ring_buf
  starting_dir /home/sufyan/Zephyr_IOMICO/zephyr-course
  obj_dir      None
  gcda_fname   ../../../twister-out/native_sim_native/host/homework.unit.ring_buf/zephyr/kernel/CMakeFiles/kernel.dir/stack.c.gcno
  --> fname    /home/sufyan/Zephyr_IOMICO/deps/zephyr/kernel/include/kthread.h
(DEBUG) Check if /home/sufyan/Zephyr_IOMICO/deps/zephyr/kernel/include/kthread.h is included (source file)...
(DEBUG) --> File is excluded.
(DEBUG) Check if /home/sufyan/Zephyr_IOMICO/zephyr-course/app/modules/ring_buf/spinlock.h##ac54c28a46b90c889de3665abac3ef1a.gcov is included (trace)...
(DEBUG) --> File is excluded.
(DEBUG) Finding source file corresponding to a gcov data file
  gcov_fname   /home/sufyan/Zephyr_IOMICO/zephyr-course/app/modules/ring_buf/spinlock.h##ac54c28a46b90c889de3665abac3ef1a.gcov
  current_dir  /home/sufyan/Zephyr_IOMICO/zephyr-course/app/modules/ring_buf
  root         /home/sufyan/Zephyr_IOMICO/zephyr-course/app/modules/ring_buf
  starting_dir /home/sufyan/Zephyr_IOMICO/zephyr-course
  obj_dir      None
  gcda_fname   ../../../twister-out/native_sim_native/host/homework.unit.ring_buf/zephyr/kernel/CMakeFiles/kernel.dir/stack.c.gcno
  --> fname    /home/sufyan/Zephyr_IOMICO/deps/zephyr/include/zephyr/spinlock.h
(DEBUG) Check if /home/sufyan/Zephyr_IOMICO/deps/zephyr/include/zephyr/spinlock.h is included (source file)...
(DEBUG) --> File is excluded.
(DEBUG) Check if /home/sufyan/Zephyr_IOMICO/zephyr-course/app/modules/ring_buf/arch.h##dc70e81a221e00a96b5b011e55795c6f.gcov is included (trace)...
(DEBUG) --> File is excluded.
(DEBUG) Finding source file corresponding to a gcov data file
  gcov_fname   /home/sufyan/Zephyr_IOMICO/zephyr-course/app/modules/ring_buf/arch.h##dc70e81a221e00a96b5b011e55795c6f.gcov
  current_dir  /home/sufyan/Zephyr_IOMICO/zephyr-course/app/modules/ring_buf
  root         /home/sufyan/Zephyr_IOMICO/zephyr-course/app/modules/ring_buf
  starting_dir /home/sufyan/Zephyr_IOMICO/zephyr-course
  obj_dir      None
  gcda_fname   ../../../twister-out/native_sim_native/host/homework.unit.ring_buf/zephyr/kernel/CMakeFiles/kernel.dir/stack.c.gcno
  --> fname    /home/sufyan/Zephyr_IOMICO/deps/zephyr/include/zephyr/arch/posix/arch.h
(DEBUG) Check if /home/sufyan/Zephyr_IOMICO/deps/zephyr/include/zephyr/arch/posix/arch.h is included (source file)...
(DEBUG) --> File is excluded.
(DEBUG) Check if /home/sufyan/Zephyr_IOMICO/zephyr-course/app/modules/ring_buf/kobject_internal.h##d9e662f1f754d31d24eb20c0b43248dd.gcov is included (trace)...
(DEBUG) --> File is excluded.
(DEBUG) Finding source file corresponding to a gcov data file
  gcov_fname   /home/sufyan/Zephyr_IOMICO/zephyr-course/app/modules/ring_buf/kobject_internal.h##d9e662f1f754d31d24eb20c0b43248dd.gcov
  current_dir  /home/sufyan/Zephyr_IOMICO/zephyr-course/app/modules/ring_buf
  root         /home/sufyan/Zephyr_IOMICO/zephyr-course/app/modules/ring_buf
  starting_dir /home/sufyan/Zephyr_IOMICO/zephyr-course
  obj_dir      None
  gcda_fname   ../../../twister-out/native_sim_native/host/homework.unit.ring_buf/zephyr/kernel/CMakeFiles/kernel.dir/stack.c.gcno
  --> fname    /home/sufyan/Zephyr_IOMICO/deps/zephyr/include/zephyr/sys/internal/kobject_internal.h
(DEBUG) Check if /home/sufyan/Zephyr_IOMICO/deps/zephyr/include/zephyr/sys/internal/kobject_internal.h is included (source file)...
(DEBUG) --> File is excluded.
(DEBUG) Check if /home/sufyan/Zephyr_IOMICO/zephyr-course/app/modules/ring_buf/dlist.h##8b38c32f07439f20ffdd7079fc0c40eb.gcov is included (trace)...
(DEBUG) --> File is excluded.
(DEBUG) Finding source file corresponding to a gcov data file
  gcov_fname   /home/sufyan/Zephyr_IOMICO/zephyr-course/app/modules/ring_buf/dlist.h##8b38c32f07439f20ffdd7079fc0c40eb.gcov
  current_dir  /home/sufyan/Zephyr_IOMICO/zephyr-course/app/modules/ring_buf
  root         /home/sufyan/Zephyr_IOMICO/zephyr-course/app/modules/ring_buf
  starting_dir /home/sufyan/Zephyr_IOMICO/zephyr-course
  obj_dir      None
  gcda_fname   ../../../twister-out/native_sim_native/host/homework.unit.ring_buf/zephyr/kernel/CMakeFiles/kernel.dir/stack.c.gcno
  --> fname    /home/sufyan/Zephyr_IOMICO/deps/zephyr/include/zephyr/sys/dlist.h
(DEBUG) Check if /home/sufyan/Zephyr_IOMICO/deps/zephyr/include/zephyr/sys/dlist.h is included (source file)...
(DEBUG) --> File is excluded.
(DEBUG) Check if /home/sufyan/Zephyr_IOMICO/zephyr-course/app/modules/ring_buf/kernel_arch_func.h##88c66a408d50fc91e01e60b8add8a403.gcov is included (trace)...
(DEBUG) --> File is excluded.
(DEBUG) Finding source file corresponding to a gcov data file
  gcov_fname   /home/sufyan/Zephyr_IOMICO/zephyr-course/app/modules/ring_buf/kernel_arch_func.h##88c66a408d50fc91e01e60b8add8a403.gcov
  current_dir  /home/sufyan/Zephyr_IOMICO/zephyr-course/app/modules/ring_buf
  root         /home/sufyan/Zephyr_IOMICO/zephyr-course/app/modules/ring_buf
  starting_dir /home/sufyan/Zephyr_IOMICO/zephyr-course
  obj_dir      None
  gcda_fname   ../../../twister-out/native_sim_native/host/homework.unit.ring_buf/zephyr/kernel/CMakeFiles/kernel.dir/stack.c.gcno
  --> fname    /home/sufyan/Zephyr_IOMICO/deps/zephyr/arch/posix/include/kernel_arch_func.h
(DEBUG) Check if /home/sufyan/Zephyr_IOMICO/deps/zephyr/arch/posix/include/kernel_arch_func.h is included (source file)...
(DEBUG) --> File is excluded.
(DEBUG) Check if /home/sufyan/Zephyr_IOMICO/zephyr-course/app/modules/ring_buf/priority_q.h##e09451b433d85721cb295db4cbfe45f5.gcov is included (trace)...
(DEBUG) --> File is excluded.
(DEBUG) Finding source file corresponding to a gcov data file
  gcov_fname   /home/sufyan/Zephyr_IOMICO/zephyr-course/app/modules/ring_buf/priority_q.h##e09451b433d85721cb295db4cbfe45f5.gcov
  current_dir  /home/sufyan/Zephyr_IOMICO/zephyr-course/app/modules/ring_buf
  root         /home/sufyan/Zephyr_IOMICO/zephyr-course/app/modules/ring_buf
  starting_dir /home/sufyan/Zephyr_IOMICO/zephyr-course
  obj_dir      None
  gcda_fname   ../../../twister-out/native_sim_native/host/homework.unit.ring_buf/zephyr/kernel/CMakeFiles/kernel.dir/stack.c.gcno
  --> fname    /home/sufyan/Zephyr_IOMICO/deps/zephyr/kernel/include/priority_q.h
(DEBUG) Check if /home/sufyan/Zephyr_IOMICO/deps/zephyr/kernel/include/priority_q.h is included (source file)...
(DEBUG) --> File is excluded.
(DEBUG) Check if /home/sufyan/Zephyr_IOMICO/zephyr-course/twister-out/native_sim_native/host/homework.unit.ring_buf/zephyr/kernel/CMakeFiles/kernel.dir/system_work_q.c.gcno is included (trace)...
(DEBUG)   No filter matched.
(DEBUG) --> File is excluded.
(DEBUG) Check if /home/sufyan/Zephyr_IOMICO/zephyr-course/twister-out/native_sim_native/host/homework.unit.ring_buf/zephyr/kernel/CMakeFiles/kernel.dir/system_work_q.c.gcno is included (trace)...
(DEBUG) --> File is excluded.
(DEBUG) Check if system_work_q.c##eb422cf2556ba315138fbb2fd3897061.gcov is included (gcov file)...
(DEBUG)   Filter AlwaysMatchFilter() matched.
(DEBUG) --> File is included.
(DEBUG) Check if /home/sufyan/Zephyr_IOMICO/zephyr-course/app/modules/ring_buf/system_work_q.c##eb422cf2556ba315138fbb2fd3897061.gcov is included (trace)...
(DEBUG)   No filter matched.
(DEBUG) --> File is excluded.
(DEBUG) Finding source file corresponding to a gcov data file
  gcov_fname   /home/sufyan/Zephyr_IOMICO/zephyr-course/app/modules/ring_buf/system_work_q.c##eb422cf2556ba315138fbb2fd3897061.gcov
  current_dir  /home/sufyan/Zephyr_IOMICO/zephyr-course/app/modules/ring_buf
  root         /home/sufyan/Zephyr_IOMICO/zephyr-course/app/modules/ring_buf
  starting_dir /home/sufyan/Zephyr_IOMICO/zephyr-course
  obj_dir      None
  gcda_fname   ../../../twister-out/native_sim_native/host/homework.unit.ring_buf/zephyr/kernel/CMakeFiles/kernel.dir/system_work_q.c.gcno
  --> fname    /home/sufyan/Zephyr_IOMICO/deps/zephyr/kernel/system_work_q.c
(DEBUG) Check if /home/sufyan/Zephyr_IOMICO/deps/zephyr/kernel/system_work_q.c is included (source file)...
(DEBUG)   No filter matched.
(DEBUG) --> File is excluded.
(DEBUG) Check if /home/sufyan/Zephyr_IOMICO/zephyr-course/twister-out/native_sim_native/host/homework.unit.ring_buf/zephyr/kernel/CMakeFiles/kernel.dir/thread.c.gcda is included (trace)...
(DEBUG)   No filter matched.
(DEBUG) --> File is excluded.
(DEBUG) Check if /home/sufyan/Zephyr_IOMICO/zephyr-course/twister-out/native_sim_native/host/homework.unit.ring_buf/zephyr/kernel/CMakeFiles/kernel.dir/thread.c.gcda is included (trace)...
(DEBUG) --> File is excluded.
(DEBUG) Check if thread.c##8d9e3e5ecae637e616cafa6c6bc8b1a5.gcov is included (gcov file)...
(DEBUG)   Filter AlwaysMatchFilter() matched.
(DEBUG) --> File is included.
(DEBUG) Check if log_msg.h##c3d7a43353dd151ee47d3c13d66651b3.gcov is included (gcov file)...
(DEBUG) --> File is included.
(DEBUG) Check if wait_q.h##139d40669c3ee194b82a2646c4f8e821.gcov is included (gcov file)...
(DEBUG) --> File is included.
(DEBUG) Check if kthread.h##b13e19e9523584ac2e7cfe73fddb2b9b.gcov is included (gcov file)...
(DEBUG) --> File is included.
(DEBUG) Check if timeout_q.h##569a3e528a9234fdc294fc6409c26869.gcov is included (gcov file)...
(DEBUG) --> File is included.
(DEBUG) Check if kernel_arch_func.h##88c66a408d50fc91e01e60b8add8a403.gcov is included (gcov file)...
(DEBUG) --> File is included.
(DEBUG) Check if kernel.h##613194e766979d51f14f46fda6f8f0e6.gcov is included (gcov file)...
(DEBUG) --> File is included.
(DEBUG) Check if kernel.h##0603b591ac855b4a2926257de0e213f1.gcov is included (gcov file)...
(DEBUG) --> File is included.
(DEBUG) Check if thread_stack.h##8c9d6a5b1f176717a73e8c6028066b21.gcov is included (gcov file)...
(DEBUG) --> File is included.
(DEBUG) Check if dlist.h##8b38c32f07439f20ffdd7079fc0c40eb.gcov is included (gcov file)...
(DEBUG) --> File is included.
(DEBUG) Check if /home/sufyan/Zephyr_IOMICO/zephyr-course/app/modules/ring_buf/wait_q.h##139d40669c3ee194b82a2646c4f8e821.gcov is included (trace)...
(DEBUG) --> File is excluded.
(DEBUG) Finding source file corresponding to a gcov data file
  gcov_fname   /home/sufyan/Zephyr_IOMICO/zephyr-course/app/modules/ring_buf/wait_q.h##139d40669c3ee194b82a2646c4f8e821.gcov
  current_dir  /home/sufyan/Zephyr_IOMICO/zephyr-course/app/modules/ring_buf
  root         /home/sufyan/Zephyr_IOMICO/zephyr-course/app/modules/ring_buf
  starting_dir /home/sufyan/Zephyr_IOMICO/zephyr-course
  obj_dir      None
  gcda_fname   ../../../twister-out/native_sim_native/host/homework.unit.ring_buf/zephyr/kernel/CMakeFiles/kernel.dir/thread.c.gcda
  --> fname    /home/sufyan/Zephyr_IOMICO/deps/zephyr/kernel/include/wait_q.h
(DEBUG) Check if /home/sufyan/Zephyr_IOMICO/deps/zephyr/kernel/include/wait_q.h is included (source file)...
(DEBUG) --> File is excluded.
(DEBUG) Check if /home/sufyan/Zephyr_IOMICO/zephyr-course/app/modules/ring_buf/timeout_q.h##569a3e528a9234fdc294fc6409c26869.gcov is included (trace)...
(DEBUG) --> File is excluded.
(DEBUG) Finding source file corresponding to a gcov data file
  gcov_fname   /home/sufyan/Zephyr_IOMICO/zephyr-course/app/modules/ring_buf/timeout_q.h##569a3e528a9234fdc294fc6409c26869.gcov
  current_dir  /home/sufyan/Zephyr_IOMICO/zephyr-course/app/modules/ring_buf
  root         /home/sufyan/Zephyr_IOMICO/zephyr-course/app/modules/ring_buf
  starting_dir /home/sufyan/Zephyr_IOMICO/zephyr-course
  obj_dir      None
  gcda_fname   ../../../twister-out/native_sim_native/host/homework.unit.ring_buf/zephyr/kernel/CMakeFiles/kernel.dir/thread.c.gcda
  --> fname    /home/sufyan/Zephyr_IOMICO/deps/zephyr/kernel/include/timeout_q.h
(DEBUG) Check if /home/sufyan/Zephyr_IOMICO/deps/zephyr/kernel/include/timeout_q.h is included (source file)...
(DEBUG) --> File is excluded.
(DEBUG) Check if /home/sufyan/Zephyr_IOMICO/zephyr-course/app/modules/ring_buf/kthread.h##b13e19e9523584ac2e7cfe73fddb2b9b.gcov is included (trace)...
(DEBUG) --> File is excluded.
(DEBUG) Finding source file corresponding to a gcov data file
  gcov_fname   /home/sufyan/Zephyr_IOMICO/zephyr-course/app/modules/ring_buf/kthread.h##b13e19e9523584ac2e7cfe73fddb2b9b.gcov
  current_dir  /home/sufyan/Zephyr_IOMICO/zephyr-course/app/modules/ring_buf
  root         /home/sufyan/Zephyr_IOMICO/zephyr-course/app/modules/ring_buf
  starting_dir /home/sufyan/Zephyr_IOMICO/zephyr-course
  obj_dir      None
  gcda_fname   ../../../twister-out/native_sim_native/host/homework.unit.ring_buf/zephyr/kernel/CMakeFiles/kernel.dir/thread.c.gcda
  --> fname    /home/sufyan/Zephyr_IOMICO/deps/zephyr/kernel/include/kthread.h
(DEBUG) Check if /home/sufyan/Zephyr_IOMICO/deps/zephyr/kernel/include/kthread.h is included (source file)...
(DEBUG) --> File is excluded.
(DEBUG) Check if /home/sufyan/Zephyr_IOMICO/zephyr-course/app/modules/ring_buf/thread.c##8d9e3e5ecae637e616cafa6c6bc8b1a5.gcov is included (trace)...
(DEBUG)   No filter matched.
(DEBUG) --> File is excluded.
(DEBUG) Finding source file corresponding to a gcov data file
  gcov_fname   /home/sufyan/Zephyr_IOMICO/zephyr-course/app/modules/ring_buf/thread.c##8d9e3e5ecae637e616cafa6c6bc8b1a5.gcov
  current_dir  /home/sufyan/Zephyr_IOMICO/zephyr-course/app/modules/ring_buf
  root         /home/sufyan/Zephyr_IOMICO/zephyr-course/app/modules/ring_buf
  starting_dir /home/sufyan/Zephyr_IOMICO/zephyr-course
  obj_dir      None
  gcda_fname   ../../../twister-out/native_sim_native/host/homework.unit.ring_buf/zephyr/kernel/CMakeFiles/kernel.dir/thread.c.gcda
  --> fname    /home/sufyan/Zephyr_IOMICO/deps/zephyr/kernel/thread.c
(DEBUG) Check if /home/sufyan/Zephyr_IOMICO/deps/zephyr/kernel/thread.c is included (source file)...
(DEBUG)   No filter matched.
(DEBUG) --> File is excluded.
(DEBUG) Check if /home/sufyan/Zephyr_IOMICO/zephyr-course/app/modules/ring_buf/thread_stack.h##8c9d6a5b1f176717a73e8c6028066b21.gcov is included (trace)...
(DEBUG) --> File is excluded.
(DEBUG) Finding source file corresponding to a gcov data file
  gcov_fname   /home/sufyan/Zephyr_IOMICO/zephyr-course/app/modules/ring_buf/thread_stack.h##8c9d6a5b1f176717a73e8c6028066b21.gcov
  current_dir  /home/sufyan/Zephyr_IOMICO/zephyr-course/app/modules/ring_buf
  root         /home/sufyan/Zephyr_IOMICO/zephyr-course/app/modules/ring_buf
  starting_dir /home/sufyan/Zephyr_IOMICO/zephyr-course
  obj_dir      None
  gcda_fname   ../../../twister-out/native_sim_native/host/homework.unit.ring_buf/zephyr/kernel/CMakeFiles/kernel.dir/thread.c.gcda
  --> fname    /home/sufyan/Zephyr_IOMICO/deps/zephyr/include/zephyr/kernel/thread_stack.h
(DEBUG) Check if /home/sufyan/Zephyr_IOMICO/deps/zephyr/include/zephyr/kernel/thread_stack.h is included (source file)...
(DEBUG) --> File is excluded.
(DEBUG) Check if /home/sufyan/Zephyr_IOMICO/zephyr-course/app/modules/ring_buf/kernel.h##0603b591ac855b4a2926257de0e213f1.gcov is included (trace)...
(DEBUG) --> File is excluded.
(DEBUG) Finding source file corresponding to a gcov data file
  gcov_fname   /home/sufyan/Zephyr_IOMICO/zephyr-course/app/modules/ring_buf/kernel.h##0603b591ac855b4a2926257de0e213f1.gcov
  current_dir  /home/sufyan/Zephyr_IOMICO/zephyr-course/app/modules/ring_buf
  root         /home/sufyan/Zephyr_IOMICO/zephyr-course/app/modules/ring_buf
  starting_dir /home/sufyan/Zephyr_IOMICO/zephyr-course
  obj_dir      None
  gcda_fname   ../../../twister-out/native_sim_native/host/homework.unit.ring_buf/zephyr/kernel/CMakeFiles/kernel.dir/thread.c.gcda
  --> fname    /home/sufyan/Zephyr_IOMICO/deps/zephyr/include/zephyr/kernel.h
(DEBUG) Check if /home/sufyan/Zephyr_IOMICO/deps/zephyr/include/zephyr/kernel.h is included (source file)...
(DEBUG) --> File is excluded.
(DEBUG) Check if /home/sufyan/Zephyr_IOMICO/zephyr-course/app/modules/ring_buf/dlist.h##8b38c32f07439f20ffdd7079fc0c40eb.gcov is included (trace)...
(DEBUG) --> File is excluded.
(DEBUG) Finding source file corresponding to a gcov data file
  gcov_fname   /home/sufyan/Zephyr_IOMICO/zephyr-course/app/modules/ring_buf/dlist.h##8b38c32f07439f20ffdd7079fc0c40eb.gcov
  current_dir  /home/sufyan/Zephyr_IOMICO/zephyr-course/app/modules/ring_buf
  root         /home/sufyan/Zephyr_IOMICO/zephyr-course/app/modules/ring_buf
  starting_dir /home/sufyan/Zephyr_IOMICO/zephyr-course
  obj_dir      None
  gcda_fname   ../../../twister-out/native_sim_native/host/homework.unit.ring_buf/zephyr/kernel/CMakeFiles/kernel.dir/thread.c.gcda
  --> fname    /home/sufyan/Zephyr_IOMICO/deps/zephyr/include/zephyr/sys/dlist.h
(DEBUG) Check if /home/sufyan/Zephyr_IOMICO/deps/zephyr/include/zephyr/sys/dlist.h is included (source file)...
(DEBUG) --> File is excluded.
(DEBUG) Check if /home/sufyan/Zephyr_IOMICO/zephyr-course/app/modules/ring_buf/kernel.h##613194e766979d51f14f46fda6f8f0e6.gcov is included (trace)...
(DEBUG) --> File is excluded.
(DEBUG) Finding source file corresponding to a gcov data file
  gcov_fname   /home/sufyan/Zephyr_IOMICO/zephyr-course/app/modules/ring_buf/kernel.h##613194e766979d51f14f46fda6f8f0e6.gcov
  current_dir  /home/sufyan/Zephyr_IOMICO/zephyr-course/app/modules/ring_buf
  root         /home/sufyan/Zephyr_IOMICO/zephyr-course/app/modules/ring_buf
  starting_dir /home/sufyan/Zephyr_IOMICO/zephyr-course
  obj_dir      None
  gcda_fname   ../../../twister-out/native_sim_native/host/homework.unit.ring_buf/zephyr/kernel/CMakeFiles/kernel.dir/thread.c.gcda
  --> fname    /home/sufyan/Zephyr_IOMICO/zephyr-course/twister-out/native_sim_native/host/homework.unit.ring_buf/zephyr/include/generated/zephyr/syscalls/kernel.h
(DEBUG) Check if /home/sufyan/Zephyr_IOMICO/zephyr-course/twister-out/native_sim_native/host/homework.unit.ring_buf/zephyr/include/generated/zephyr/syscalls/kernel.h is included (source file)...
(DEBUG) --> File is excluded.
(DEBUG) Check if /home/sufyan/Zephyr_IOMICO/zephyr-course/app/modules/ring_buf/kernel_arch_func.h##88c66a408d50fc91e01e60b8add8a403.gcov is included (trace)...
(DEBUG) --> File is excluded.
(DEBUG) Finding source file corresponding to a gcov data file
  gcov_fname   /home/sufyan/Zephyr_IOMICO/zephyr-course/app/modules/ring_buf/kernel_arch_func.h##88c66a408d50fc91e01e60b8add8a403.gcov
  current_dir  /home/sufyan/Zephyr_IOMICO/zephyr-course/app/modules/ring_buf
  root         /home/sufyan/Zephyr_IOMICO/zephyr-course/app/modules/ring_buf
  starting_dir /home/sufyan/Zephyr_IOMICO/zephyr-course
  obj_dir      None
  gcda_fname   ../../../twister-out/native_sim_native/host/homework.unit.ring_buf/zephyr/kernel/CMakeFiles/kernel.dir/thread.c.gcda
  --> fname    /home/sufyan/Zephyr_IOMICO/deps/zephyr/arch/posix/include/kernel_arch_func.h
(DEBUG) Check if /home/sufyan/Zephyr_IOMICO/deps/zephyr/arch/posix/include/kernel_arch_func.h is included (source file)...
(DEBUG) --> File is excluded.
(DEBUG) Check if /home/sufyan/Zephyr_IOMICO/zephyr-course/app/modules/ring_buf/log_msg.h##c3d7a43353dd151ee47d3c13d66651b3.gcov is included (trace)...
(DEBUG) --> File is excluded.
(DEBUG) Finding source file corresponding to a gcov data file
  gcov_fname   /home/sufyan/Zephyr_IOMICO/zephyr-course/app/modules/ring_buf/log_msg.h##c3d7a43353dd151ee47d3c13d66651b3.gcov
  current_dir  /home/sufyan/Zephyr_IOMICO/zephyr-course/app/modules/ring_buf
  root         /home/sufyan/Zephyr_IOMICO/zephyr-course/app/modules/ring_buf
  starting_dir /home/sufyan/Zephyr_IOMICO/zephyr-course
  obj_dir      None
  gcda_fname   ../../../twister-out/native_sim_native/host/homework.unit.ring_buf/zephyr/kernel/CMakeFiles/kernel.dir/thread.c.gcda
  --> fname    /home/sufyan/Zephyr_IOMICO/deps/zephyr/include/zephyr/logging/log_msg.h
(DEBUG) Check if /home/sufyan/Zephyr_IOMICO/deps/zephyr/include/zephyr/logging/log_msg.h is included (source file)...
(DEBUG) --> File is excluded.
(DEBUG) Check if /home/sufyan/Zephyr_IOMICO/zephyr-course/twister-out/native_sim_native/host/homework.unit.ring_buf/zephyr/kernel/CMakeFiles/kernel.dir/timeout.c.gcda is included (trace)...
(DEBUG)   No filter matched.
(DEBUG) --> File is excluded.
(DEBUG) Check if /home/sufyan/Zephyr_IOMICO/zephyr-course/twister-out/native_sim_native/host/homework.unit.ring_buf/zephyr/kernel/CMakeFiles/kernel.dir/timeout.c.gcda is included (trace)...
(DEBUG) --> File is excluded.
(DEBUG) Check if timeout.c##af105e09ce0efc988d7afe3a8bdf761c.gcov is included (gcov file)...
(DEBUG)   Filter AlwaysMatchFilter() matched.
(DEBUG) --> File is included.
(DEBUG) Check if timeout_q.h##569a3e528a9234fdc294fc6409c26869.gcov is included (gcov file)...
(DEBUG) --> File is included.
(DEBUG) Check if spinlock.h##ac54c28a46b90c889de3665abac3ef1a.gcov is included (gcov file)...
(DEBUG) --> File is included.
(DEBUG) Check if arch.h##dc70e81a221e00a96b5b011e55795c6f.gcov is included (gcov file)...
(DEBUG) --> File is included.
(DEBUG) Check if dlist.h##8b38c32f07439f20ffdd7079fc0c40eb.gcov is included (gcov file)...
(DEBUG) --> File is included.
(DEBUG) Check if /home/sufyan/Zephyr_IOMICO/zephyr-course/app/modules/ring_buf/timeout.c##af105e09ce0efc988d7afe3a8bdf761c.gcov is included (trace)...
(DEBUG)   No filter matched.
(DEBUG) --> File is excluded.
(DEBUG) Finding source file corresponding to a gcov data file
  gcov_fname   /home/sufyan/Zephyr_IOMICO/zephyr-course/app/modules/ring_buf/timeout.c##af105e09ce0efc988d7afe3a8bdf761c.gcov
  current_dir  /home/sufyan/Zephyr_IOMICO/zephyr-course/app/modules/ring_buf
  root         /home/sufyan/Zephyr_IOMICO/zephyr-course/app/modules/ring_buf
  starting_dir /home/sufyan/Zephyr_IOMICO/zephyr-course
  obj_dir      None
  gcda_fname   ../../../twister-out/native_sim_native/host/homework.unit.ring_buf/zephyr/kernel/CMakeFiles/kernel.dir/timeout.c.gcda
  --> fname    /home/sufyan/Zephyr_IOMICO/deps/zephyr/kernel/timeout.c
(DEBUG) Check if /home/sufyan/Zephyr_IOMICO/deps/zephyr/kernel/timeout.c is included (source file)...
(DEBUG)   No filter matched.
(DEBUG) --> File is excluded.
(DEBUG) Check if /home/sufyan/Zephyr_IOMICO/zephyr-course/app/modules/ring_buf/timeout_q.h##569a3e528a9234fdc294fc6409c26869.gcov is included (trace)...
(DEBUG) --> File is excluded.
(DEBUG) Finding source file corresponding to a gcov data file
  gcov_fname   /home/sufyan/Zephyr_IOMICO/zephyr-course/app/modules/ring_buf/timeout_q.h##569a3e528a9234fdc294fc6409c26869.gcov
  current_dir  /home/sufyan/Zephyr_IOMICO/zephyr-course/app/modules/ring_buf
  root         /home/sufyan/Zephyr_IOMICO/zephyr-course/app/modules/ring_buf
  starting_dir /home/sufyan/Zephyr_IOMICO/zephyr-course
  obj_dir      None
  gcda_fname   ../../../twister-out/native_sim_native/host/homework.unit.ring_buf/zephyr/kernel/CMakeFiles/kernel.dir/timeout.c.gcda
  --> fname    /home/sufyan/Zephyr_IOMICO/deps/zephyr/kernel/include/timeout_q.h
(DEBUG) Check if /home/sufyan/Zephyr_IOMICO/deps/zephyr/kernel/include/timeout_q.h is included (source file)...
(DEBUG) --> File is excluded.
(DEBUG) Check if /home/sufyan/Zephyr_IOMICO/zephyr-course/app/modules/ring_buf/spinlock.h##ac54c28a46b90c889de3665abac3ef1a.gcov is included (trace)...
(DEBUG) --> File is excluded.
(DEBUG) Finding source file corresponding to a gcov data file
  gcov_fname   /home/sufyan/Zephyr_IOMICO/zephyr-course/app/modules/ring_buf/spinlock.h##ac54c28a46b90c889de3665abac3ef1a.gcov
  current_dir  /home/sufyan/Zephyr_IOMICO/zephyr-course/app/modules/ring_buf
  root         /home/sufyan/Zephyr_IOMICO/zephyr-course/app/modules/ring_buf
  starting_dir /home/sufyan/Zephyr_IOMICO/zephyr-course
  obj_dir      None
  gcda_fname   ../../../twister-out/native_sim_native/host/homework.unit.ring_buf/zephyr/kernel/CMakeFiles/kernel.dir/timeout.c.gcda
  --> fname    /home/sufyan/Zephyr_IOMICO/deps/zephyr/include/zephyr/spinlock.h
(DEBUG) Check if /home/sufyan/Zephyr_IOMICO/deps/zephyr/include/zephyr/spinlock.h is included (source file)...
(DEBUG) --> File is excluded.
(DEBUG) Check if /home/sufyan/Zephyr_IOMICO/zephyr-course/app/modules/ring_buf/arch.h##dc70e81a221e00a96b5b011e55795c6f.gcov is included (trace)...
(DEBUG) --> File is excluded.
(DEBUG) Finding source file corresponding to a gcov data file
  gcov_fname   /home/sufyan/Zephyr_IOMICO/zephyr-course/app/modules/ring_buf/arch.h##dc70e81a221e00a96b5b011e55795c6f.gcov
  current_dir  /home/sufyan/Zephyr_IOMICO/zephyr-course/app/modules/ring_buf
  root         /home/sufyan/Zephyr_IOMICO/zephyr-course/app/modules/ring_buf
  starting_dir /home/sufyan/Zephyr_IOMICO/zephyr-course
  obj_dir      None
  gcda_fname   ../../../twister-out/native_sim_native/host/homework.unit.ring_buf/zephyr/kernel/CMakeFiles/kernel.dir/timeout.c.gcda
  --> fname    /home/sufyan/Zephyr_IOMICO/deps/zephyr/include/zephyr/arch/posix/arch.h
(DEBUG) Check if /home/sufyan/Zephyr_IOMICO/deps/zephyr/include/zephyr/arch/posix/arch.h is included (source file)...
(DEBUG) --> File is excluded.
(DEBUG) Check if /home/sufyan/Zephyr_IOMICO/zephyr-course/app/modules/ring_buf/dlist.h##8b38c32f07439f20ffdd7079fc0c40eb.gcov is included (trace)...
(DEBUG) --> File is excluded.
(DEBUG) Finding source file corresponding to a gcov data file
  gcov_fname   /home/sufyan/Zephyr_IOMICO/zephyr-course/app/modules/ring_buf/dlist.h##8b38c32f07439f20ffdd7079fc0c40eb.gcov
  current_dir  /home/sufyan/Zephyr_IOMICO/zephyr-course/app/modules/ring_buf
  root         /home/sufyan/Zephyr_IOMICO/zephyr-course/app/modules/ring_buf
  starting_dir /home/sufyan/Zephyr_IOMICO/zephyr-course
  obj_dir      None
  gcda_fname   ../../../twister-out/native_sim_native/host/homework.unit.ring_buf/zephyr/kernel/CMakeFiles/kernel.dir/timeout.c.gcda
  --> fname    /home/sufyan/Zephyr_IOMICO/deps/zephyr/include/zephyr/sys/dlist.h
(DEBUG) Check if /home/sufyan/Zephyr_IOMICO/deps/zephyr/include/zephyr/sys/dlist.h is included (source file)...
(DEBUG) --> File is excluded.
(DEBUG) Check if /home/sufyan/Zephyr_IOMICO/zephyr-course/twister-out/native_sim_native/host/homework.unit.ring_buf/zephyr/kernel/CMakeFiles/kernel.dir/timer.c.gcda is included (trace)...
(DEBUG)   No filter matched.
(DEBUG) --> File is excluded.
(DEBUG) Check if /home/sufyan/Zephyr_IOMICO/zephyr-course/twister-out/native_sim_native/host/homework.unit.ring_buf/zephyr/kernel/CMakeFiles/kernel.dir/timer.c.gcda is included (trace)...
(DEBUG) --> File is excluded.
(DEBUG) Check if timer.c##8d042bbf84ac342cda7b8aff0656ea41.gcov is included (gcov file)...
(DEBUG)   Filter AlwaysMatchFilter() matched.
(DEBUG) --> File is included.
(DEBUG) Check if wait_q.h##139d40669c3ee194b82a2646c4f8e821.gcov is included (gcov file)...
(DEBUG) --> File is included.
(DEBUG) Check if ksched.h##ef11ea29545001937978f4e3e23cbf23.gcov is included (gcov file)...
(DEBUG) --> File is included.
(DEBUG) Check if timeout_q.h##569a3e528a9234fdc294fc6409c26869.gcov is included (gcov file)...
(DEBUG) --> File is included.
(DEBUG) Check if kernel_arch_func.h##88c66a408d50fc91e01e60b8add8a403.gcov is included (gcov file)...
(DEBUG) --> File is included.
(DEBUG) Check if kernel.h##613194e766979d51f14f46fda6f8f0e6.gcov is included (gcov file)...
(DEBUG) --> File is included.
(DEBUG) Check if kobject_internal.h##d9e662f1f754d31d24eb20c0b43248dd.gcov is included (gcov file)...
(DEBUG) --> File is included.
(DEBUG) Check if spinlock.h##ac54c28a46b90c889de3665abac3ef1a.gcov is included (gcov file)...
(DEBUG) --> File is included.
(DEBUG) Check if arch.h##dc70e81a221e00a96b5b011e55795c6f.gcov is included (gcov file)...
(DEBUG) --> File is included.
(DEBUG) Check if dlist.h##8b38c32f07439f20ffdd7079fc0c40eb.gcov is included (gcov file)...
(DEBUG) --> File is included.
(DEBUG) Check if /home/sufyan/Zephyr_IOMICO/zephyr-course/app/modules/ring_buf/ksched.h##ef11ea29545001937978f4e3e23cbf23.gcov is included (trace)...
(DEBUG) --> File is excluded.
(DEBUG) Finding source file corresponding to a gcov data file
  gcov_fname   /home/sufyan/Zephyr_IOMICO/zephyr-course/app/modules/ring_buf/ksched.h##ef11ea29545001937978f4e3e23cbf23.gcov
  current_dir  /home/sufyan/Zephyr_IOMICO/zephyr-course/app/modules/ring_buf
  root         /home/sufyan/Zephyr_IOMICO/zephyr-course/app/modules/ring_buf
  starting_dir /home/sufyan/Zephyr_IOMICO/zephyr-course
  obj_dir      None
  gcda_fname   ../../../twister-out/native_sim_native/host/homework.unit.ring_buf/zephyr/kernel/CMakeFiles/kernel.dir/timer.c.gcda
  --> fname    /home/sufyan/Zephyr_IOMICO/deps/zephyr/kernel/include/ksched.h
(DEBUG) Check if /home/sufyan/Zephyr_IOMICO/deps/zephyr/kernel/include/ksched.h is included (source file)...
(DEBUG) --> File is excluded.
(DEBUG) Check if /home/sufyan/Zephyr_IOMICO/zephyr-course/app/modules/ring_buf/wait_q.h##139d40669c3ee194b82a2646c4f8e821.gcov is included (trace)...
(DEBUG) --> File is excluded.
(DEBUG) Finding source file corresponding to a gcov data file
  gcov_fname   /home/sufyan/Zephyr_IOMICO/zephyr-course/app/modules/ring_buf/wait_q.h##139d40669c3ee194b82a2646c4f8e821.gcov
  current_dir  /home/sufyan/Zephyr_IOMICO/zephyr-course/app/modules/ring_buf
  root         /home/sufyan/Zephyr_IOMICO/zephyr-course/app/modules/ring_buf
  starting_dir /home/sufyan/Zephyr_IOMICO/zephyr-course
  obj_dir      None
  gcda_fname   ../../../twister-out/native_sim_native/host/homework.unit.ring_buf/zephyr/kernel/CMakeFiles/kernel.dir/timer.c.gcda
  --> fname    /home/sufyan/Zephyr_IOMICO/deps/zephyr/kernel/include/wait_q.h
(DEBUG) Check if /home/sufyan/Zephyr_IOMICO/deps/zephyr/kernel/include/wait_q.h is included (source file)...
(DEBUG) --> File is excluded.
(DEBUG) Check if /home/sufyan/Zephyr_IOMICO/zephyr-course/app/modules/ring_buf/timeout_q.h##569a3e528a9234fdc294fc6409c26869.gcov is included (trace)...
(DEBUG) --> File is excluded.
(DEBUG) Finding source file corresponding to a gcov data file
  gcov_fname   /home/sufyan/Zephyr_IOMICO/zephyr-course/app/modules/ring_buf/timeout_q.h##569a3e528a9234fdc294fc6409c26869.gcov
  current_dir  /home/sufyan/Zephyr_IOMICO/zephyr-course/app/modules/ring_buf
  root         /home/sufyan/Zephyr_IOMICO/zephyr-course/app/modules/ring_buf
  starting_dir /home/sufyan/Zephyr_IOMICO/zephyr-course
  obj_dir      None
  gcda_fname   ../../../twister-out/native_sim_native/host/homework.unit.ring_buf/zephyr/kernel/CMakeFiles/kernel.dir/timer.c.gcda
  --> fname    /home/sufyan/Zephyr_IOMICO/deps/zephyr/kernel/include/timeout_q.h
(DEBUG) Check if /home/sufyan/Zephyr_IOMICO/deps/zephyr/kernel/include/timeout_q.h is included (source file)...
(DEBUG) --> File is excluded.
(DEBUG) Check if /home/sufyan/Zephyr_IOMICO/zephyr-course/app/modules/ring_buf/spinlock.h##ac54c28a46b90c889de3665abac3ef1a.gcov is included (trace)...
(DEBUG) --> File is excluded.
(DEBUG) Finding source file corresponding to a gcov data file
  gcov_fname   /home/sufyan/Zephyr_IOMICO/zephyr-course/app/modules/ring_buf/spinlock.h##ac54c28a46b90c889de3665abac3ef1a.gcov
  current_dir  /home/sufyan/Zephyr_IOMICO/zephyr-course/app/modules/ring_buf
  root         /home/sufyan/Zephyr_IOMICO/zephyr-course/app/modules/ring_buf
  starting_dir /home/sufyan/Zephyr_IOMICO/zephyr-course
  obj_dir      None
  gcda_fname   ../../../twister-out/native_sim_native/host/homework.unit.ring_buf/zephyr/kernel/CMakeFiles/kernel.dir/timer.c.gcda
  --> fname    /home/sufyan/Zephyr_IOMICO/deps/zephyr/include/zephyr/spinlock.h
(DEBUG) Check if /home/sufyan/Zephyr_IOMICO/deps/zephyr/include/zephyr/spinlock.h is included (source file)...
(DEBUG) --> File is excluded.
(DEBUG) Check if /home/sufyan/Zephyr_IOMICO/zephyr-course/app/modules/ring_buf/timer.c##8d042bbf84ac342cda7b8aff0656ea41.gcov is included (trace)...
(DEBUG)   No filter matched.
(DEBUG) --> File is excluded.
(DEBUG) Finding source file corresponding to a gcov data file
  gcov_fname   /home/sufyan/Zephyr_IOMICO/zephyr-course/app/modules/ring_buf/timer.c##8d042bbf84ac342cda7b8aff0656ea41.gcov
  current_dir  /home/sufyan/Zephyr_IOMICO/zephyr-course/app/modules/ring_buf
  root         /home/sufyan/Zephyr_IOMICO/zephyr-course/app/modules/ring_buf
  starting_dir /home/sufyan/Zephyr_IOMICO/zephyr-course
  obj_dir      None
  gcda_fname   ../../../twister-out/native_sim_native/host/homework.unit.ring_buf/zephyr/kernel/CMakeFiles/kernel.dir/timer.c.gcda
  --> fname    /home/sufyan/Zephyr_IOMICO/deps/zephyr/kernel/timer.c
(DEBUG) Check if /home/sufyan/Zephyr_IOMICO/deps/zephyr/kernel/timer.c is included (source file)...
(DEBUG)   No filter matched.
(DEBUG) --> File is excluded.
(DEBUG) Check if /home/sufyan/Zephyr_IOMICO/zephyr-course/app/modules/ring_buf/arch.h##dc70e81a221e00a96b5b011e55795c6f.gcov is included (trace)...
(DEBUG) --> File is excluded.
(DEBUG) Finding source file corresponding to a gcov data file
  gcov_fname   /home/sufyan/Zephyr_IOMICO/zephyr-course/app/modules/ring_buf/arch.h##dc70e81a221e00a96b5b011e55795c6f.gcov
  current_dir  /home/sufyan/Zephyr_IOMICO/zephyr-course/app/modules/ring_buf
  root         /home/sufyan/Zephyr_IOMICO/zephyr-course/app/modules/ring_buf
  starting_dir /home/sufyan/Zephyr_IOMICO/zephyr-course
  obj_dir      None
  gcda_fname   ../../../twister-out/native_sim_native/host/homework.unit.ring_buf/zephyr/kernel/CMakeFiles/kernel.dir/timer.c.gcda
  --> fname    /home/sufyan/Zephyr_IOMICO/deps/zephyr/include/zephyr/arch/posix/arch.h
(DEBUG) Check if /home/sufyan/Zephyr_IOMICO/deps/zephyr/include/zephyr/arch/posix/arch.h is included (source file)...
(DEBUG) --> File is excluded.
(DEBUG) Check if /home/sufyan/Zephyr_IOMICO/zephyr-course/app/modules/ring_buf/kobject_internal.h##d9e662f1f754d31d24eb20c0b43248dd.gcov is included (trace)...
(DEBUG) --> File is excluded.
(DEBUG) Finding source file corresponding to a gcov data file
  gcov_fname   /home/sufyan/Zephyr_IOMICO/zephyr-course/app/modules/ring_buf/kobject_internal.h##d9e662f1f754d31d24eb20c0b43248dd.gcov
  current_dir  /home/sufyan/Zephyr_IOMICO/zephyr-course/app/modules/ring_buf
  root         /home/sufyan/Zephyr_IOMICO/zephyr-course/app/modules/ring_buf
  starting_dir /home/sufyan/Zephyr_IOMICO/zephyr-course
  obj_dir      None
  gcda_fname   ../../../twister-out/native_sim_native/host/homework.unit.ring_buf/zephyr/kernel/CMakeFiles/kernel.dir/timer.c.gcda
  --> fname    /home/sufyan/Zephyr_IOMICO/deps/zephyr/include/zephyr/sys/internal/kobject_internal.h
(DEBUG) Check if /home/sufyan/Zephyr_IOMICO/deps/zephyr/include/zephyr/sys/internal/kobject_internal.h is included (source file)...
(DEBUG) --> File is excluded.
(DEBUG) Check if /home/sufyan/Zephyr_IOMICO/zephyr-course/app/modules/ring_buf/dlist.h##8b38c32f07439f20ffdd7079fc0c40eb.gcov is included (trace)...
(DEBUG) --> File is excluded.
(DEBUG) Finding source file corresponding to a gcov data file
  gcov_fname   /home/sufyan/Zephyr_IOMICO/zephyr-course/app/modules/ring_buf/dlist.h##8b38c32f07439f20ffdd7079fc0c40eb.gcov
  current_dir  /home/sufyan/Zephyr_IOMICO/zephyr-course/app/modules/ring_buf
  root         /home/sufyan/Zephyr_IOMICO/zephyr-course/app/modules/ring_buf
  starting_dir /home/sufyan/Zephyr_IOMICO/zephyr-course
  obj_dir      None
  gcda_fname   ../../../twister-out/native_sim_native/host/homework.unit.ring_buf/zephyr/kernel/CMakeFiles/kernel.dir/timer.c.gcda
  --> fname    /home/sufyan/Zephyr_IOMICO/deps/zephyr/include/zephyr/sys/dlist.h
(DEBUG) Check if /home/sufyan/Zephyr_IOMICO/deps/zephyr/include/zephyr/sys/dlist.h is included (source file)...
(DEBUG) --> File is excluded.
(DEBUG) Check if /home/sufyan/Zephyr_IOMICO/zephyr-course/app/modules/ring_buf/kernel.h##613194e766979d51f14f46fda6f8f0e6.gcov is included (trace)...
(DEBUG) --> File is excluded.
(DEBUG) Finding source file corresponding to a gcov data file
  gcov_fname   /home/sufyan/Zephyr_IOMICO/zephyr-course/app/modules/ring_buf/kernel.h##613194e766979d51f14f46fda6f8f0e6.gcov
  current_dir  /home/sufyan/Zephyr_IOMICO/zephyr-course/app/modules/ring_buf
  root         /home/sufyan/Zephyr_IOMICO/zephyr-course/app/modules/ring_buf
  starting_dir /home/sufyan/Zephyr_IOMICO/zephyr-course
  obj_dir      None
  gcda_fname   ../../../twister-out/native_sim_native/host/homework.unit.ring_buf/zephyr/kernel/CMakeFiles/kernel.dir/timer.c.gcda
  --> fname    /home/sufyan/Zephyr_IOMICO/zephyr-course/twister-out/native_sim_native/host/homework.unit.ring_buf/zephyr/include/generated/zephyr/syscalls/kernel.h
(DEBUG) Check if /home/sufyan/Zephyr_IOMICO/zephyr-course/twister-out/native_sim_native/host/homework.unit.ring_buf/zephyr/include/generated/zephyr/syscalls/kernel.h is included (source file)...
(DEBUG) --> File is excluded.
(DEBUG) Check if /home/sufyan/Zephyr_IOMICO/zephyr-course/app/modules/ring_buf/kernel_arch_func.h##88c66a408d50fc91e01e60b8add8a403.gcov is included (trace)...
(DEBUG) --> File is excluded.
(DEBUG) Finding source file corresponding to a gcov data file
  gcov_fname   /home/sufyan/Zephyr_IOMICO/zephyr-course/app/modules/ring_buf/kernel_arch_func.h##88c66a408d50fc91e01e60b8add8a403.gcov
  current_dir  /home/sufyan/Zephyr_IOMICO/zephyr-course/app/modules/ring_buf
  root         /home/sufyan/Zephyr_IOMICO/zephyr-course/app/modules/ring_buf
  starting_dir /home/sufyan/Zephyr_IOMICO/zephyr-course
  obj_dir      None
  gcda_fname   ../../../twister-out/native_sim_native/host/homework.unit.ring_buf/zephyr/kernel/CMakeFiles/kernel.dir/timer.c.gcda
  --> fname    /home/sufyan/Zephyr_IOMICO/deps/zephyr/arch/posix/include/kernel_arch_func.h
(DEBUG) Check if /home/sufyan/Zephyr_IOMICO/deps/zephyr/arch/posix/include/kernel_arch_func.h is included (source file)...
(DEBUG) --> File is excluded.
(DEBUG) Check if /home/sufyan/Zephyr_IOMICO/zephyr-course/twister-out/native_sim_native/host/homework.unit.ring_buf/zephyr/kernel/CMakeFiles/kernel.dir/timeslicing.c.gcda is included (trace)...
(DEBUG)   No filter matched.
(DEBUG) --> File is excluded.
(DEBUG) Check if /home/sufyan/Zephyr_IOMICO/zephyr-course/twister-out/native_sim_native/host/homework.unit.ring_buf/zephyr/kernel/CMakeFiles/kernel.dir/timeslicing.c.gcda is included (trace)...
(DEBUG) --> File is excluded.
(DEBUG) Check if timeslicing.c##868b8f4407bc76d007e4d5b015fced33.gcov is included (gcov file)...
(DEBUG)   Filter AlwaysMatchFilter() matched.
(DEBUG) --> File is included.
(DEBUG) Check if ksched.h##ef11ea29545001937978f4e3e23cbf23.gcov is included (gcov file)...
(DEBUG) --> File is included.
(DEBUG) Check if kthread.h##b13e19e9523584ac2e7cfe73fddb2b9b.gcov is included (gcov file)...
(DEBUG) --> File is included.
(DEBUG) Check if spinlock.h##ac54c28a46b90c889de3665abac3ef1a.gcov is included (gcov file)...
(DEBUG) --> File is included.
(DEBUG) Check if arch.h##dc70e81a221e00a96b5b011e55795c6f.gcov is included (gcov file)...
(DEBUG) --> File is included.
(DEBUG) Check if /home/sufyan/Zephyr_IOMICO/zephyr-course/app/modules/ring_buf/ksched.h##ef11ea29545001937978f4e3e23cbf23.gcov is included (trace)...
(DEBUG) --> File is excluded.
(DEBUG) Finding source file corresponding to a gcov data file
  gcov_fname   /home/sufyan/Zephyr_IOMICO/zephyr-course/app/modules/ring_buf/ksched.h##ef11ea29545001937978f4e3e23cbf23.gcov
  current_dir  /home/sufyan/Zephyr_IOMICO/zephyr-course/app/modules/ring_buf
  root         /home/sufyan/Zephyr_IOMICO/zephyr-course/app/modules/ring_buf
  starting_dir /home/sufyan/Zephyr_IOMICO/zephyr-course
  obj_dir      None
  gcda_fname   ../../../twister-out/native_sim_native/host/homework.unit.ring_buf/zephyr/kernel/CMakeFiles/kernel.dir/timeslicing.c.gcda
  --> fname    /home/sufyan/Zephyr_IOMICO/deps/zephyr/kernel/include/ksched.h
(DEBUG) Check if /home/sufyan/Zephyr_IOMICO/deps/zephyr/kernel/include/ksched.h is included (source file)...
(DEBUG) --> File is excluded.
(DEBUG) Check if /home/sufyan/Zephyr_IOMICO/zephyr-course/app/modules/ring_buf/kthread.h##b13e19e9523584ac2e7cfe73fddb2b9b.gcov is included (trace)...
(DEBUG) --> File is excluded.
(DEBUG) Finding source file corresponding to a gcov data file
  gcov_fname   /home/sufyan/Zephyr_IOMICO/zephyr-course/app/modules/ring_buf/kthread.h##b13e19e9523584ac2e7cfe73fddb2b9b.gcov
  current_dir  /home/sufyan/Zephyr_IOMICO/zephyr-course/app/modules/ring_buf
  root         /home/sufyan/Zephyr_IOMICO/zephyr-course/app/modules/ring_buf
  starting_dir /home/sufyan/Zephyr_IOMICO/zephyr-course
  obj_dir      None
  gcda_fname   ../../../twister-out/native_sim_native/host/homework.unit.ring_buf/zephyr/kernel/CMakeFiles/kernel.dir/timeslicing.c.gcda
  --> fname    /home/sufyan/Zephyr_IOMICO/deps/zephyr/kernel/include/kthread.h
(DEBUG) Check if /home/sufyan/Zephyr_IOMICO/deps/zephyr/kernel/include/kthread.h is included (source file)...
(DEBUG) --> File is excluded.
(DEBUG) Check if /home/sufyan/Zephyr_IOMICO/zephyr-course/app/modules/ring_buf/timeslicing.c##868b8f4407bc76d007e4d5b015fced33.gcov is included (trace)...
(DEBUG)   No filter matched.
(DEBUG) --> File is excluded.
(DEBUG) Finding source file corresponding to a gcov data file
  gcov_fname   /home/sufyan/Zephyr_IOMICO/zephyr-course/app/modules/ring_buf/timeslicing.c##868b8f4407bc76d007e4d5b015fced33.gcov
  current_dir  /home/sufyan/Zephyr_IOMICO/zephyr-course/app/modules/ring_buf
  root         /home/sufyan/Zephyr_IOMICO/zephyr-course/app/modules/ring_buf
  starting_dir /home/sufyan/Zephyr_IOMICO/zephyr-course
  obj_dir      None
  gcda_fname   ../../../twister-out/native_sim_native/host/homework.unit.ring_buf/zephyr/kernel/CMakeFiles/kernel.dir/timeslicing.c.gcda
  --> fname    /home/sufyan/Zephyr_IOMICO/deps/zephyr/kernel/timeslicing.c
(DEBUG) Check if /home/sufyan/Zephyr_IOMICO/deps/zephyr/kernel/timeslicing.c is included (source file)...
(DEBUG)   No filter matched.
(DEBUG) --> File is excluded.
(DEBUG) Check if /home/sufyan/Zephyr_IOMICO/zephyr-course/app/modules/ring_buf/spinlock.h##ac54c28a46b90c889de3665abac3ef1a.gcov is included (trace)...
(DEBUG) --> File is excluded.
(DEBUG) Finding source file corresponding to a gcov data file
  gcov_fname   /home/sufyan/Zephyr_IOMICO/zephyr-course/app/modules/ring_buf/spinlock.h##ac54c28a46b90c889de3665abac3ef1a.gcov
  current_dir  /home/sufyan/Zephyr_IOMICO/zephyr-course/app/modules/ring_buf
  root         /home/sufyan/Zephyr_IOMICO/zephyr-course/app/modules/ring_buf
  starting_dir /home/sufyan/Zephyr_IOMICO/zephyr-course
  obj_dir      None
  gcda_fname   ../../../twister-out/native_sim_native/host/homework.unit.ring_buf/zephyr/kernel/CMakeFiles/kernel.dir/timeslicing.c.gcda
  --> fname    /home/sufyan/Zephyr_IOMICO/deps/zephyr/include/zephyr/spinlock.h
(DEBUG) Check if /home/sufyan/Zephyr_IOMICO/deps/zephyr/include/zephyr/spinlock.h is included (source file)...
(DEBUG) --> File is excluded.
(DEBUG) Check if /home/sufyan/Zephyr_IOMICO/zephyr-course/app/modules/ring_buf/arch.h##dc70e81a221e00a96b5b011e55795c6f.gcov is included (trace)...
(DEBUG) --> File is excluded.
(DEBUG) Finding source file corresponding to a gcov data file
  gcov_fname   /home/sufyan/Zephyr_IOMICO/zephyr-course/app/modules/ring_buf/arch.h##dc70e81a221e00a96b5b011e55795c6f.gcov
  current_dir  /home/sufyan/Zephyr_IOMICO/zephyr-course/app/modules/ring_buf
  root         /home/sufyan/Zephyr_IOMICO/zephyr-course/app/modules/ring_buf
  starting_dir /home/sufyan/Zephyr_IOMICO/zephyr-course
  obj_dir      None
  gcda_fname   ../../../twister-out/native_sim_native/host/homework.unit.ring_buf/zephyr/kernel/CMakeFiles/kernel.dir/timeslicing.c.gcda
  --> fname    /home/sufyan/Zephyr_IOMICO/deps/zephyr/include/zephyr/arch/posix/arch.h
(DEBUG) Check if /home/sufyan/Zephyr_IOMICO/deps/zephyr/include/zephyr/arch/posix/arch.h is included (source file)...
(DEBUG) --> File is excluded.
(DEBUG) Check if /home/sufyan/Zephyr_IOMICO/zephyr-course/twister-out/native_sim_native/host/homework.unit.ring_buf/zephyr/kernel/CMakeFiles/kernel.dir/version.c.gcno is included (trace)...
(DEBUG)   No filter matched.
(DEBUG) --> File is excluded.
(DEBUG) Check if /home/sufyan/Zephyr_IOMICO/zephyr-course/twister-out/native_sim_native/host/homework.unit.ring_buf/zephyr/kernel/CMakeFiles/kernel.dir/version.c.gcno is included (trace)...
(DEBUG) --> File is excluded.
(DEBUG) Check if version.c##a22c3c1546d55a03076c9eefd7f9ceea.gcov is included (gcov file)...
(DEBUG)   Filter AlwaysMatchFilter() matched.
(DEBUG) --> File is included.
(DEBUG) Check if /home/sufyan/Zephyr_IOMICO/zephyr-course/app/modules/ring_buf/version.c##a22c3c1546d55a03076c9eefd7f9ceea.gcov is included (trace)...
(DEBUG)   No filter matched.
(DEBUG) --> File is excluded.
(DEBUG) Finding source file corresponding to a gcov data file
  gcov_fname   /home/sufyan/Zephyr_IOMICO/zephyr-course/app/modules/ring_buf/version.c##a22c3c1546d55a03076c9eefd7f9ceea.gcov
  current_dir  /home/sufyan/Zephyr_IOMICO/zephyr-course/app/modules/ring_buf
  root         /home/sufyan/Zephyr_IOMICO/zephyr-course/app/modules/ring_buf
  starting_dir /home/sufyan/Zephyr_IOMICO/zephyr-course
  obj_dir      None
  gcda_fname   ../../../twister-out/native_sim_native/host/homework.unit.ring_buf/zephyr/kernel/CMakeFiles/kernel.dir/version.c.gcno
  --> fname    /home/sufyan/Zephyr_IOMICO/deps/zephyr/kernel/version.c
(DEBUG) Check if /home/sufyan/Zephyr_IOMICO/deps/zephyr/kernel/version.c is included (source file)...
(DEBUG)   No filter matched.
(DEBUG) --> File is excluded.
(DEBUG) Check if /home/sufyan/Zephyr_IOMICO/zephyr-course/twister-out/native_sim_native/host/homework.unit.ring_buf/zephyr/kernel/CMakeFiles/kernel.dir/work.c.gcno is included (trace)...
(DEBUG)   No filter matched.
(DEBUG) --> File is excluded.
(DEBUG) Check if /home/sufyan/Zephyr_IOMICO/zephyr-course/twister-out/native_sim_native/host/homework.unit.ring_buf/zephyr/kernel/CMakeFiles/kernel.dir/work.c.gcno is included (trace)...
(DEBUG) --> File is excluded.
(DEBUG) Check if work.c##1228d2af3cf9369027aac25ae49ec9ed.gcov is included (gcov file)...
(DEBUG)   Filter AlwaysMatchFilter() matched.
(DEBUG) --> File is included.
(DEBUG) Check if ksched.h##ef11ea29545001937978f4e3e23cbf23.gcov is included (gcov file)...
(DEBUG) --> File is included.
(DEBUG) Check if wait_q.h##139d40669c3ee194b82a2646c4f8e821.gcov is included (gcov file)...
(DEBUG) --> File is included.
(DEBUG) Check if timeout_q.h##569a3e528a9234fdc294fc6409c26869.gcov is included (gcov file)...
(DEBUG) --> File is included.
(DEBUG) Check if kernel.h##613194e766979d51f14f46fda6f8f0e6.gcov is included (gcov file)...
(DEBUG) --> File is included.
(DEBUG) Check if kernel.h##0603b591ac855b4a2926257de0e213f1.gcov is included (gcov file)...
(DEBUG) --> File is included.
(DEBUG) Check if spinlock.h##ac54c28a46b90c889de3665abac3ef1a.gcov is included (gcov file)...
(DEBUG) --> File is included.
(DEBUG) Check if arch.h##dc70e81a221e00a96b5b011e55795c6f.gcov is included (gcov file)...
(DEBUG) --> File is included.
(DEBUG) Check if slist.h##a2be9c325ed0449952d94437f6b2e046.gcov is included (gcov file)...
(DEBUG) --> File is included.
(DEBUG) Check if dlist.h##8b38c32f07439f20ffdd7079fc0c40eb.gcov is included (gcov file)...
(DEBUG) --> File is included.
(DEBUG) Check if /home/sufyan/Zephyr_IOMICO/zephyr-course/app/modules/ring_buf/ksched.h##ef11ea29545001937978f4e3e23cbf23.gcov is included (trace)...
(DEBUG) --> File is excluded.
(DEBUG) Finding source file corresponding to a gcov data file
  gcov_fname   /home/sufyan/Zephyr_IOMICO/zephyr-course/app/modules/ring_buf/ksched.h##ef11ea29545001937978f4e3e23cbf23.gcov
  current_dir  /home/sufyan/Zephyr_IOMICO/zephyr-course/app/modules/ring_buf
  root         /home/sufyan/Zephyr_IOMICO/zephyr-course/app/modules/ring_buf
  starting_dir /home/sufyan/Zephyr_IOMICO/zephyr-course
  obj_dir      None
  gcda_fname   ../../../twister-out/native_sim_native/host/homework.unit.ring_buf/zephyr/kernel/CMakeFiles/kernel.dir/work.c.gcno
  --> fname    /home/sufyan/Zephyr_IOMICO/deps/zephyr/kernel/include/ksched.h
(DEBUG) Check if /home/sufyan/Zephyr_IOMICO/deps/zephyr/kernel/include/ksched.h is included (source file)...
(DEBUG) --> File is excluded.
(DEBUG) Check if /home/sufyan/Zephyr_IOMICO/zephyr-course/app/modules/ring_buf/wait_q.h##139d40669c3ee194b82a2646c4f8e821.gcov is included (trace)...
(DEBUG) --> File is excluded.
(DEBUG) Finding source file corresponding to a gcov data file
  gcov_fname   /home/sufyan/Zephyr_IOMICO/zephyr-course/app/modules/ring_buf/wait_q.h##139d40669c3ee194b82a2646c4f8e821.gcov
  current_dir  /home/sufyan/Zephyr_IOMICO/zephyr-course/app/modules/ring_buf
  root         /home/sufyan/Zephyr_IOMICO/zephyr-course/app/modules/ring_buf
  starting_dir /home/sufyan/Zephyr_IOMICO/zephyr-course
  obj_dir      None
  gcda_fname   ../../../twister-out/native_sim_native/host/homework.unit.ring_buf/zephyr/kernel/CMakeFiles/kernel.dir/work.c.gcno
  --> fname    /home/sufyan/Zephyr_IOMICO/deps/zephyr/kernel/include/wait_q.h
(DEBUG) Check if /home/sufyan/Zephyr_IOMICO/deps/zephyr/kernel/include/wait_q.h is included (source file)...
(DEBUG) --> File is excluded.
(DEBUG) Check if /home/sufyan/Zephyr_IOMICO/zephyr-course/app/modules/ring_buf/timeout_q.h##569a3e528a9234fdc294fc6409c26869.gcov is included (trace)...
(DEBUG) --> File is excluded.
(DEBUG) Finding source file corresponding to a gcov data file
  gcov_fname   /home/sufyan/Zephyr_IOMICO/zephyr-course/app/modules/ring_buf/timeout_q.h##569a3e528a9234fdc294fc6409c26869.gcov
  current_dir  /home/sufyan/Zephyr_IOMICO/zephyr-course/app/modules/ring_buf
  root         /home/sufyan/Zephyr_IOMICO/zephyr-course/app/modules/ring_buf
  starting_dir /home/sufyan/Zephyr_IOMICO/zephyr-course
  obj_dir      None
  gcda_fname   ../../../twister-out/native_sim_native/host/homework.unit.ring_buf/zephyr/kernel/CMakeFiles/kernel.dir/work.c.gcno
  --> fname    /home/sufyan/Zephyr_IOMICO/deps/zephyr/kernel/include/timeout_q.h
(DEBUG) Check if /home/sufyan/Zephyr_IOMICO/deps/zephyr/kernel/include/timeout_q.h is included (source file)...
(DEBUG) --> File is excluded.
(DEBUG) Check if /home/sufyan/Zephyr_IOMICO/zephyr-course/app/modules/ring_buf/kernel.h##0603b591ac855b4a2926257de0e213f1.gcov is included (trace)...
(DEBUG) --> File is excluded.
(DEBUG) Finding source file corresponding to a gcov data file
  gcov_fname   /home/sufyan/Zephyr_IOMICO/zephyr-course/app/modules/ring_buf/kernel.h##0603b591ac855b4a2926257de0e213f1.gcov
  current_dir  /home/sufyan/Zephyr_IOMICO/zephyr-course/app/modules/ring_buf
  root         /home/sufyan/Zephyr_IOMICO/zephyr-course/app/modules/ring_buf
  starting_dir /home/sufyan/Zephyr_IOMICO/zephyr-course
  obj_dir      None
  gcda_fname   ../../../twister-out/native_sim_native/host/homework.unit.ring_buf/zephyr/kernel/CMakeFiles/kernel.dir/work.c.gcno
  --> fname    /home/sufyan/Zephyr_IOMICO/deps/zephyr/include/zephyr/kernel.h
(DEBUG) Check if /home/sufyan/Zephyr_IOMICO/deps/zephyr/include/zephyr/kernel.h is included (source file)...
(DEBUG) --> File is excluded.
(DEBUG) Check if /home/sufyan/Zephyr_IOMICO/zephyr-course/app/modules/ring_buf/spinlock.h##ac54c28a46b90c889de3665abac3ef1a.gcov is included (trace)...
(DEBUG) --> File is excluded.
(DEBUG) Finding source file corresponding to a gcov data file
  gcov_fname   /home/sufyan/Zephyr_IOMICO/zephyr-course/app/modules/ring_buf/spinlock.h##ac54c28a46b90c889de3665abac3ef1a.gcov
  current_dir  /home/sufyan/Zephyr_IOMICO/zephyr-course/app/modules/ring_buf
  root         /home/sufyan/Zephyr_IOMICO/zephyr-course/app/modules/ring_buf
  starting_dir /home/sufyan/Zephyr_IOMICO/zephyr-course
  obj_dir      None
  gcda_fname   ../../../twister-out/native_sim_native/host/homework.unit.ring_buf/zephyr/kernel/CMakeFiles/kernel.dir/work.c.gcno
  --> fname    /home/sufyan/Zephyr_IOMICO/deps/zephyr/include/zephyr/spinlock.h
(DEBUG) Check if /home/sufyan/Zephyr_IOMICO/deps/zephyr/include/zephyr/spinlock.h is included (source file)...
(DEBUG) --> File is excluded.
(DEBUG) Check if /home/sufyan/Zephyr_IOMICO/zephyr-course/app/modules/ring_buf/arch.h##dc70e81a221e00a96b5b011e55795c6f.gcov is included (trace)...
(DEBUG) --> File is excluded.
(DEBUG) Finding source file corresponding to a gcov data file
  gcov_fname   /home/sufyan/Zephyr_IOMICO/zephyr-course/app/modules/ring_buf/arch.h##dc70e81a221e00a96b5b011e55795c6f.gcov
  current_dir  /home/sufyan/Zephyr_IOMICO/zephyr-course/app/modules/ring_buf
  root         /home/sufyan/Zephyr_IOMICO/zephyr-course/app/modules/ring_buf
  starting_dir /home/sufyan/Zephyr_IOMICO/zephyr-course
  obj_dir      None
  gcda_fname   ../../../twister-out/native_sim_native/host/homework.unit.ring_buf/zephyr/kernel/CMakeFiles/kernel.dir/work.c.gcno
  --> fname    /home/sufyan/Zephyr_IOMICO/deps/zephyr/include/zephyr/arch/posix/arch.h
(DEBUG) Check if /home/sufyan/Zephyr_IOMICO/deps/zephyr/include/zephyr/arch/posix/arch.h is included (source file)...
(DEBUG) --> File is excluded.
(DEBUG) Check if /home/sufyan/Zephyr_IOMICO/zephyr-course/app/modules/ring_buf/dlist.h##8b38c32f07439f20ffdd7079fc0c40eb.gcov is included (trace)...
(DEBUG) --> File is excluded.
(DEBUG) Finding source file corresponding to a gcov data file
  gcov_fname   /home/sufyan/Zephyr_IOMICO/zephyr-course/app/modules/ring_buf/dlist.h##8b38c32f07439f20ffdd7079fc0c40eb.gcov
  current_dir  /home/sufyan/Zephyr_IOMICO/zephyr-course/app/modules/ring_buf
  root         /home/sufyan/Zephyr_IOMICO/zephyr-course/app/modules/ring_buf
  starting_dir /home/sufyan/Zephyr_IOMICO/zephyr-course
  obj_dir      None
  gcda_fname   ../../../twister-out/native_sim_native/host/homework.unit.ring_buf/zephyr/kernel/CMakeFiles/kernel.dir/work.c.gcno
  --> fname    /home/sufyan/Zephyr_IOMICO/deps/zephyr/include/zephyr/sys/dlist.h
(DEBUG) Check if /home/sufyan/Zephyr_IOMICO/deps/zephyr/include/zephyr/sys/dlist.h is included (source file)...
(DEBUG) --> File is excluded.
(DEBUG) Check if /home/sufyan/Zephyr_IOMICO/zephyr-course/app/modules/ring_buf/kernel.h##613194e766979d51f14f46fda6f8f0e6.gcov is included (trace)...
(DEBUG) --> File is excluded.
(DEBUG) Finding source file corresponding to a gcov data file
  gcov_fname   /home/sufyan/Zephyr_IOMICO/zephyr-course/app/modules/ring_buf/kernel.h##613194e766979d51f14f46fda6f8f0e6.gcov
  current_dir  /home/sufyan/Zephyr_IOMICO/zephyr-course/app/modules/ring_buf
  root         /home/sufyan/Zephyr_IOMICO/zephyr-course/app/modules/ring_buf
  starting_dir /home/sufyan/Zephyr_IOMICO/zephyr-course
  obj_dir      None
  gcda_fname   ../../../twister-out/native_sim_native/host/homework.unit.ring_buf/zephyr/kernel/CMakeFiles/kernel.dir/work.c.gcno
  --> fname    /home/sufyan/Zephyr_IOMICO/zephyr-course/twister-out/native_sim_native/host/homework.unit.ring_buf/zephyr/include/generated/zephyr/syscalls/kernel.h
(DEBUG) Check if /home/sufyan/Zephyr_IOMICO/zephyr-course/twister-out/native_sim_native/host/homework.unit.ring_buf/zephyr/include/generated/zephyr/syscalls/kernel.h is included (source file)...
(DEBUG) --> File is excluded.
(DEBUG) Check if /home/sufyan/Zephyr_IOMICO/zephyr-course/app/modules/ring_buf/slist.h##a2be9c325ed0449952d94437f6b2e046.gcov is included (trace)...
(DEBUG) --> File is excluded.
(DEBUG) Finding source file corresponding to a gcov data file
  gcov_fname   /home/sufyan/Zephyr_IOMICO/zephyr-course/app/modules/ring_buf/slist.h##a2be9c325ed0449952d94437f6b2e046.gcov
  current_dir  /home/sufyan/Zephyr_IOMICO/zephyr-course/app/modules/ring_buf
  root         /home/sufyan/Zephyr_IOMICO/zephyr-course/app/modules/ring_buf
  starting_dir /home/sufyan/Zephyr_IOMICO/zephyr-course
  obj_dir      None
  gcda_fname   ../../../twister-out/native_sim_native/host/homework.unit.ring_buf/zephyr/kernel/CMakeFiles/kernel.dir/work.c.gcno
  --> fname    /home/sufyan/Zephyr_IOMICO/deps/zephyr/include/zephyr/sys/slist.h
(DEBUG) Check if /home/sufyan/Zephyr_IOMICO/deps/zephyr/include/zephyr/sys/slist.h is included (source file)...
(DEBUG) --> File is excluded.
(DEBUG) Check if /home/sufyan/Zephyr_IOMICO/zephyr-course/app/modules/ring_buf/work.c##1228d2af3cf9369027aac25ae49ec9ed.gcov is included (trace)...
(DEBUG)   No filter matched.
(DEBUG) --> File is excluded.
(DEBUG) Finding source file corresponding to a gcov data file
  gcov_fname   /home/sufyan/Zephyr_IOMICO/zephyr-course/app/modules/ring_buf/work.c##1228d2af3cf9369027aac25ae49ec9ed.gcov
  current_dir  /home/sufyan/Zephyr_IOMICO/zephyr-course/app/modules/ring_buf
  root         /home/sufyan/Zephyr_IOMICO/zephyr-course/app/modules/ring_buf
  starting_dir /home/sufyan/Zephyr_IOMICO/zephyr-course
  obj_dir      None
  gcda_fname   ../../../twister-out/native_sim_native/host/homework.unit.ring_buf/zephyr/kernel/CMakeFiles/kernel.dir/work.c.gcno
  --> fname    /home/sufyan/Zephyr_IOMICO/deps/zephyr/kernel/work.c
(DEBUG) Check if /home/sufyan/Zephyr_IOMICO/deps/zephyr/kernel/work.c is included (source file)...
(DEBUG)   No filter matched.
(DEBUG) --> File is excluded.
(DEBUG) Check if /home/sufyan/Zephyr_IOMICO/zephyr-course/twister-out/native_sim_native/host/homework.unit.ring_buf/zephyr/soc/soc/native/CMakeFiles/soc__native__inf_clock.dir/native_remap.c.gcda is included (trace)...
(DEBUG)   No filter matched.
(DEBUG) --> File is excluded.
(DEBUG) Check if /home/sufyan/Zephyr_IOMICO/zephyr-course/twister-out/native_sim_native/host/homework.unit.ring_buf/zephyr/soc/soc/native/CMakeFiles/soc__native__inf_clock.dir/native_remap.c.gcda is included (trace)...
(DEBUG) --> File is excluded.
(DEBUG) Check if native_remap.c##8310772a3d1d8fbee7df2a97d531584f.gcov is included (gcov file)...
(DEBUG)   Filter AlwaysMatchFilter() matched.
(DEBUG) --> File is included.
(DEBUG) Check if /home/sufyan/Zephyr_IOMICO/zephyr-course/app/modules/ring_buf/native_remap.c##8310772a3d1d8fbee7df2a97d531584f.gcov is included (trace)...
(DEBUG)   No filter matched.
(DEBUG) --> File is excluded.
(DEBUG) Finding source file corresponding to a gcov data file
  gcov_fname   /home/sufyan/Zephyr_IOMICO/zephyr-course/app/modules/ring_buf/native_remap.c##8310772a3d1d8fbee7df2a97d531584f.gcov
  current_dir  /home/sufyan/Zephyr_IOMICO/zephyr-course/app/modules/ring_buf
  root         /home/sufyan/Zephyr_IOMICO/zephyr-course/app/modules/ring_buf
  starting_dir /home/sufyan/Zephyr_IOMICO/zephyr-course
  obj_dir      None
  gcda_fname   ../../../twister-out/native_sim_native/host/homework.unit.ring_buf/zephyr/soc/soc/native/CMakeFiles/soc__native__inf_clock.dir/native_remap.c.gcda
  --> fname    /home/sufyan/Zephyr_IOMICO/deps/zephyr/soc/native/inf_clock/native_remap.c
(DEBUG) Check if /home/sufyan/Zephyr_IOMICO/deps/zephyr/soc/native/inf_clock/native_remap.c is included (source file)...
(DEBUG)   No filter matched.
(DEBUG) --> File is excluded.
(DEBUG) Check if /home/sufyan/Zephyr_IOMICO/zephyr-course/twister-out/native_sim_native/host/homework.unit.ring_buf/zephyr/soc/soc/native/CMakeFiles/soc__native__inf_clock.dir/native_tasks.c.gcda is included (trace)...
(DEBUG)   No filter matched.
(DEBUG) --> File is excluded.
(DEBUG) Check if /home/sufyan/Zephyr_IOMICO/zephyr-course/twister-out/native_sim_native/host/homework.unit.ring_buf/zephyr/soc/soc/native/CMakeFiles/soc__native__inf_clock.dir/native_tasks.c.gcda is included (trace)...
(DEBUG) --> File is excluded.
(DEBUG) Check if native_tasks.c##d92031516226ee6478182f55335b19c4.gcov is included (gcov file)...
(DEBUG)   Filter AlwaysMatchFilter() matched.
(DEBUG) --> File is included.
(DEBUG) Check if /home/sufyan/Zephyr_IOMICO/zephyr-course/app/modules/ring_buf/native_tasks.c##d92031516226ee6478182f55335b19c4.gcov is included (trace)...
(DEBUG)   No filter matched.
(DEBUG) --> File is excluded.
(DEBUG) Finding source file corresponding to a gcov data file
  gcov_fname   /home/sufyan/Zephyr_IOMICO/zephyr-course/app/modules/ring_buf/native_tasks.c##d92031516226ee6478182f55335b19c4.gcov
  current_dir  /home/sufyan/Zephyr_IOMICO/zephyr-course/app/modules/ring_buf
  root         /home/sufyan/Zephyr_IOMICO/zephyr-course/app/modules/ring_buf
  starting_dir /home/sufyan/Zephyr_IOMICO/zephyr-course
  obj_dir      None
  gcda_fname   ../../../twister-out/native_sim_native/host/homework.unit.ring_buf/zephyr/soc/soc/native/CMakeFiles/soc__native__inf_clock.dir/native_tasks.c.gcda
  --> fname    /home/sufyan/Zephyr_IOMICO/deps/zephyr/soc/native/inf_clock/native_tasks.c
(DEBUG) Check if /home/sufyan/Zephyr_IOMICO/deps/zephyr/soc/native/inf_clock/native_tasks.c is included (source file)...
(DEBUG)   No filter matched.
(DEBUG) --> File is excluded.
(DEBUG) Check if /home/sufyan/Zephyr_IOMICO/zephyr-course/twister-out/native_sim_native/host/homework.unit.ring_buf/zephyr/soc/soc/native/CMakeFiles/soc__native__inf_clock.dir/soc.c.gcda is included (trace)...
(DEBUG)   No filter matched.
(DEBUG) --> File is excluded.
(DEBUG) Check if /home/sufyan/Zephyr_IOMICO/zephyr-course/twister-out/native_sim_native/host/homework.unit.ring_buf/zephyr/soc/soc/native/CMakeFiles/soc__native__inf_clock.dir/soc.c.gcda is included (trace)...
(DEBUG) --> File is excluded.
(DEBUG) Check if soc.c##32f0e8dd06fbe736ffbbaa461fbff698.gcov is included (gcov file)...
(DEBUG)   Filter AlwaysMatchFilter() matched.
(DEBUG) --> File is included.
(DEBUG) Check if /home/sufyan/Zephyr_IOMICO/zephyr-course/app/modules/ring_buf/soc.c##32f0e8dd06fbe736ffbbaa461fbff698.gcov is included (trace)...
(DEBUG)   No filter matched.
(DEBUG) --> File is excluded.
(DEBUG) Finding source file corresponding to a gcov data file
  gcov_fname   /home/sufyan/Zephyr_IOMICO/zephyr-course/app/modules/ring_buf/soc.c##32f0e8dd06fbe736ffbbaa461fbff698.gcov
  current_dir  /home/sufyan/Zephyr_IOMICO/zephyr-course/app/modules/ring_buf
  root         /home/sufyan/Zephyr_IOMICO/zephyr-course/app/modules/ring_buf
  starting_dir /home/sufyan/Zephyr_IOMICO/zephyr-course
  obj_dir      None
  gcda_fname   ../../../twister-out/native_sim_native/host/homework.unit.ring_buf/zephyr/soc/soc/native/CMakeFiles/soc__native__inf_clock.dir/soc.c.gcda
  --> fname    /home/sufyan/Zephyr_IOMICO/deps/zephyr/soc/native/inf_clock/soc.c
(DEBUG) Check if /home/sufyan/Zephyr_IOMICO/deps/zephyr/soc/native/inf_clock/soc.c is included (source file)...
(DEBUG)   No filter matched.
(DEBUG) --> File is excluded.
(DEBUG) Check if /home/sufyan/Zephyr_IOMICO/zephyr-course/twister-out/native_sim_native/host/homework.unit.ring_buf/zephyr/subsys/random/CMakeFiles/subsys__random.dir/random_test_csprng.c.gcda is included (trace)...
(DEBUG)   No filter matched.
(DEBUG) --> File is excluded.
(DEBUG) Check if /home/sufyan/Zephyr_IOMICO/zephyr-course/twister-out/native_sim_native/host/homework.unit.ring_buf/zephyr/subsys/random/CMakeFiles/subsys__random.dir/random_test_csprng.c.gcda is included (trace)...
(DEBUG) --> File is excluded.
(DEBUG) Check if random_test_csprng.c##41f2fc74d66ac152395f832effde6666.gcov is included (gcov file)...
(DEBUG)   Filter AlwaysMatchFilter() matched.
(DEBUG) --> File is included.
(DEBUG) Check if random.h##37be1130d8e8f6b26bf4d76955a333f5.gcov is included (gcov file)...
(DEBUG)   Filter AlwaysMatchFilter() matched.
(DEBUG) --> File is included.
(DEBUG) Check if /home/sufyan/Zephyr_IOMICO/zephyr-course/app/modules/ring_buf/random.h##37be1130d8e8f6b26bf4d76955a333f5.gcov is included (trace)...
(DEBUG)   No filter matched.
(DEBUG) --> File is excluded.
(DEBUG) Finding source file corresponding to a gcov data file
  gcov_fname   /home/sufyan/Zephyr_IOMICO/zephyr-course/app/modules/ring_buf/random.h##37be1130d8e8f6b26bf4d76955a333f5.gcov
  current_dir  /home/sufyan/Zephyr_IOMICO/zephyr-course/app/modules/ring_buf
  root         /home/sufyan/Zephyr_IOMICO/zephyr-course/app/modules/ring_buf
  starting_dir /home/sufyan/Zephyr_IOMICO/zephyr-course
  obj_dir      None
  gcda_fname   ../../../twister-out/native_sim_native/host/homework.unit.ring_buf/zephyr/subsys/random/CMakeFiles/subsys__random.dir/random_test_csprng.c.gcda
  --> fname    /home/sufyan/Zephyr_IOMICO/zephyr-course/twister-out/native_sim_native/host/homework.unit.ring_buf/zephyr/include/generated/zephyr/syscalls/random.h
(DEBUG) Check if /home/sufyan/Zephyr_IOMICO/zephyr-course/twister-out/native_sim_native/host/homework.unit.ring_buf/zephyr/include/generated/zephyr/syscalls/random.h is included (source file)...
(DEBUG)   No filter matched.
(DEBUG) --> File is excluded.
(DEBUG) Check if /home/sufyan/Zephyr_IOMICO/zephyr-course/app/modules/ring_buf/random_test_csprng.c##41f2fc74d66ac152395f832effde6666.gcov is included (trace)...
(DEBUG)   No filter matched.
(DEBUG) --> File is excluded.
(DEBUG) Finding source file corresponding to a gcov data file
  gcov_fname   /home/sufyan/Zephyr_IOMICO/zephyr-course/app/modules/ring_buf/random_test_csprng.c##41f2fc74d66ac152395f832effde6666.gcov
  current_dir  /home/sufyan/Zephyr_IOMICO/zephyr-course/app/modules/ring_buf
  root         /home/sufyan/Zephyr_IOMICO/zephyr-course/app/modules/ring_buf
  starting_dir /home/sufyan/Zephyr_IOMICO/zephyr-course
  obj_dir      None
  gcda_fname   ../../../twister-out/native_sim_native/host/homework.unit.ring_buf/zephyr/subsys/random/CMakeFiles/subsys__random.dir/random_test_csprng.c.gcda
  --> fname    /home/sufyan/Zephyr_IOMICO/deps/zephyr/subsys/random/random_test_csprng.c
(DEBUG) Check if /home/sufyan/Zephyr_IOMICO/deps/zephyr/subsys/random/random_test_csprng.c is included (source file)...
(DEBUG)   No filter matched.
(DEBUG) --> File is excluded.
(DEBUG) Check if /home/sufyan/Zephyr_IOMICO/zephyr-course/twister-out/native_sim_native/host/homework.unit.ring_buf/zephyr/subsys/random/CMakeFiles/subsys__random.dir/random_timer.c.gcda is included (trace)...
(DEBUG)   No filter matched.
(DEBUG) --> File is excluded.
(DEBUG) Check if /home/sufyan/Zephyr_IOMICO/zephyr-course/twister-out/native_sim_native/host/homework.unit.ring_buf/zephyr/subsys/random/CMakeFiles/subsys__random.dir/random_timer.c.gcda is included (trace)...
(DEBUG) --> File is excluded.
(DEBUG) Check if random_timer.c##caab5fbbc6b0f651b714089aae5d4b8e.gcov is included (gcov file)...
(DEBUG)   Filter AlwaysMatchFilter() matched.
(DEBUG) --> File is included.
(DEBUG) Check if kernel.h##0603b591ac855b4a2926257de0e213f1.gcov is included (gcov file)...
(DEBUG) --> File is included.
(DEBUG) Check if spinlock.h##ac54c28a46b90c889de3665abac3ef1a.gcov is included (gcov file)...
(DEBUG) --> File is included.
(DEBUG) Check if arch.h##dc70e81a221e00a96b5b011e55795c6f.gcov is included (gcov file)...
(DEBUG) --> File is included.
(DEBUG) Check if /home/sufyan/Zephyr_IOMICO/zephyr-course/app/modules/ring_buf/kernel.h##0603b591ac855b4a2926257de0e213f1.gcov is included (trace)...
(DEBUG) --> File is excluded.
(DEBUG) Finding source file corresponding to a gcov data file
  gcov_fname   /home/sufyan/Zephyr_IOMICO/zephyr-course/app/modules/ring_buf/kernel.h##0603b591ac855b4a2926257de0e213f1.gcov
  current_dir  /home/sufyan/Zephyr_IOMICO/zephyr-course/app/modules/ring_buf
  root         /home/sufyan/Zephyr_IOMICO/zephyr-course/app/modules/ring_buf
  starting_dir /home/sufyan/Zephyr_IOMICO/zephyr-course
  obj_dir      None
  gcda_fname   ../../../twister-out/native_sim_native/host/homework.unit.ring_buf/zephyr/subsys/random/CMakeFiles/subsys__random.dir/random_timer.c.gcda
  --> fname    /home/sufyan/Zephyr_IOMICO/deps/zephyr/include/zephyr/kernel.h
(DEBUG) Check if /home/sufyan/Zephyr_IOMICO/deps/zephyr/include/zephyr/kernel.h is included (source file)...
(DEBUG) --> File is excluded.
(DEBUG) Check if /home/sufyan/Zephyr_IOMICO/zephyr-course/app/modules/ring_buf/arch.h##dc70e81a221e00a96b5b011e55795c6f.gcov is included (trace)...
(DEBUG) --> File is excluded.
(DEBUG) Finding source file corresponding to a gcov data file
  gcov_fname   /home/sufyan/Zephyr_IOMICO/zephyr-course/app/modules/ring_buf/arch.h##dc70e81a221e00a96b5b011e55795c6f.gcov
  current_dir  /home/sufyan/Zephyr_IOMICO/zephyr-course/app/modules/ring_buf
  root         /home/sufyan/Zephyr_IOMICO/zephyr-course/app/modules/ring_buf
  starting_dir /home/sufyan/Zephyr_IOMICO/zephyr-course
  obj_dir      None
  gcda_fname   ../../../twister-out/native_sim_native/host/homework.unit.ring_buf/zephyr/subsys/random/CMakeFiles/subsys__random.dir/random_timer.c.gcda
  --> fname    /home/sufyan/Zephyr_IOMICO/deps/zephyr/include/zephyr/arch/posix/arch.h
(DEBUG) Check if /home/sufyan/Zephyr_IOMICO/deps/zephyr/include/zephyr/arch/posix/arch.h is included (source file)...
(DEBUG) --> File is excluded.
(DEBUG) Check if /home/sufyan/Zephyr_IOMICO/zephyr-course/app/modules/ring_buf/random_timer.c##caab5fbbc6b0f651b714089aae5d4b8e.gcov is included (trace)...
(DEBUG)   No filter matched.
(DEBUG) --> File is excluded.
(DEBUG) Finding source file corresponding to a gcov data file
  gcov_fname   /home/sufyan/Zephyr_IOMICO/zephyr-course/app/modules/ring_buf/random_timer.c##caab5fbbc6b0f651b714089aae5d4b8e.gcov
  current_dir  /home/sufyan/Zephyr_IOMICO/zephyr-course/app/modules/ring_buf
  root         /home/sufyan/Zephyr_IOMICO/zephyr-course/app/modules/ring_buf
  starting_dir /home/sufyan/Zephyr_IOMICO/zephyr-course
  obj_dir      None
  gcda_fname   ../../../twister-out/native_sim_native/host/homework.unit.ring_buf/zephyr/subsys/random/CMakeFiles/subsys__random.dir/random_timer.c.gcda
  --> fname    /home/sufyan/Zephyr_IOMICO/deps/zephyr/subsys/random/random_timer.c
(DEBUG) Check if /home/sufyan/Zephyr_IOMICO/deps/zephyr/subsys/random/random_timer.c is included (source file)...
(DEBUG)   No filter matched.
(DEBUG) --> File is excluded.
(DEBUG) Check if /home/sufyan/Zephyr_IOMICO/zephyr-course/app/modules/ring_buf/spinlock.h##ac54c28a46b90c889de3665abac3ef1a.gcov is included (trace)...
(DEBUG) --> File is excluded.
(DEBUG) Finding source file corresponding to a gcov data file
  gcov_fname   /home/sufyan/Zephyr_IOMICO/zephyr-course/app/modules/ring_buf/spinlock.h##ac54c28a46b90c889de3665abac3ef1a.gcov
  current_dir  /home/sufyan/Zephyr_IOMICO/zephyr-course/app/modules/ring_buf
  root         /home/sufyan/Zephyr_IOMICO/zephyr-course/app/modules/ring_buf
  starting_dir /home/sufyan/Zephyr_IOMICO/zephyr-course
  obj_dir      None
  gcda_fname   ../../../twister-out/native_sim_native/host/homework.unit.ring_buf/zephyr/subsys/random/CMakeFiles/subsys__random.dir/random_timer.c.gcda
  --> fname    /home/sufyan/Zephyr_IOMICO/deps/zephyr/include/zephyr/spinlock.h
(DEBUG) Check if /home/sufyan/Zephyr_IOMICO/deps/zephyr/include/zephyr/spinlock.h is included (source file)...
(DEBUG) --> File is excluded.
(DEBUG) Check if /home/sufyan/Zephyr_IOMICO/zephyr-course/twister-out/native_sim_native/host/homework.unit.ring_buf/zephyr/subsys/testsuite/ztest/CMakeFiles/subsys__testsuite__ztest.dir/src/ztest.c.gcda is included (trace)...
(DEBUG)   No filter matched.
(DEBUG) --> File is excluded.
(DEBUG) Check if /home/sufyan/Zephyr_IOMICO/zephyr-course/twister-out/native_sim_native/host/homework.unit.ring_buf/zephyr/subsys/testsuite/ztest/CMakeFiles/subsys__testsuite__ztest.dir/src/ztest.c.gcda is included (trace)...
(DEBUG) --> File is excluded.
(DEBUG) Check if ztest.c##57da7da13942ec1332024f7d22874226.gcov is included (gcov file)...
(DEBUG)   Filter AlwaysMatchFilter() matched.
(DEBUG) --> File is included.
(DEBUG) Check if random.h##37be1130d8e8f6b26bf4d76955a333f5.gcov is included (gcov file)...
(DEBUG) --> File is included.
(DEBUG) Check if random.h##9b187d3d90c9169bbfcb5672e9dc4637.gcov is included (gcov file)...
(DEBUG)   Filter AlwaysMatchFilter() matched.
(DEBUG) --> File is included.
(DEBUG) Check if ztest_test.h##cdb29d377e08f19a47b4293184e9ed98.gcov is included (gcov file)...
(DEBUG)   Filter AlwaysMatchFilter() matched.
(DEBUG) --> File is included.
(DEBUG) Check if log_ctrl.h##57b6e6ed29bc9abbe1cfe0da87527331.gcov is included (gcov file)...
(DEBUG) --> File is included.
(DEBUG) Check if log_ctrl.h##c6db1d2dc30262415e433a84e7b4f017.gcov is included (gcov file)...
(DEBUG)   Filter AlwaysMatchFilter() matched.
(DEBUG) --> File is included.
(DEBUG) Check if tc_util.h##93c33c3d7545f22b74d4b5583d7f3665.gcov is included (gcov file)...
(DEBUG)   Filter AlwaysMatchFilter() matched.
(DEBUG) --> File is included.
(DEBUG) Check if kernel.h##613194e766979d51f14f46fda6f8f0e6.gcov is included (gcov file)...
(DEBUG) --> File is included.
(DEBUG) Check if kernel.h##0603b591ac855b4a2926257de0e213f1.gcov is included (gcov file)...
(DEBUG) --> File is included.
(DEBUG) Check if kobject.h##6fc576a4b03c2745b9236ffe5a2ae2ab.gcov is included (gcov file)...
(DEBUG)   Filter AlwaysMatchFilter() matched.
(DEBUG) --> File is included.
(DEBUG) Check if kobject.h##f407816aec966c41323fdc843153b6e9.gcov is included (gcov file)...
(DEBUG)   Filter AlwaysMatchFilter() matched.
(DEBUG) --> File is included.
(DEBUG) Check if arch.h##dc70e81a221e00a96b5b011e55795c6f.gcov is included (gcov file)...
(DEBUG) --> File is included.
(DEBUG) Check if /home/sufyan/Zephyr_IOMICO/zephyr-course/app/modules/ring_buf/kobject.h##f407816aec966c41323fdc843153b6e9.gcov is included (trace)...
(DEBUG)   No filter matched.
(DEBUG) --> File is excluded.
(DEBUG) Finding source file corresponding to a gcov data file
  gcov_fname   /home/sufyan/Zephyr_IOMICO/zephyr-course/app/modules/ring_buf/kobject.h##f407816aec966c41323fdc843153b6e9.gcov
  current_dir  /home/sufyan/Zephyr_IOMICO/zephyr-course/app/modules/ring_buf
  root         /home/sufyan/Zephyr_IOMICO/zephyr-course/app/modules/ring_buf
  starting_dir /home/sufyan/Zephyr_IOMICO/zephyr-course
  obj_dir      None
  gcda_fname   ../../../twister-out/native_sim_native/host/homework.unit.ring_buf/zephyr/subsys/testsuite/ztest/CMakeFiles/subsys__testsuite__ztest.dir/src/ztest.c.gcda
  --> fname    /home/sufyan/Zephyr_IOMICO/deps/zephyr/include/zephyr/sys/kobject.h
(DEBUG) Check if /home/sufyan/Zephyr_IOMICO/deps/zephyr/include/zephyr/sys/kobject.h is included (source file)...
(DEBUG)   No filter matched.
(DEBUG) --> File is excluded.
(DEBUG) Check if /home/sufyan/Zephyr_IOMICO/zephyr-course/app/modules/ring_buf/kobject.h##6fc576a4b03c2745b9236ffe5a2ae2ab.gcov is included (trace)...
(DEBUG)   No filter matched.
(DEBUG) --> File is excluded.
(DEBUG) Finding source file corresponding to a gcov data file
  gcov_fname   /home/sufyan/Zephyr_IOMICO/zephyr-course/app/modules/ring_buf/kobject.h##6fc576a4b03c2745b9236ffe5a2ae2ab.gcov
  current_dir  /home/sufyan/Zephyr_IOMICO/zephyr-course/app/modules/ring_buf
  root         /home/sufyan/Zephyr_IOMICO/zephyr-course/app/modules/ring_buf
  starting_dir /home/sufyan/Zephyr_IOMICO/zephyr-course
  obj_dir      None
  gcda_fname   ../../../twister-out/native_sim_native/host/homework.unit.ring_buf/zephyr/subsys/testsuite/ztest/CMakeFiles/subsys__testsuite__ztest.dir/src/ztest.c.gcda
  --> fname    /home/sufyan/Zephyr_IOMICO/zephyr-course/twister-out/native_sim_native/host/homework.unit.ring_buf/zephyr/include/generated/zephyr/syscalls/kobject.h
(DEBUG) Check if /home/sufyan/Zephyr_IOMICO/zephyr-course/twister-out/native_sim_native/host/homework.unit.ring_buf/zephyr/include/generated/zephyr/syscalls/kobject.h is included (source file)...
(DEBUG)   No filter matched.
(DEBUG) --> File is excluded.
(DEBUG) Check if /home/sufyan/Zephyr_IOMICO/zephyr-course/app/modules/ring_buf/ztest_test.h##cdb29d377e08f19a47b4293184e9ed98.gcov is included (trace)...
(DEBUG)   No filter matched.
(DEBUG) --> File is excluded.
(DEBUG) Finding source file corresponding to a gcov data file
  gcov_fname   /home/sufyan/Zephyr_IOMICO/zephyr-course/app/modules/ring_buf/ztest_test.h##cdb29d377e08f19a47b4293184e9ed98.gcov
  current_dir  /home/sufyan/Zephyr_IOMICO/zephyr-course/app/modules/ring_buf
  root         /home/sufyan/Zephyr_IOMICO/zephyr-course/app/modules/ring_buf
  starting_dir /home/sufyan/Zephyr_IOMICO/zephyr-course
  obj_dir      None
  gcda_fname   ../../../twister-out/native_sim_native/host/homework.unit.ring_buf/zephyr/subsys/testsuite/ztest/CMakeFiles/subsys__testsuite__ztest.dir/src/ztest.c.gcda
  --> fname    /home/sufyan/Zephyr_IOMICO/zephyr-course/twister-out/native_sim_native/host/homework.unit.ring_buf/zephyr/include/generated/zephyr/syscalls/ztest_test.h
(DEBUG) Check if /home/sufyan/Zephyr_IOMICO/zephyr-course/twister-out/native_sim_native/host/homework.unit.ring_buf/zephyr/include/generated/zephyr/syscalls/ztest_test.h is included (source file)...
(DEBUG)   No filter matched.
(DEBUG) --> File is excluded.
(DEBUG) Check if /home/sufyan/Zephyr_IOMICO/zephyr-course/app/modules/ring_buf/random.h##9b187d3d90c9169bbfcb5672e9dc4637.gcov is included (trace)...
(DEBUG)   No filter matched.
(DEBUG) --> File is excluded.
(DEBUG) Finding source file corresponding to a gcov data file
  gcov_fname   /home/sufyan/Zephyr_IOMICO/zephyr-course/app/modules/ring_buf/random.h##9b187d3d90c9169bbfcb5672e9dc4637.gcov
  current_dir  /home/sufyan/Zephyr_IOMICO/zephyr-course/app/modules/ring_buf
  root         /home/sufyan/Zephyr_IOMICO/zephyr-course/app/modules/ring_buf
  starting_dir /home/sufyan/Zephyr_IOMICO/zephyr-course
  obj_dir      None
  gcda_fname   ../../../twister-out/native_sim_native/host/homework.unit.ring_buf/zephyr/subsys/testsuite/ztest/CMakeFiles/subsys__testsuite__ztest.dir/src/ztest.c.gcda
  --> fname    /home/sufyan/Zephyr_IOMICO/deps/zephyr/include/zephyr/random/random.h
(DEBUG) Check if /home/sufyan/Zephyr_IOMICO/deps/zephyr/include/zephyr/random/random.h is included (source file)...
(DEBUG)   No filter matched.
(DEBUG) --> File is excluded.
(DEBUG) Check if /home/sufyan/Zephyr_IOMICO/zephyr-course/app/modules/ring_buf/random.h##37be1130d8e8f6b26bf4d76955a333f5.gcov is included (trace)...
(DEBUG) --> File is excluded.
(DEBUG) Finding source file corresponding to a gcov data file
  gcov_fname   /home/sufyan/Zephyr_IOMICO/zephyr-course/app/modules/ring_buf/random.h##37be1130d8e8f6b26bf4d76955a333f5.gcov
  current_dir  /home/sufyan/Zephyr_IOMICO/zephyr-course/app/modules/ring_buf
  root         /home/sufyan/Zephyr_IOMICO/zephyr-course/app/modules/ring_buf
  starting_dir /home/sufyan/Zephyr_IOMICO/zephyr-course
  obj_dir      None
  gcda_fname   ../../../twister-out/native_sim_native/host/homework.unit.ring_buf/zephyr/subsys/testsuite/ztest/CMakeFiles/subsys__testsuite__ztest.dir/src/ztest.c.gcda
  --> fname    /home/sufyan/Zephyr_IOMICO/zephyr-course/twister-out/native_sim_native/host/homework.unit.ring_buf/zephyr/include/generated/zephyr/syscalls/random.h
(DEBUG) Check if /home/sufyan/Zephyr_IOMICO/zephyr-course/twister-out/native_sim_native/host/homework.unit.ring_buf/zephyr/include/generated/zephyr/syscalls/random.h is included (source file)...
(DEBUG) --> File is excluded.
(DEBUG) Check if /home/sufyan/Zephyr_IOMICO/zephyr-course/app/modules/ring_buf/kernel.h##0603b591ac855b4a2926257de0e213f1.gcov is included (trace)...
(DEBUG) --> File is excluded.
(DEBUG) Finding source file corresponding to a gcov data file
  gcov_fname   /home/sufyan/Zephyr_IOMICO/zephyr-course/app/modules/ring_buf/kernel.h##0603b591ac855b4a2926257de0e213f1.gcov
  current_dir  /home/sufyan/Zephyr_IOMICO/zephyr-course/app/modules/ring_buf
  root         /home/sufyan/Zephyr_IOMICO/zephyr-course/app/modules/ring_buf
  starting_dir /home/sufyan/Zephyr_IOMICO/zephyr-course
  obj_dir      None
  gcda_fname   ../../../twister-out/native_sim_native/host/homework.unit.ring_buf/zephyr/subsys/testsuite/ztest/CMakeFiles/subsys__testsuite__ztest.dir/src/ztest.c.gcda
  --> fname    /home/sufyan/Zephyr_IOMICO/deps/zephyr/include/zephyr/kernel.h
(DEBUG) Check if /home/sufyan/Zephyr_IOMICO/deps/zephyr/include/zephyr/kernel.h is included (source file)...
(DEBUG) --> File is excluded.
(DEBUG) Check if /home/sufyan/Zephyr_IOMICO/zephyr-course/app/modules/ring_buf/arch.h##dc70e81a221e00a96b5b011e55795c6f.gcov is included (trace)...
(DEBUG) --> File is excluded.
(DEBUG) Finding source file corresponding to a gcov data file
  gcov_fname   /home/sufyan/Zephyr_IOMICO/zephyr-course/app/modules/ring_buf/arch.h##dc70e81a221e00a96b5b011e55795c6f.gcov
  current_dir  /home/sufyan/Zephyr_IOMICO/zephyr-course/app/modules/ring_buf
  root         /home/sufyan/Zephyr_IOMICO/zephyr-course/app/modules/ring_buf
  starting_dir /home/sufyan/Zephyr_IOMICO/zephyr-course
  obj_dir      None
  gcda_fname   ../../../twister-out/native_sim_native/host/homework.unit.ring_buf/zephyr/subsys/testsuite/ztest/CMakeFiles/subsys__testsuite__ztest.dir/src/ztest.c.gcda
  --> fname    /home/sufyan/Zephyr_IOMICO/deps/zephyr/include/zephyr/arch/posix/arch.h
(DEBUG) Check if /home/sufyan/Zephyr_IOMICO/deps/zephyr/include/zephyr/arch/posix/arch.h is included (source file)...
(DEBUG) --> File is excluded.
(DEBUG) Check if /home/sufyan/Zephyr_IOMICO/zephyr-course/app/modules/ring_buf/log_ctrl.h##c6db1d2dc30262415e433a84e7b4f017.gcov is included (trace)...
(DEBUG)   No filter matched.
(DEBUG) --> File is excluded.
(DEBUG) Finding source file corresponding to a gcov data file
  gcov_fname   /home/sufyan/Zephyr_IOMICO/zephyr-course/app/modules/ring_buf/log_ctrl.h##c6db1d2dc30262415e433a84e7b4f017.gcov
  current_dir  /home/sufyan/Zephyr_IOMICO/zephyr-course/app/modules/ring_buf
  root         /home/sufyan/Zephyr_IOMICO/zephyr-course/app/modules/ring_buf
  starting_dir /home/sufyan/Zephyr_IOMICO/zephyr-course
  obj_dir      None
  gcda_fname   ../../../twister-out/native_sim_native/host/homework.unit.ring_buf/zephyr/subsys/testsuite/ztest/CMakeFiles/subsys__testsuite__ztest.dir/src/ztest.c.gcda
  --> fname    /home/sufyan/Zephyr_IOMICO/deps/zephyr/include/zephyr/logging/log_ctrl.h
(DEBUG) Check if /home/sufyan/Zephyr_IOMICO/deps/zephyr/include/zephyr/logging/log_ctrl.h is included (source file)...
(DEBUG)   No filter matched.
(DEBUG) --> File is excluded.
(DEBUG) Check if /home/sufyan/Zephyr_IOMICO/zephyr-course/app/modules/ring_buf/kernel.h##613194e766979d51f14f46fda6f8f0e6.gcov is included (trace)...
(DEBUG) --> File is excluded.
(DEBUG) Finding source file corresponding to a gcov data file
  gcov_fname   /home/sufyan/Zephyr_IOMICO/zephyr-course/app/modules/ring_buf/kernel.h##613194e766979d51f14f46fda6f8f0e6.gcov
  current_dir  /home/sufyan/Zephyr_IOMICO/zephyr-course/app/modules/ring_buf
  root         /home/sufyan/Zephyr_IOMICO/zephyr-course/app/modules/ring_buf
  starting_dir /home/sufyan/Zephyr_IOMICO/zephyr-course
  obj_dir      None
  gcda_fname   ../../../twister-out/native_sim_native/host/homework.unit.ring_buf/zephyr/subsys/testsuite/ztest/CMakeFiles/subsys__testsuite__ztest.dir/src/ztest.c.gcda
  --> fname    /home/sufyan/Zephyr_IOMICO/zephyr-course/twister-out/native_sim_native/host/homework.unit.ring_buf/zephyr/include/generated/zephyr/syscalls/kernel.h
(DEBUG) Check if /home/sufyan/Zephyr_IOMICO/zephyr-course/twister-out/native_sim_native/host/homework.unit.ring_buf/zephyr/include/generated/zephyr/syscalls/kernel.h is included (source file)...
(DEBUG) --> File is excluded.
(DEBUG) Check if /home/sufyan/Zephyr_IOMICO/zephyr-course/app/modules/ring_buf/log_ctrl.h##57b6e6ed29bc9abbe1cfe0da87527331.gcov is included (trace)...
(DEBUG) --> File is excluded.
(DEBUG) Finding source file corresponding to a gcov data file
  gcov_fname   /home/sufyan/Zephyr_IOMICO/zephyr-course/app/modules/ring_buf/log_ctrl.h##57b6e6ed29bc9abbe1cfe0da87527331.gcov
  current_dir  /home/sufyan/Zephyr_IOMICO/zephyr-course/app/modules/ring_buf
  root         /home/sufyan/Zephyr_IOMICO/zephyr-course/app/modules/ring_buf
  starting_dir /home/sufyan/Zephyr_IOMICO/zephyr-course
  obj_dir      None
  gcda_fname   ../../../twister-out/native_sim_native/host/homework.unit.ring_buf/zephyr/subsys/testsuite/ztest/CMakeFiles/subsys__testsuite__ztest.dir/src/ztest.c.gcda
  --> fname    /home/sufyan/Zephyr_IOMICO/zephyr-course/twister-out/native_sim_native/host/homework.unit.ring_buf/zephyr/include/generated/zephyr/syscalls/log_ctrl.h
(DEBUG) Check if /home/sufyan/Zephyr_IOMICO/zephyr-course/twister-out/native_sim_native/host/homework.unit.ring_buf/zephyr/include/generated/zephyr/syscalls/log_ctrl.h is included (source file)...
(DEBUG) --> File is excluded.
(DEBUG) Check if /home/sufyan/Zephyr_IOMICO/zephyr-course/app/modules/ring_buf/tc_util.h##93c33c3d7545f22b74d4b5583d7f3665.gcov is included (trace)...
(DEBUG)   No filter matched.
(DEBUG) --> File is excluded.
(DEBUG) Finding source file corresponding to a gcov data file
  gcov_fname   /home/sufyan/Zephyr_IOMICO/zephyr-course/app/modules/ring_buf/tc_util.h##93c33c3d7545f22b74d4b5583d7f3665.gcov
  current_dir  /home/sufyan/Zephyr_IOMICO/zephyr-course/app/modules/ring_buf
  root         /home/sufyan/Zephyr_IOMICO/zephyr-course/app/modules/ring_buf
  starting_dir /home/sufyan/Zephyr_IOMICO/zephyr-course
  obj_dir      None
  gcda_fname   ../../../twister-out/native_sim_native/host/homework.unit.ring_buf/zephyr/subsys/testsuite/ztest/CMakeFiles/subsys__testsuite__ztest.dir/src/ztest.c.gcda
  --> fname    /home/sufyan/Zephyr_IOMICO/deps/zephyr/subsys/testsuite/include/zephyr/tc_util.h
(DEBUG) Check if /home/sufyan/Zephyr_IOMICO/deps/zephyr/subsys/testsuite/include/zephyr/tc_util.h is included (source file)...
(DEBUG)   No filter matched.
(DEBUG) --> File is excluded.
(DEBUG) Check if /home/sufyan/Zephyr_IOMICO/zephyr-course/app/modules/ring_buf/ztest.c##57da7da13942ec1332024f7d22874226.gcov is included (trace)...
(DEBUG)   No filter matched.
(DEBUG) --> File is excluded.
(DEBUG) Finding source file corresponding to a gcov data file
  gcov_fname   /home/sufyan/Zephyr_IOMICO/zephyr-course/app/modules/ring_buf/ztest.c##57da7da13942ec1332024f7d22874226.gcov
  current_dir  /home/sufyan/Zephyr_IOMICO/zephyr-course/app/modules/ring_buf
  root         /home/sufyan/Zephyr_IOMICO/zephyr-course/app/modules/ring_buf
  starting_dir /home/sufyan/Zephyr_IOMICO/zephyr-course
  obj_dir      None
  gcda_fname   ../../../twister-out/native_sim_native/host/homework.unit.ring_buf/zephyr/subsys/testsuite/ztest/CMakeFiles/subsys__testsuite__ztest.dir/src/ztest.c.gcda
  --> fname    /home/sufyan/Zephyr_IOMICO/deps/zephyr/subsys/testsuite/ztest/src/ztest.c
(DEBUG) Check if /home/sufyan/Zephyr_IOMICO/deps/zephyr/subsys/testsuite/ztest/src/ztest.c is included (source file)...
(DEBUG)   No filter matched.
(DEBUG) --> File is excluded.
(DEBUG) Check if /home/sufyan/Zephyr_IOMICO/zephyr-course/twister-out/native_sim_native/host/homework.unit.ring_buf/zephyr/subsys/testsuite/ztest/CMakeFiles/subsys__testsuite__ztest.dir/src/ztest_error_hook.c.gcno is included (trace)...
(DEBUG)   No filter matched.
(DEBUG) --> File is excluded.
(DEBUG) Check if /home/sufyan/Zephyr_IOMICO/zephyr-course/twister-out/native_sim_native/host/homework.unit.ring_buf/zephyr/subsys/testsuite/ztest/CMakeFiles/subsys__testsuite__ztest.dir/src/ztest_error_hook.c.gcno is included (trace)...
(DEBUG) --> File is excluded.
(DEBUG) Check if /home/sufyan/Zephyr_IOMICO/zephyr-course/twister-out/native_sim_native/host/homework.unit.ring_buf/zephyr/subsys/testsuite/ztest/CMakeFiles/subsys__testsuite__ztest.dir/src/ztest_posix.c.gcda is included (trace)...
(DEBUG)   No filter matched.
(DEBUG) --> File is excluded.
(DEBUG) Check if /home/sufyan/Zephyr_IOMICO/zephyr-course/twister-out/native_sim_native/host/homework.unit.ring_buf/zephyr/subsys/testsuite/ztest/CMakeFiles/subsys__testsuite__ztest.dir/src/ztest_posix.c.gcda is included (trace)...
(DEBUG) --> File is excluded.
(DEBUG) Check if ztest_posix.c##0a6dd653a6295ff81170c9fb90710954.gcov is included (gcov file)...
(DEBUG)   Filter AlwaysMatchFilter() matched.
(DEBUG) --> File is included.
(DEBUG) Check if ztest_test.h##cdb29d377e08f19a47b4293184e9ed98.gcov is included (gcov file)...
(DEBUG) --> File is included.
(DEBUG) Check if /home/sufyan/Zephyr_IOMICO/zephyr-course/app/modules/ring_buf/ztest_test.h##cdb29d377e08f19a47b4293184e9ed98.gcov is included (trace)...
(DEBUG) --> File is excluded.
(DEBUG) Finding source file corresponding to a gcov data file
  gcov_fname   /home/sufyan/Zephyr_IOMICO/zephyr-course/app/modules/ring_buf/ztest_test.h##cdb29d377e08f19a47b4293184e9ed98.gcov
  current_dir  /home/sufyan/Zephyr_IOMICO/zephyr-course/app/modules/ring_buf
  root         /home/sufyan/Zephyr_IOMICO/zephyr-course/app/modules/ring_buf
  starting_dir /home/sufyan/Zephyr_IOMICO/zephyr-course
  obj_dir      None
  gcda_fname   ../../../twister-out/native_sim_native/host/homework.unit.ring_buf/zephyr/subsys/testsuite/ztest/CMakeFiles/subsys__testsuite__ztest.dir/src/ztest_posix.c.gcda
  --> fname    /home/sufyan/Zephyr_IOMICO/zephyr-course/twister-out/native_sim_native/host/homework.unit.ring_buf/zephyr/include/generated/zephyr/syscalls/ztest_test.h
(DEBUG) Check if /home/sufyan/Zephyr_IOMICO/zephyr-course/twister-out/native_sim_native/host/homework.unit.ring_buf/zephyr/include/generated/zephyr/syscalls/ztest_test.h is included (source file)...
(DEBUG) --> File is excluded.
(DEBUG) Check if /home/sufyan/Zephyr_IOMICO/zephyr-course/app/modules/ring_buf/ztest_posix.c##0a6dd653a6295ff81170c9fb90710954.gcov is included (trace)...
(DEBUG)   No filter matched.
(DEBUG) --> File is excluded.
(DEBUG) Finding source file corresponding to a gcov data file
  gcov_fname   /home/sufyan/Zephyr_IOMICO/zephyr-course/app/modules/ring_buf/ztest_posix.c##0a6dd653a6295ff81170c9fb90710954.gcov
  current_dir  /home/sufyan/Zephyr_IOMICO/zephyr-course/app/modules/ring_buf
  root         /home/sufyan/Zephyr_IOMICO/zephyr-course/app/modules/ring_buf
  starting_dir /home/sufyan/Zephyr_IOMICO/zephyr-course
  obj_dir      None
  gcda_fname   ../../../twister-out/native_sim_native/host/homework.unit.ring_buf/zephyr/subsys/testsuite/ztest/CMakeFiles/subsys__testsuite__ztest.dir/src/ztest_posix.c.gcda
  --> fname    /home/sufyan/Zephyr_IOMICO/deps/zephyr/subsys/testsuite/ztest/src/ztest_posix.c
(DEBUG) Check if /home/sufyan/Zephyr_IOMICO/deps/zephyr/subsys/testsuite/ztest/src/ztest_posix.c is included (source file)...
(DEBUG)   No filter matched.
(DEBUG) --> File is excluded.
(DEBUG) Check if /home/sufyan/Zephyr_IOMICO/zephyr-course/twister-out/native_sim_native/host/homework.unit.ring_buf/zephyr/subsys/testsuite/ztest/CMakeFiles/subsys__testsuite__ztest.dir/src/ztest_rules.c.gcno is included (trace)...
(DEBUG)   No filter matched.
(DEBUG) --> File is excluded.
(DEBUG) Check if /home/sufyan/Zephyr_IOMICO/zephyr-course/twister-out/native_sim_native/host/homework.unit.ring_buf/zephyr/subsys/testsuite/ztest/CMakeFiles/subsys__testsuite__ztest.dir/src/ztest_rules.c.gcno is included (trace)...
(DEBUG) --> File is excluded.
(INFO) Writing coverage report...
Running: gcovr -r /home/sufyan/Zephyr_IOMICO/zephyr-course/app/modules/ring_buf -v --merge-mode-functions=separate --gcov-executable gcov -f tests/ztest -e tests/ztest/test/* --json -o /home/sufyan/Zephyr_IOMICO/zephyr-course/twister-out/ztest.json /home/sufyan/Zephyr_IOMICO/zephyr-course/twister-out
(DEBUG) gcovr version 8.6
(DEBUG) File system is case sensitive.
(DEBUG) Filters for --filter: (1)
(DEBUG)  - RelativeFilter(tests/ztest root=/home/sufyan/Zephyr_IOMICO/zephyr-course)
(DEBUG) Filters for --exclude: (1)
(DEBUG)  - RelativeFilter(tests/ztest/test/* root=/home/sufyan/Zephyr_IOMICO/zephyr-course)
(DEBUG) Filters for --include: (0)
(DEBUG) Filters for --gcov-filter: (1)
(DEBUG)  - AlwaysMatchFilter()
(DEBUG) Filters for --gcov-exclude: (0)
(DEBUG) Filters for --exclude-directory: (0)
(DEBUG) Filters for --trace-include: (0)
(DEBUG) Filters for --trace-exclude: (0)
(DEBUG) Patterns for --exclude-function: (0)
(DEBUG) Patterns for --exclude-lines-by-pattern: (0)
(DEBUG) Patterns for --exclude-branches-by-pattern: (0)
(INFO) Reading coverage data...
(DEBUG) Scanning directory twister-out for gcda/gcno files...
(DEBUG) Found 176 files (and will process 99)
(DEBUG) Using 1 workers.
(DEBUG) Pool started with 1 threads
(DEBUG) Check if /home/sufyan/Zephyr_IOMICO/zephyr-course/twister-out/native_sim_native/host/homework.unit.ring_buf/CMakeFiles/app.dir/home/sufyan/Zephyr_IOMICO/zephyr-course/app/modules/ring_buf/src/ring_buf.c.gcda is included (trace)...
(DEBUG)   No filter matched.
(DEBUG) --> File is excluded.
(DEBUG) GCOV capabilities: Unsupported JSON format detected.
(DEBUG) GCOV capabilities: Demangled names available.
(DEBUG) GCOV capabilities: Hashing of filenames available.
(DEBUG) Check if /home/sufyan/Zephyr_IOMICO/zephyr-course/twister-out/native_sim_native/host/homework.unit.ring_buf/CMakeFiles/app.dir/home/sufyan/Zephyr_IOMICO/zephyr-course/app/modules/ring_buf/src/ring_buf.c.gcda is included (trace)...
(DEBUG) --> File is excluded.
(DEBUG) Check if ring_buf.c##eca2924896e45375c5a2c94f08fc2d8b.gcov is included (gcov file)...
(DEBUG)   Filter AlwaysMatchFilter() matched.
(DEBUG) --> File is included.
(DEBUG) Check if log_msg.h##c3d7a43353dd151ee47d3c13d66651b3.gcov is included (gcov file)...
(DEBUG)   Filter AlwaysMatchFilter() matched.
(DEBUG) --> File is included.
(DEBUG) Check if /home/sufyan/Zephyr_IOMICO/zephyr-course/app/modules/ring_buf/log_msg.h##c3d7a43353dd151ee47d3c13d66651b3.gcov is included (trace)...
(DEBUG)   No filter matched.
(DEBUG) --> File is excluded.
(DEBUG) Finding source file corresponding to a gcov data file
  gcov_fname   /home/sufyan/Zephyr_IOMICO/zephyr-course/app/modules/ring_buf/log_msg.h##c3d7a43353dd151ee47d3c13d66651b3.gcov
  current_dir  /home/sufyan/Zephyr_IOMICO/zephyr-course/app/modules/ring_buf
  root         /home/sufyan/Zephyr_IOMICO/zephyr-course/app/modules/ring_buf
  starting_dir /home/sufyan/Zephyr_IOMICO/zephyr-course
  obj_dir      None
  gcda_fname   ../../../twister-out/native_sim_native/host/homework.unit.ring_buf/CMakeFiles/app.dir/home/sufyan/Zephyr_IOMICO/zephyr-course/app/modules/ring_buf/src/ring_buf.c.gcda
  --> fname    /home/sufyan/Zephyr_IOMICO/deps/zephyr/include/zephyr/logging/log_msg.h
(DEBUG) Check if /home/sufyan/Zephyr_IOMICO/deps/zephyr/include/zephyr/logging/log_msg.h is included (source file)...
(DEBUG)   No filter matched.
(DEBUG) --> File is excluded.
(DEBUG) Check if /home/sufyan/Zephyr_IOMICO/zephyr-course/app/modules/ring_buf/ring_buf.c##eca2924896e45375c5a2c94f08fc2d8b.gcov is included (trace)...
(DEBUG)   No filter matched.
(DEBUG) --> File is excluded.
(DEBUG) Finding source file corresponding to a gcov data file
  gcov_fname   /home/sufyan/Zephyr_IOMICO/zephyr-course/app/modules/ring_buf/ring_buf.c##eca2924896e45375c5a2c94f08fc2d8b.gcov
  current_dir  /home/sufyan/Zephyr_IOMICO/zephyr-course/app/modules/ring_buf
  root         /home/sufyan/Zephyr_IOMICO/zephyr-course/app/modules/ring_buf
  starting_dir /home/sufyan/Zephyr_IOMICO/zephyr-course
  obj_dir      None
  gcda_fname   ../../../twister-out/native_sim_native/host/homework.unit.ring_buf/CMakeFiles/app.dir/home/sufyan/Zephyr_IOMICO/zephyr-course/app/modules/ring_buf/src/ring_buf.c.gcda
  --> fname    /home/sufyan/Zephyr_IOMICO/zephyr-course/app/modules/ring_buf/src/ring_buf.c
(DEBUG) Check if /home/sufyan/Zephyr_IOMICO/zephyr-course/app/modules/ring_buf/src/ring_buf.c is included (source file)...
(DEBUG)   No filter matched.
(DEBUG) --> File is excluded.
(DEBUG) Check if /home/sufyan/Zephyr_IOMICO/zephyr-course/twister-out/native_sim_native/host/homework.unit.ring_buf/CMakeFiles/app.dir/src/test_ring_buf.c.gcda is included (trace)...
(DEBUG)   No filter matched.
(DEBUG) --> File is excluded.
(DEBUG) Check if /home/sufyan/Zephyr_IOMICO/zephyr-course/twister-out/native_sim_native/host/homework.unit.ring_buf/CMakeFiles/app.dir/src/test_ring_buf.c.gcda is included (trace)...
(DEBUG) --> File is excluded.
(DEBUG) Check if test_ring_buf.c##55720e33241e595a2da8e37467bc8e59.gcov is included (gcov file)...
(DEBUG)   Filter AlwaysMatchFilter() matched.
(DEBUG) --> File is included.
(DEBUG) Check if ztest_assert.h##cd32e0e6654b0ff6f0bea1498bc4cdc2.gcov is included (gcov file)...
(DEBUG)   Filter AlwaysMatchFilter() matched.
(DEBUG) --> File is included.
(DEBUG) Check if /home/sufyan/Zephyr_IOMICO/zephyr-course/app/modules/ring_buf/test_ring_buf.c##55720e33241e595a2da8e37467bc8e59.gcov is included (trace)...
(DEBUG)   No filter matched.
(DEBUG) --> File is excluded.
(DEBUG) Finding source file corresponding to a gcov data file
  gcov_fname   /home/sufyan/Zephyr_IOMICO/zephyr-course/app/modules/ring_buf/test_ring_buf.c##55720e33241e595a2da8e37467bc8e59.gcov
  current_dir  /home/sufyan/Zephyr_IOMICO/zephyr-course/app/modules/ring_buf
  root         /home/sufyan/Zephyr_IOMICO/zephyr-course/app/modules/ring_buf
  starting_dir /home/sufyan/Zephyr_IOMICO/zephyr-course
  obj_dir      None
  gcda_fname   ../../../twister-out/native_sim_native/host/homework.unit.ring_buf/CMakeFiles/app.dir/src/test_ring_buf.c.gcda
  --> fname    /home/sufyan/Zephyr_IOMICO/zephyr-course/tests/ring_buf/src/test_ring_buf.c
(DEBUG) Check if /home/sufyan/Zephyr_IOMICO/zephyr-course/tests/ring_buf/src/test_ring_buf.c is included (source file)...
(DEBUG)   No filter matched.
(DEBUG) --> File is excluded.
(DEBUG) Check if /home/sufyan/Zephyr_IOMICO/zephyr-course/app/modules/ring_buf/ztest_assert.h##cd32e0e6654b0ff6f0bea1498bc4cdc2.gcov is included (trace)...
(DEBUG)   No filter matched.
(DEBUG) --> File is excluded.
(DEBUG) Finding source file corresponding to a gcov data file
  gcov_fname   /home/sufyan/Zephyr_IOMICO/zephyr-course/app/modules/ring_buf/ztest_assert.h##cd32e0e6654b0ff6f0bea1498bc4cdc2.gcov
  current_dir  /home/sufyan/Zephyr_IOMICO/zephyr-course/app/modules/ring_buf
  root         /home/sufyan/Zephyr_IOMICO/zephyr-course/app/modules/ring_buf
  starting_dir /home/sufyan/Zephyr_IOMICO/zephyr-course
  obj_dir      None
  gcda_fname   ../../../twister-out/native_sim_native/host/homework.unit.ring_buf/CMakeFiles/app.dir/src/test_ring_buf.c.gcda
  --> fname    /home/sufyan/Zephyr_IOMICO/deps/zephyr/subsys/testsuite/ztest/include/zephyr/ztest_assert.h
(DEBUG) Check if /home/sufyan/Zephyr_IOMICO/deps/zephyr/subsys/testsuite/ztest/include/zephyr/ztest_assert.h is included (source file)...
(DEBUG)   No filter matched.
(DEBUG) --> File is excluded.
(DEBUG) Check if /home/sufyan/Zephyr_IOMICO/zephyr-course/twister-out/native_sim_native/host/homework.unit.ring_buf/zephyr/CMakeFiles/offsets.dir/arch/posix/core/offsets/offsets.c.gcda is included (trace)...
(DEBUG)   No filter matched.
(DEBUG) --> File is excluded.
(DEBUG) Check if /home/sufyan/Zephyr_IOMICO/zephyr-course/twister-out/native_sim_native/host/homework.unit.ring_buf/zephyr/CMakeFiles/offsets.dir/arch/posix/core/offsets/offsets.c.gcda is included (trace)...
(DEBUG) --> File is excluded.
(DEBUG) Check if kernel_offsets.h##1c80751b864b14167963417009ae94dd.gcov is included (gcov file)...
(DEBUG)   Filter AlwaysMatchFilter() matched.
(DEBUG) --> File is included.
(DEBUG) Check if offsets.c##3ff8e9fd1fc8b5155eb46fdc3e493727.gcov is included (gcov file)...
(DEBUG)   Filter AlwaysMatchFilter() matched.
(DEBUG) --> File is included.
(DEBUG) Check if /home/sufyan/Zephyr_IOMICO/zephyr-course/app/modules/ring_buf/kernel_offsets.h##1c80751b864b14167963417009ae94dd.gcov is included (trace)...
(DEBUG)   No filter matched.
(DEBUG) --> File is excluded.
(DEBUG) Finding source file corresponding to a gcov data file
  gcov_fname   /home/sufyan/Zephyr_IOMICO/zephyr-course/app/modules/ring_buf/kernel_offsets.h##1c80751b864b14167963417009ae94dd.gcov
  current_dir  /home/sufyan/Zephyr_IOMICO/zephyr-course/app/modules/ring_buf
  root         /home/sufyan/Zephyr_IOMICO/zephyr-course/app/modules/ring_buf
  starting_dir /home/sufyan/Zephyr_IOMICO/zephyr-course
  obj_dir      None
  gcda_fname   ../../../twister-out/native_sim_native/host/homework.unit.ring_buf/zephyr/CMakeFiles/offsets.dir/arch/posix/core/offsets/offsets.c.gcda
  --> fname    /home/sufyan/Zephyr_IOMICO/deps/zephyr/kernel/include/kernel_offsets.h
(DEBUG) Check if /home/sufyan/Zephyr_IOMICO/deps/zephyr/kernel/include/kernel_offsets.h is included (source file)...
(DEBUG)   No filter matched.
(DEBUG) --> File is excluded.
(DEBUG) Check if /home/sufyan/Zephyr_IOMICO/zephyr-course/app/modules/ring_buf/offsets.c##3ff8e9fd1fc8b5155eb46fdc3e493727.gcov is included (trace)...
(DEBUG)   No filter matched.
(DEBUG) --> File is excluded.
(DEBUG) Finding source file corresponding to a gcov data file
  gcov_fname   /home/sufyan/Zephyr_IOMICO/zephyr-course/app/modules/ring_buf/offsets.c##3ff8e9fd1fc8b5155eb46fdc3e493727.gcov
  current_dir  /home/sufyan/Zephyr_IOMICO/zephyr-course/app/modules/ring_buf
  root         /home/sufyan/Zephyr_IOMICO/zephyr-course/app/modules/ring_buf
  starting_dir /home/sufyan/Zephyr_IOMICO/zephyr-course
  obj_dir      None
  gcda_fname   ../../../twister-out/native_sim_native/host/homework.unit.ring_buf/zephyr/CMakeFiles/offsets.dir/arch/posix/core/offsets/offsets.c.gcda
  --> fname    /home/sufyan/Zephyr_IOMICO/deps/zephyr/arch/posix/core/offsets/offsets.c
(DEBUG) Check if /home/sufyan/Zephyr_IOMICO/deps/zephyr/arch/posix/core/offsets/offsets.c is included (source file)...
(DEBUG)   No filter matched.
(DEBUG) --> File is excluded.
(DEBUG) Check if /home/sufyan/Zephyr_IOMICO/zephyr-course/twister-out/native_sim_native/host/homework.unit.ring_buf/zephyr/CMakeFiles/zephyr.dir/lib/heap/heap.c.gcda is included (trace)...
(DEBUG)   No filter matched.
(DEBUG) --> File is excluded.
(DEBUG) Check if /home/sufyan/Zephyr_IOMICO/zephyr-course/twister-out/native_sim_native/host/homework.unit.ring_buf/zephyr/CMakeFiles/zephyr.dir/lib/heap/heap.c.gcda is included (trace)...
(DEBUG) --> File is excluded.
(DEBUG) Check if heap.c##d2527b3ada604acdfacfb252b722b67b.gcov is included (gcov file)...
(DEBUG)   Filter AlwaysMatchFilter() matched.
(DEBUG) --> File is included.
(DEBUG) Check if heap.h##c57f97c3644a2f88839f912ec50cb2c5.gcov is included (gcov file)...
(DEBUG)   Filter AlwaysMatchFilter() matched.
(DEBUG) --> File is included.
(DEBUG) Check if /home/sufyan/Zephyr_IOMICO/zephyr-course/app/modules/ring_buf/heap.c##d2527b3ada604acdfacfb252b722b67b.gcov is included (trace)...
(DEBUG)   No filter matched.
(DEBUG) --> File is excluded.
(DEBUG) Finding source file corresponding to a gcov data file
  gcov_fname   /home/sufyan/Zephyr_IOMICO/zephyr-course/app/modules/ring_buf/heap.c##d2527b3ada604acdfacfb252b722b67b.gcov
  current_dir  /home/sufyan/Zephyr_IOMICO/zephyr-course/app/modules/ring_buf
  root         /home/sufyan/Zephyr_IOMICO/zephyr-course/app/modules/ring_buf
  starting_dir /home/sufyan/Zephyr_IOMICO/zephyr-course
  obj_dir      None
  gcda_fname   ../../../twister-out/native_sim_native/host/homework.unit.ring_buf/zephyr/CMakeFiles/zephyr.dir/lib/heap/heap.c.gcda
  --> fname    /home/sufyan/Zephyr_IOMICO/deps/zephyr/lib/heap/heap.c
(DEBUG) Check if /home/sufyan/Zephyr_IOMICO/deps/zephyr/lib/heap/heap.c is included (source file)...
(DEBUG)   No filter matched.
(DEBUG) --> File is excluded.
(DEBUG) Check if /home/sufyan/Zephyr_IOMICO/zephyr-course/app/modules/ring_buf/heap.h##c57f97c3644a2f88839f912ec50cb2c5.gcov is included (trace)...
(DEBUG)   No filter matched.
(DEBUG) --> File is excluded.
(DEBUG) Finding source file corresponding to a gcov data file
  gcov_fname   /home/sufyan/Zephyr_IOMICO/zephyr-course/app/modules/ring_buf/heap.h##c57f97c3644a2f88839f912ec50cb2c5.gcov
  current_dir  /home/sufyan/Zephyr_IOMICO/zephyr-course/app/modules/ring_buf
  root         /home/sufyan/Zephyr_IOMICO/zephyr-course/app/modules/ring_buf
  starting_dir /home/sufyan/Zephyr_IOMICO/zephyr-course
  obj_dir      None
  gcda_fname   ../../../twister-out/native_sim_native/host/homework.unit.ring_buf/zephyr/CMakeFiles/zephyr.dir/lib/heap/heap.c.gcda
  --> fname    /home/sufyan/Zephyr_IOMICO/deps/zephyr/lib/heap/heap.h
(DEBUG) Check if /home/sufyan/Zephyr_IOMICO/deps/zephyr/lib/heap/heap.h is included (source file)...
(DEBUG)   No filter matched.
(DEBUG) --> File is excluded.
(DEBUG) Check if /home/sufyan/Zephyr_IOMICO/zephyr-course/twister-out/native_sim_native/host/homework.unit.ring_buf/zephyr/CMakeFiles/zephyr.dir/lib/os/assert.c.gcda is included (trace)...
(DEBUG)   No filter matched.
(DEBUG) --> File is excluded.
(DEBUG) Check if /home/sufyan/Zephyr_IOMICO/zephyr-course/twister-out/native_sim_native/host/homework.unit.ring_buf/zephyr/CMakeFiles/zephyr.dir/lib/os/assert.c.gcda is included (trace)...
(DEBUG) --> File is excluded.
(DEBUG) Check if assert.c##f3d0665c904500fafb317fbbdb0ede2b.gcov is included (gcov file)...
(DEBUG)   Filter AlwaysMatchFilter() matched.
(DEBUG) --> File is included.
(DEBUG) Check if /home/sufyan/Zephyr_IOMICO/zephyr-course/app/modules/ring_buf/assert.c##f3d0665c904500fafb317fbbdb0ede2b.gcov is included (trace)...
(DEBUG)   No filter matched.
(DEBUG) --> File is excluded.
(DEBUG) Finding source file corresponding to a gcov data file
  gcov_fname   /home/sufyan/Zephyr_IOMICO/zephyr-course/app/modules/ring_buf/assert.c##f3d0665c904500fafb317fbbdb0ede2b.gcov
  current_dir  /home/sufyan/Zephyr_IOMICO/zephyr-course/app/modules/ring_buf
  root         /home/sufyan/Zephyr_IOMICO/zephyr-course/app/modules/ring_buf
  starting_dir /home/sufyan/Zephyr_IOMICO/zephyr-course
  obj_dir      None
  gcda_fname   ../../../twister-out/native_sim_native/host/homework.unit.ring_buf/zephyr/CMakeFiles/zephyr.dir/lib/os/assert.c.gcda
  --> fname    /home/sufyan/Zephyr_IOMICO/deps/zephyr/lib/os/assert.c
(DEBUG) Check if /home/sufyan/Zephyr_IOMICO/deps/zephyr/lib/os/assert.c is included (source file)...
(DEBUG)   No filter matched.
(DEBUG) --> File is excluded.
(DEBUG) Check if /home/sufyan/Zephyr_IOMICO/zephyr-course/twister-out/native_sim_native/host/homework.unit.ring_buf/zephyr/CMakeFiles/zephyr.dir/lib/os/cbprintf.c.gcda is included (trace)...
(DEBUG)   No filter matched.
(DEBUG) --> File is excluded.
(DEBUG) Check if /home/sufyan/Zephyr_IOMICO/zephyr-course/twister-out/native_sim_native/host/homework.unit.ring_buf/zephyr/CMakeFiles/zephyr.dir/lib/os/cbprintf.c.gcda is included (trace)...
(DEBUG) --> File is excluded.
(DEBUG) Check if cbprintf.c##1e99d17f5bc6119765f0161450f073dc.gcov is included (gcov file)...
(DEBUG)   Filter AlwaysMatchFilter() matched.
(DEBUG) --> File is included.
(DEBUG) Check if cbprintf.h##5b8c1e0cc44011c2ff098d76df0481e1.gcov is included (gcov file)...
(DEBUG)   Filter AlwaysMatchFilter() matched.
(DEBUG) --> File is included.
(DEBUG) Check if /home/sufyan/Zephyr_IOMICO/zephyr-course/app/modules/ring_buf/cbprintf.h##5b8c1e0cc44011c2ff098d76df0481e1.gcov is included (trace)...
(DEBUG)   No filter matched.
(DEBUG) --> File is excluded.
(DEBUG) Finding source file corresponding to a gcov data file
  gcov_fname   /home/sufyan/Zephyr_IOMICO/zephyr-course/app/modules/ring_buf/cbprintf.h##5b8c1e0cc44011c2ff098d76df0481e1.gcov
  current_dir  /home/sufyan/Zephyr_IOMICO/zephyr-course/app/modules/ring_buf
  root         /home/sufyan/Zephyr_IOMICO/zephyr-course/app/modules/ring_buf
  starting_dir /home/sufyan/Zephyr_IOMICO/zephyr-course
  obj_dir      None
  gcda_fname   ../../../twister-out/native_sim_native/host/homework.unit.ring_buf/zephyr/CMakeFiles/zephyr.dir/lib/os/cbprintf.c.gcda
  --> fname    /home/sufyan/Zephyr_IOMICO/deps/zephyr/include/zephyr/sys/cbprintf.h
(DEBUG) Check if /home/sufyan/Zephyr_IOMICO/deps/zephyr/include/zephyr/sys/cbprintf.h is included (source file)...
(DEBUG)   No filter matched.
(DEBUG) --> File is excluded.
(DEBUG) Check if /home/sufyan/Zephyr_IOMICO/zephyr-course/app/modules/ring_buf/cbprintf.c##1e99d17f5bc6119765f0161450f073dc.gcov is included (trace)...
(DEBUG)   No filter matched.
(DEBUG) --> File is excluded.
(DEBUG) Finding source file corresponding to a gcov data file
  gcov_fname   /home/sufyan/Zephyr_IOMICO/zephyr-course/app/modules/ring_buf/cbprintf.c##1e99d17f5bc6119765f0161450f073dc.gcov
  current_dir  /home/sufyan/Zephyr_IOMICO/zephyr-course/app/modules/ring_buf
  root         /home/sufyan/Zephyr_IOMICO/zephyr-course/app/modules/ring_buf
  starting_dir /home/sufyan/Zephyr_IOMICO/zephyr-course
  obj_dir      None
  gcda_fname   ../../../twister-out/native_sim_native/host/homework.unit.ring_buf/zephyr/CMakeFiles/zephyr.dir/lib/os/cbprintf.c.gcda
  --> fname    /home/sufyan/Zephyr_IOMICO/deps/zephyr/lib/os/cbprintf.c
(DEBUG) Check if /home/sufyan/Zephyr_IOMICO/deps/zephyr/lib/os/cbprintf.c is included (source file)...
(DEBUG)   No filter matched.
(DEBUG) --> File is excluded.
(DEBUG) Check if /home/sufyan/Zephyr_IOMICO/zephyr-course/twister-out/native_sim_native/host/homework.unit.ring_buf/zephyr/CMakeFiles/zephyr.dir/lib/os/cbprintf_complete.c.gcda is included (trace)...
(DEBUG)   No filter matched.
(DEBUG) --> File is excluded.
(DEBUG) Check if /home/sufyan/Zephyr_IOMICO/zephyr-course/twister-out/native_sim_native/host/homework.unit.ring_buf/zephyr/CMakeFiles/zephyr.dir/lib/os/cbprintf_complete.c.gcda is included (trace)...
(DEBUG) --> File is excluded.
(DEBUG) Check if cbprintf_complete.c##392dc1481b26906c5a2e29c85c0a6bd7.gcov is included (gcov file)...
(DEBUG)   Filter AlwaysMatchFilter() matched.
(DEBUG) --> File is included.
(DEBUG) Check if /home/sufyan/Zephyr_IOMICO/zephyr-course/app/modules/ring_buf/cbprintf_complete.c##392dc1481b26906c5a2e29c85c0a6bd7.gcov is included (trace)...
(DEBUG)   No filter matched.
(DEBUG) --> File is excluded.
(DEBUG) Finding source file corresponding to a gcov data file
  gcov_fname   /home/sufyan/Zephyr_IOMICO/zephyr-course/app/modules/ring_buf/cbprintf_complete.c##392dc1481b26906c5a2e29c85c0a6bd7.gcov
  current_dir  /home/sufyan/Zephyr_IOMICO/zephyr-course/app/modules/ring_buf
  root         /home/sufyan/Zephyr_IOMICO/zephyr-course/app/modules/ring_buf
  starting_dir /home/sufyan/Zephyr_IOMICO/zephyr-course
  obj_dir      None
  gcda_fname   ../../../twister-out/native_sim_native/host/homework.unit.ring_buf/zephyr/CMakeFiles/zephyr.dir/lib/os/cbprintf_complete.c.gcda
  --> fname    /home/sufyan/Zephyr_IOMICO/deps/zephyr/lib/os/cbprintf_complete.c
(DEBUG) Check if /home/sufyan/Zephyr_IOMICO/deps/zephyr/lib/os/cbprintf_complete.c is included (source file)...
(DEBUG)   No filter matched.
(DEBUG) --> File is excluded.
(DEBUG) Check if /home/sufyan/Zephyr_IOMICO/zephyr-course/twister-out/native_sim_native/host/homework.unit.ring_buf/zephyr/CMakeFiles/zephyr.dir/lib/os/cbprintf_packaged.c.gcda is included (trace)...
(DEBUG)   No filter matched.
(DEBUG) --> File is excluded.
(DEBUG) Check if /home/sufyan/Zephyr_IOMICO/zephyr-course/twister-out/native_sim_native/host/homework.unit.ring_buf/zephyr/CMakeFiles/zephyr.dir/lib/os/cbprintf_packaged.c.gcda is included (trace)...
(DEBUG) --> File is excluded.
(DEBUG) Check if cbprintf_packaged.c##6dfce5a10e1e1b767ec0280eca95d901.gcov is included (gcov file)...
(DEBUG)   Filter AlwaysMatchFilter() matched.
(DEBUG) --> File is included.
(DEBUG) Check if log_msg.h##c3d7a43353dd151ee47d3c13d66651b3.gcov is included (gcov file)...
(DEBUG) --> File is included.
(DEBUG) Check if utils.h##2fa5e0e6d540eaf7657b5c20dce1a416.gcov is included (gcov file)...
(DEBUG)   Filter AlwaysMatchFilter() matched.
(DEBUG) --> File is included.
(DEBUG) Check if /home/sufyan/Zephyr_IOMICO/zephyr-course/app/modules/ring_buf/utils.h##2fa5e0e6d540eaf7657b5c20dce1a416.gcov is included (trace)...
(DEBUG)   No filter matched.
(DEBUG) --> File is excluded.
(DEBUG) Finding source file corresponding to a gcov data file
  gcov_fname   /home/sufyan/Zephyr_IOMICO/zephyr-course/app/modules/ring_buf/utils.h##2fa5e0e6d540eaf7657b5c20dce1a416.gcov
  current_dir  /home/sufyan/Zephyr_IOMICO/zephyr-course/app/modules/ring_buf
  root         /home/sufyan/Zephyr_IOMICO/zephyr-course/app/modules/ring_buf
  starting_dir /home/sufyan/Zephyr_IOMICO/zephyr-course
  obj_dir      None
  gcda_fname   ../../../twister-out/native_sim_native/host/homework.unit.ring_buf/zephyr/CMakeFiles/zephyr.dir/lib/os/cbprintf_packaged.c.gcda
  --> fname    /home/sufyan/Zephyr_IOMICO/deps/zephyr/include/zephyr/linker/utils.h
(DEBUG) Check if /home/sufyan/Zephyr_IOMICO/deps/zephyr/include/zephyr/linker/utils.h is included (source file)...
(DEBUG)   No filter matched.
(DEBUG) --> File is excluded.
(DEBUG) Check if /home/sufyan/Zephyr_IOMICO/zephyr-course/app/modules/ring_buf/log_msg.h##c3d7a43353dd151ee47d3c13d66651b3.gcov is included (trace)...
(DEBUG) --> File is excluded.
(DEBUG) Finding source file corresponding to a gcov data file
  gcov_fname   /home/sufyan/Zephyr_IOMICO/zephyr-course/app/modules/ring_buf/log_msg.h##c3d7a43353dd151ee47d3c13d66651b3.gcov
  current_dir  /home/sufyan/Zephyr_IOMICO/zephyr-course/app/modules/ring_buf
  root         /home/sufyan/Zephyr_IOMICO/zephyr-course/app/modules/ring_buf
  starting_dir /home/sufyan/Zephyr_IOMICO/zephyr-course
  obj_dir      None
  gcda_fname   ../../../twister-out/native_sim_native/host/homework.unit.ring_buf/zephyr/CMakeFiles/zephyr.dir/lib/os/cbprintf_packaged.c.gcda
  --> fname    /home/sufyan/Zephyr_IOMICO/deps/zephyr/include/zephyr/logging/log_msg.h
(DEBUG) Check if /home/sufyan/Zephyr_IOMICO/deps/zephyr/include/zephyr/logging/log_msg.h is included (source file)...
(DEBUG) --> File is excluded.
(DEBUG) Check if /home/sufyan/Zephyr_IOMICO/zephyr-course/app/modules/ring_buf/cbprintf_packaged.c##6dfce5a10e1e1b767ec0280eca95d901.gcov is included (trace)...
(DEBUG)   No filter matched.
(DEBUG) --> File is excluded.
(DEBUG) Finding source file corresponding to a gcov data file
  gcov_fname   /home/sufyan/Zephyr_IOMICO/zephyr-course/app/modules/ring_buf/cbprintf_packaged.c##6dfce5a10e1e1b767ec0280eca95d901.gcov
  current_dir  /home/sufyan/Zephyr_IOMICO/zephyr-course/app/modules/ring_buf
  root         /home/sufyan/Zephyr_IOMICO/zephyr-course/app/modules/ring_buf
  starting_dir /home/sufyan/Zephyr_IOMICO/zephyr-course
  obj_dir      None
  gcda_fname   ../../../twister-out/native_sim_native/host/homework.unit.ring_buf/zephyr/CMakeFiles/zephyr.dir/lib/os/cbprintf_packaged.c.gcda
  --> fname    /home/sufyan/Zephyr_IOMICO/deps/zephyr/lib/os/cbprintf_packaged.c
(DEBUG) Check if /home/sufyan/Zephyr_IOMICO/deps/zephyr/lib/os/cbprintf_packaged.c is included (source file)...
(DEBUG)   No filter matched.
(DEBUG) --> File is excluded.
(DEBUG) Check if /home/sufyan/Zephyr_IOMICO/zephyr-course/twister-out/native_sim_native/host/homework.unit.ring_buf/zephyr/CMakeFiles/zephyr.dir/lib/os/clock.c.gcda is included (trace)...
(DEBUG)   No filter matched.
(DEBUG) --> File is excluded.
(DEBUG) Check if /home/sufyan/Zephyr_IOMICO/zephyr-course/twister-out/native_sim_native/host/homework.unit.ring_buf/zephyr/CMakeFiles/zephyr.dir/lib/os/clock.c.gcda is included (trace)...
(DEBUG) --> File is excluded.
(DEBUG) Check if clock.c##fb196a081239b292cd2ea231a8e7cceb.gcov is included (gcov file)...
(DEBUG)   Filter AlwaysMatchFilter() matched.
(DEBUG) --> File is included.
(DEBUG) Check if timeutil.h##6efd403ad51ae5fda8ce50a2a0a88c21.gcov is included (gcov file)...
(DEBUG)   Filter AlwaysMatchFilter() matched.
(DEBUG) --> File is included.
(DEBUG) Check if kernel.h##613194e766979d51f14f46fda6f8f0e6.gcov is included (gcov file)...
(DEBUG)   Filter AlwaysMatchFilter() matched.
(DEBUG) --> File is included.
(DEBUG) Check if spinlock.h##ac54c28a46b90c889de3665abac3ef1a.gcov is included (gcov file)...
(DEBUG)   Filter AlwaysMatchFilter() matched.
(DEBUG) --> File is included.
(DEBUG) Check if clock.h##ed13c601849a91c6304bc36e3cdcefdc.gcov is included (gcov file)...
(DEBUG)   Filter AlwaysMatchFilter() matched.
(DEBUG) --> File is included.
(DEBUG) Check if arch.h##dc70e81a221e00a96b5b011e55795c6f.gcov is included (gcov file)...
(DEBUG)   Filter AlwaysMatchFilter() matched.
(DEBUG) --> File is included.
(DEBUG) Check if /home/sufyan/Zephyr_IOMICO/zephyr-course/app/modules/ring_buf/clock.h##ed13c601849a91c6304bc36e3cdcefdc.gcov is included (trace)...
(DEBUG)   No filter matched.
(DEBUG) --> File is excluded.
(DEBUG) Finding source file corresponding to a gcov data file
  gcov_fname   /home/sufyan/Zephyr_IOMICO/zephyr-course/app/modules/ring_buf/clock.h##ed13c601849a91c6304bc36e3cdcefdc.gcov
  current_dir  /home/sufyan/Zephyr_IOMICO/zephyr-course/app/modules/ring_buf
  root         /home/sufyan/Zephyr_IOMICO/zephyr-course/app/modules/ring_buf
  starting_dir /home/sufyan/Zephyr_IOMICO/zephyr-course
  obj_dir      None
  gcda_fname   ../../../twister-out/native_sim_native/host/homework.unit.ring_buf/zephyr/CMakeFiles/zephyr.dir/lib/os/clock.c.gcda
  --> fname    /home/sufyan/Zephyr_IOMICO/zephyr-course/twister-out/native_sim_native/host/homework.unit.ring_buf/zephyr/include/generated/zephyr/syscalls/clock.h
(DEBUG) Check if /home/sufyan/Zephyr_IOMICO/zephyr-course/twister-out/native_sim_native/host/homework.unit.ring_buf/zephyr/include/generated/zephyr/syscalls/clock.h is included (source file)...
(DEBUG)   No filter matched.
(DEBUG) --> File is excluded.
(DEBUG) Check if /home/sufyan/Zephyr_IOMICO/zephyr-course/app/modules/ring_buf/timeutil.h##6efd403ad51ae5fda8ce50a2a0a88c21.gcov is included (trace)...
(DEBUG)   No filter matched.
(DEBUG) --> File is excluded.
(DEBUG) Finding source file corresponding to a gcov data file
  gcov_fname   /home/sufyan/Zephyr_IOMICO/zephyr-course/app/modules/ring_buf/timeutil.h##6efd403ad51ae5fda8ce50a2a0a88c21.gcov
  current_dir  /home/sufyan/Zephyr_IOMICO/zephyr-course/app/modules/ring_buf
  root         /home/sufyan/Zephyr_IOMICO/zephyr-course/app/modules/ring_buf
  starting_dir /home/sufyan/Zephyr_IOMICO/zephyr-course
  obj_dir      None
  gcda_fname   ../../../twister-out/native_sim_native/host/homework.unit.ring_buf/zephyr/CMakeFiles/zephyr.dir/lib/os/clock.c.gcda
  --> fname    /home/sufyan/Zephyr_IOMICO/deps/zephyr/include/zephyr/sys/timeutil.h
(DEBUG) Check if /home/sufyan/Zephyr_IOMICO/deps/zephyr/include/zephyr/sys/timeutil.h is included (source file)...
(DEBUG)   No filter matched.
(DEBUG) --> File is excluded.
(DEBUG) Check if /home/sufyan/Zephyr_IOMICO/zephyr-course/app/modules/ring_buf/arch.h##dc70e81a221e00a96b5b011e55795c6f.gcov is included (trace)...
(DEBUG)   No filter matched.
(DEBUG) --> File is excluded.
(DEBUG) Finding source file corresponding to a gcov data file
  gcov_fname   /home/sufyan/Zephyr_IOMICO/zephyr-course/app/modules/ring_buf/arch.h##dc70e81a221e00a96b5b011e55795c6f.gcov
  current_dir  /home/sufyan/Zephyr_IOMICO/zephyr-course/app/modules/ring_buf
  root         /home/sufyan/Zephyr_IOMICO/zephyr-course/app/modules/ring_buf
  starting_dir /home/sufyan/Zephyr_IOMICO/zephyr-course
  obj_dir      None
  gcda_fname   ../../../twister-out/native_sim_native/host/homework.unit.ring_buf/zephyr/CMakeFiles/zephyr.dir/lib/os/clock.c.gcda
  --> fname    /home/sufyan/Zephyr_IOMICO/deps/zephyr/include/zephyr/arch/posix/arch.h
(DEBUG) Check if /home/sufyan/Zephyr_IOMICO/deps/zephyr/include/zephyr/arch/posix/arch.h is included (source file)...
(DEBUG)   No filter matched.
(DEBUG) --> File is excluded.
(DEBUG) Check if /home/sufyan/Zephyr_IOMICO/zephyr-course/app/modules/ring_buf/spinlock.h##ac54c28a46b90c889de3665abac3ef1a.gcov is included (trace)...
(DEBUG)   No filter matched.
(DEBUG) --> File is excluded.
(DEBUG) Finding source file corresponding to a gcov data file
  gcov_fname   /home/sufyan/Zephyr_IOMICO/zephyr-course/app/modules/ring_buf/spinlock.h##ac54c28a46b90c889de3665abac3ef1a.gcov
  current_dir  /home/sufyan/Zephyr_IOMICO/zephyr-course/app/modules/ring_buf
  root         /home/sufyan/Zephyr_IOMICO/zephyr-course/app/modules/ring_buf
  starting_dir /home/sufyan/Zephyr_IOMICO/zephyr-course
  obj_dir      None
  gcda_fname   ../../../twister-out/native_sim_native/host/homework.unit.ring_buf/zephyr/CMakeFiles/zephyr.dir/lib/os/clock.c.gcda
  --> fname    /home/sufyan/Zephyr_IOMICO/deps/zephyr/include/zephyr/spinlock.h
(DEBUG) Check if /home/sufyan/Zephyr_IOMICO/deps/zephyr/include/zephyr/spinlock.h is included (source file)...
(DEBUG)   No filter matched.
(DEBUG) --> File is excluded.
(DEBUG) Check if /home/sufyan/Zephyr_IOMICO/zephyr-course/app/modules/ring_buf/kernel.h##613194e766979d51f14f46fda6f8f0e6.gcov is included (trace)...
(DEBUG)   No filter matched.
(DEBUG) --> File is excluded.
(DEBUG) Finding source file corresponding to a gcov data file
  gcov_fname   /home/sufyan/Zephyr_IOMICO/zephyr-course/app/modules/ring_buf/kernel.h##613194e766979d51f14f46fda6f8f0e6.gcov
  current_dir  /home/sufyan/Zephyr_IOMICO/zephyr-course/app/modules/ring_buf
  root         /home/sufyan/Zephyr_IOMICO/zephyr-course/app/modules/ring_buf
  starting_dir /home/sufyan/Zephyr_IOMICO/zephyr-course
  obj_dir      None
  gcda_fname   ../../../twister-out/native_sim_native/host/homework.unit.ring_buf/zephyr/CMakeFiles/zephyr.dir/lib/os/clock.c.gcda
  --> fname    /home/sufyan/Zephyr_IOMICO/zephyr-course/twister-out/native_sim_native/host/homework.unit.ring_buf/zephyr/include/generated/zephyr/syscalls/kernel.h
(DEBUG) Check if /home/sufyan/Zephyr_IOMICO/zephyr-course/twister-out/native_sim_native/host/homework.unit.ring_buf/zephyr/include/generated/zephyr/syscalls/kernel.h is included (source file)...
(DEBUG)   No filter matched.
(DEBUG) --> File is excluded.
(DEBUG) Check if /home/sufyan/Zephyr_IOMICO/zephyr-course/app/modules/ring_buf/clock.c##fb196a081239b292cd2ea231a8e7cceb.gcov is included (trace)...
(DEBUG)   No filter matched.
(DEBUG) --> File is excluded.
(DEBUG) Finding source file corresponding to a gcov data file
  gcov_fname   /home/sufyan/Zephyr_IOMICO/zephyr-course/app/modules/ring_buf/clock.c##fb196a081239b292cd2ea231a8e7cceb.gcov
  current_dir  /home/sufyan/Zephyr_IOMICO/zephyr-course/app/modules/ring_buf
  root         /home/sufyan/Zephyr_IOMICO/zephyr-course/app/modules/ring_buf
  starting_dir /home/sufyan/Zephyr_IOMICO/zephyr-course
  obj_dir      None
  gcda_fname   ../../../twister-out/native_sim_native/host/homework.unit.ring_buf/zephyr/CMakeFiles/zephyr.dir/lib/os/clock.c.gcda
  --> fname    /home/sufyan/Zephyr_IOMICO/deps/zephyr/lib/os/clock.c
(DEBUG) Check if /home/sufyan/Zephyr_IOMICO/deps/zephyr/lib/os/clock.c is included (source file)...
(DEBUG)   No filter matched.
(DEBUG) --> File is excluded.
(DEBUG) Check if /home/sufyan/Zephyr_IOMICO/zephyr-course/twister-out/native_sim_native/host/homework.unit.ring_buf/zephyr/CMakeFiles/zephyr.dir/lib/os/printk.c.gcda is included (trace)...
(DEBUG)   No filter matched.
(DEBUG) --> File is excluded.
(DEBUG) Check if /home/sufyan/Zephyr_IOMICO/zephyr-course/twister-out/native_sim_native/host/homework.unit.ring_buf/zephyr/CMakeFiles/zephyr.dir/lib/os/printk.c.gcda is included (trace)...
(DEBUG) --> File is excluded.
(DEBUG) Check if printk.c##ad9bef82122ca3c905ed3d0917ec973c.gcov is included (gcov file)...
(DEBUG)   Filter AlwaysMatchFilter() matched.
(DEBUG) --> File is included.
(DEBUG) Check if cbprintf.h##5b8c1e0cc44011c2ff098d76df0481e1.gcov is included (gcov file)...
(DEBUG) --> File is included.
(DEBUG) Check if kernel.h##613194e766979d51f14f46fda6f8f0e6.gcov is included (gcov file)...
(DEBUG) --> File is included.
(DEBUG) Check if /home/sufyan/Zephyr_IOMICO/zephyr-course/app/modules/ring_buf/kernel.h##613194e766979d51f14f46fda6f8f0e6.gcov is included (trace)...
(DEBUG) --> File is excluded.
(DEBUG) Finding source file corresponding to a gcov data file
  gcov_fname   /home/sufyan/Zephyr_IOMICO/zephyr-course/app/modules/ring_buf/kernel.h##613194e766979d51f14f46fda6f8f0e6.gcov
  current_dir  /home/sufyan/Zephyr_IOMICO/zephyr-course/app/modules/ring_buf
  root         /home/sufyan/Zephyr_IOMICO/zephyr-course/app/modules/ring_buf
  starting_dir /home/sufyan/Zephyr_IOMICO/zephyr-course
  obj_dir      None
  gcda_fname   ../../../twister-out/native_sim_native/host/homework.unit.ring_buf/zephyr/CMakeFiles/zephyr.dir/lib/os/printk.c.gcda
  --> fname    /home/sufyan/Zephyr_IOMICO/zephyr-course/twister-out/native_sim_native/host/homework.unit.ring_buf/zephyr/include/generated/zephyr/syscalls/kernel.h
(DEBUG) Check if /home/sufyan/Zephyr_IOMICO/zephyr-course/twister-out/native_sim_native/host/homework.unit.ring_buf/zephyr/include/generated/zephyr/syscalls/kernel.h is included (source file)...
(DEBUG) --> File is excluded.
(DEBUG) Check if /home/sufyan/Zephyr_IOMICO/zephyr-course/app/modules/ring_buf/printk.c##ad9bef82122ca3c905ed3d0917ec973c.gcov is included (trace)...
(DEBUG)   No filter matched.
(DEBUG) --> File is excluded.
(DEBUG) Finding source file corresponding to a gcov data file
  gcov_fname   /home/sufyan/Zephyr_IOMICO/zephyr-course/app/modules/ring_buf/printk.c##ad9bef82122ca3c905ed3d0917ec973c.gcov
  current_dir  /home/sufyan/Zephyr_IOMICO/zephyr-course/app/modules/ring_buf
  root         /home/sufyan/Zephyr_IOMICO/zephyr-course/app/modules/ring_buf
  starting_dir /home/sufyan/Zephyr_IOMICO/zephyr-course
  obj_dir      None
  gcda_fname   ../../../twister-out/native_sim_native/host/homework.unit.ring_buf/zephyr/CMakeFiles/zephyr.dir/lib/os/printk.c.gcda
  --> fname    /home/sufyan/Zephyr_IOMICO/deps/zephyr/lib/os/printk.c
(DEBUG) Check if /home/sufyan/Zephyr_IOMICO/deps/zephyr/lib/os/printk.c is included (source file)...
(DEBUG)   No filter matched.
(DEBUG) --> File is excluded.
(DEBUG) Check if /home/sufyan/Zephyr_IOMICO/zephyr-course/app/modules/ring_buf/cbprintf.h##5b8c1e0cc44011c2ff098d76df0481e1.gcov is included (trace)...
(DEBUG) --> File is excluded.
(DEBUG) Finding source file corresponding to a gcov data file
  gcov_fname   /home/sufyan/Zephyr_IOMICO/zephyr-course/app/modules/ring_buf/cbprintf.h##5b8c1e0cc44011c2ff098d76df0481e1.gcov
  current_dir  /home/sufyan/Zephyr_IOMICO/zephyr-course/app/modules/ring_buf
  root         /home/sufyan/Zephyr_IOMICO/zephyr-course/app/modules/ring_buf
  starting_dir /home/sufyan/Zephyr_IOMICO/zephyr-course
  obj_dir      None
  gcda_fname   ../../../twister-out/native_sim_native/host/homework.unit.ring_buf/zephyr/CMakeFiles/zephyr.dir/lib/os/printk.c.gcda
  --> fname    /home/sufyan/Zephyr_IOMICO/deps/zephyr/include/zephyr/sys/cbprintf.h
(DEBUG) Check if /home/sufyan/Zephyr_IOMICO/deps/zephyr/include/zephyr/sys/cbprintf.h is included (source file)...
(DEBUG) --> File is excluded.
(DEBUG) Check if /home/sufyan/Zephyr_IOMICO/zephyr-course/twister-out/native_sim_native/host/homework.unit.ring_buf/zephyr/CMakeFiles/zephyr.dir/lib/os/sem.c.gcda is included (trace)...
(DEBUG)   No filter matched.
(DEBUG) --> File is excluded.
(DEBUG) Check if /home/sufyan/Zephyr_IOMICO/zephyr-course/twister-out/native_sim_native/host/homework.unit.ring_buf/zephyr/CMakeFiles/zephyr.dir/lib/os/sem.c.gcda is included (trace)...
(DEBUG) --> File is excluded.
(DEBUG) Check if sem.c##ce0139229551fc53f3778b19eb7627e0.gcov is included (gcov file)...
(DEBUG)   Filter AlwaysMatchFilter() matched.
(DEBUG) --> File is included.
(DEBUG) Check if kernel.h##613194e766979d51f14f46fda6f8f0e6.gcov is included (gcov file)...
(DEBUG) --> File is included.
(DEBUG) Check if kernel.h##0603b591ac855b4a2926257de0e213f1.gcov is included (gcov file)...
(DEBUG)   Filter AlwaysMatchFilter() matched.
(DEBUG) --> File is included.
(DEBUG) Check if /home/sufyan/Zephyr_IOMICO/zephyr-course/app/modules/ring_buf/kernel.h##613194e766979d51f14f46fda6f8f0e6.gcov is included (trace)...
(DEBUG) --> File is excluded.
(DEBUG) Finding source file corresponding to a gcov data file
  gcov_fname   /home/sufyan/Zephyr_IOMICO/zephyr-course/app/modules/ring_buf/kernel.h##613194e766979d51f14f46fda6f8f0e6.gcov
  current_dir  /home/sufyan/Zephyr_IOMICO/zephyr-course/app/modules/ring_buf
  root         /home/sufyan/Zephyr_IOMICO/zephyr-course/app/modules/ring_buf
  starting_dir /home/sufyan/Zephyr_IOMICO/zephyr-course
  obj_dir      None
  gcda_fname   ../../../twister-out/native_sim_native/host/homework.unit.ring_buf/zephyr/CMakeFiles/zephyr.dir/lib/os/sem.c.gcda
  --> fname    /home/sufyan/Zephyr_IOMICO/zephyr-course/twister-out/native_sim_native/host/homework.unit.ring_buf/zephyr/include/generated/zephyr/syscalls/kernel.h
(DEBUG) Check if /home/sufyan/Zephyr_IOMICO/zephyr-course/twister-out/native_sim_native/host/homework.unit.ring_buf/zephyr/include/generated/zephyr/syscalls/kernel.h is included (source file)...
(DEBUG) --> File is excluded.
(DEBUG) Check if /home/sufyan/Zephyr_IOMICO/zephyr-course/app/modules/ring_buf/sem.c##ce0139229551fc53f3778b19eb7627e0.gcov is included (trace)...
(DEBUG)   No filter matched.
(DEBUG) --> File is excluded.
(DEBUG) Finding source file corresponding to a gcov data file
  gcov_fname   /home/sufyan/Zephyr_IOMICO/zephyr-course/app/modules/ring_buf/sem.c##ce0139229551fc53f3778b19eb7627e0.gcov
  current_dir  /home/sufyan/Zephyr_IOMICO/zephyr-course/app/modules/ring_buf
  root         /home/sufyan/Zephyr_IOMICO/zephyr-course/app/modules/ring_buf
  starting_dir /home/sufyan/Zephyr_IOMICO/zephyr-course
  obj_dir      None
  gcda_fname   ../../../twister-out/native_sim_native/host/homework.unit.ring_buf/zephyr/CMakeFiles/zephyr.dir/lib/os/sem.c.gcda
  --> fname    /home/sufyan/Zephyr_IOMICO/deps/zephyr/lib/os/sem.c
(DEBUG) Check if /home/sufyan/Zephyr_IOMICO/deps/zephyr/lib/os/sem.c is included (source file)...
(DEBUG)   No filter matched.
(DEBUG) --> File is excluded.
(DEBUG) Check if /home/sufyan/Zephyr_IOMICO/zephyr-course/app/modules/ring_buf/kernel.h##0603b591ac855b4a2926257de0e213f1.gcov is included (trace)...
(DEBUG)   No filter matched.
(DEBUG) --> File is excluded.
(DEBUG) Finding source file corresponding to a gcov data file
  gcov_fname   /home/sufyan/Zephyr_IOMICO/zephyr-course/app/modules/ring_buf/kernel.h##0603b591ac855b4a2926257de0e213f1.gcov
  current_dir  /home/sufyan/Zephyr_IOMICO/zephyr-course/app/modules/ring_buf
  root         /home/sufyan/Zephyr_IOMICO/zephyr-course/app/modules/ring_buf
  starting_dir /home/sufyan/Zephyr_IOMICO/zephyr-course
  obj_dir      None
  gcda_fname   ../../../twister-out/native_sim_native/host/homework.unit.ring_buf/zephyr/CMakeFiles/zephyr.dir/lib/os/sem.c.gcda
  --> fname    /home/sufyan/Zephyr_IOMICO/deps/zephyr/include/zephyr/kernel.h
(DEBUG) Check if /home/sufyan/Zephyr_IOMICO/deps/zephyr/include/zephyr/kernel.h is included (source file)...
(DEBUG)   No filter matched.
(DEBUG) --> File is excluded.
(DEBUG) Check if /home/sufyan/Zephyr_IOMICO/zephyr-course/twister-out/native_sim_native/host/homework.unit.ring_buf/zephyr/CMakeFiles/zephyr.dir/lib/os/thread_entry.c.gcda is included (trace)...
(DEBUG)   No filter matched.
(DEBUG) --> File is excluded.
(DEBUG) Check if /home/sufyan/Zephyr_IOMICO/zephyr-course/twister-out/native_sim_native/host/homework.unit.ring_buf/zephyr/CMakeFiles/zephyr.dir/lib/os/thread_entry.c.gcda is included (trace)...
(DEBUG) --> File is excluded.
(DEBUG) Check if thread_entry.c##fcc45636da414b91bc60e20e29809ebe.gcov is included (gcov file)...
(DEBUG)   Filter AlwaysMatchFilter() matched.
(DEBUG) --> File is included.
(DEBUG) Check if kernel.h##613194e766979d51f14f46fda6f8f0e6.gcov is included (gcov file)...
(DEBUG) --> File is included.
(DEBUG) Check if kernel.h##0603b591ac855b4a2926257de0e213f1.gcov is included (gcov file)...
(DEBUG) --> File is included.
(DEBUG) Check if /home/sufyan/Zephyr_IOMICO/zephyr-course/app/modules/ring_buf/kernel.h##613194e766979d51f14f46fda6f8f0e6.gcov is included (trace)...
(DEBUG) --> File is excluded.
(DEBUG) Finding source file corresponding to a gcov data file
  gcov_fname   /home/sufyan/Zephyr_IOMICO/zephyr-course/app/modules/ring_buf/kernel.h##613194e766979d51f14f46fda6f8f0e6.gcov
  current_dir  /home/sufyan/Zephyr_IOMICO/zephyr-course/app/modules/ring_buf
  root         /home/sufyan/Zephyr_IOMICO/zephyr-course/app/modules/ring_buf
  starting_dir /home/sufyan/Zephyr_IOMICO/zephyr-course
  obj_dir      None
  gcda_fname   ../../../twister-out/native_sim_native/host/homework.unit.ring_buf/zephyr/CMakeFiles/zephyr.dir/lib/os/thread_entry.c.gcda
  --> fname    /home/sufyan/Zephyr_IOMICO/zephyr-course/twister-out/native_sim_native/host/homework.unit.ring_buf/zephyr/include/generated/zephyr/syscalls/kernel.h
(DEBUG) Check if /home/sufyan/Zephyr_IOMICO/zephyr-course/twister-out/native_sim_native/host/homework.unit.ring_buf/zephyr/include/generated/zephyr/syscalls/kernel.h is included (source file)...
(DEBUG) --> File is excluded.
(DEBUG) Check if /home/sufyan/Zephyr_IOMICO/zephyr-course/app/modules/ring_buf/thread_entry.c##fcc45636da414b91bc60e20e29809ebe.gcov is included (trace)...
(DEBUG)   No filter matched.
(DEBUG) --> File is excluded.
(DEBUG) Finding source file corresponding to a gcov data file
  gcov_fname   /home/sufyan/Zephyr_IOMICO/zephyr-course/app/modules/ring_buf/thread_entry.c##fcc45636da414b91bc60e20e29809ebe.gcov
  current_dir  /home/sufyan/Zephyr_IOMICO/zephyr-course/app/modules/ring_buf
  root         /home/sufyan/Zephyr_IOMICO/zephyr-course/app/modules/ring_buf
  starting_dir /home/sufyan/Zephyr_IOMICO/zephyr-course
  obj_dir      None
  gcda_fname   ../../../twister-out/native_sim_native/host/homework.unit.ring_buf/zephyr/CMakeFiles/zephyr.dir/lib/os/thread_entry.c.gcda
  --> fname    /home/sufyan/Zephyr_IOMICO/deps/zephyr/lib/os/thread_entry.c
(DEBUG) Check if /home/sufyan/Zephyr_IOMICO/deps/zephyr/lib/os/thread_entry.c is included (source file)...
(DEBUG)   No filter matched.
(DEBUG) --> File is excluded.
(DEBUG) Check if /home/sufyan/Zephyr_IOMICO/zephyr-course/app/modules/ring_buf/kernel.h##0603b591ac855b4a2926257de0e213f1.gcov is included (trace)...
(DEBUG) --> File is excluded.
(DEBUG) Finding source file corresponding to a gcov data file
  gcov_fname   /home/sufyan/Zephyr_IOMICO/zephyr-course/app/modules/ring_buf/kernel.h##0603b591ac855b4a2926257de0e213f1.gcov
  current_dir  /home/sufyan/Zephyr_IOMICO/zephyr-course/app/modules/ring_buf
  root         /home/sufyan/Zephyr_IOMICO/zephyr-course/app/modules/ring_buf
  starting_dir /home/sufyan/Zephyr_IOMICO/zephyr-course
  obj_dir      None
  gcda_fname   ../../../twister-out/native_sim_native/host/homework.unit.ring_buf/zephyr/CMakeFiles/zephyr.dir/lib/os/thread_entry.c.gcda
  --> fname    /home/sufyan/Zephyr_IOMICO/deps/zephyr/include/zephyr/kernel.h
(DEBUG) Check if /home/sufyan/Zephyr_IOMICO/deps/zephyr/include/zephyr/kernel.h is included (source file)...
(DEBUG) --> File is excluded.
(DEBUG) Check if /home/sufyan/Zephyr_IOMICO/zephyr-course/twister-out/native_sim_native/host/homework.unit.ring_buf/zephyr/CMakeFiles/zephyr.dir/lib/utils/bitarray.c.gcda is included (trace)...
(DEBUG)   No filter matched.
(DEBUG) --> File is excluded.
(DEBUG) Check if /home/sufyan/Zephyr_IOMICO/zephyr-course/twister-out/native_sim_native/host/homework.unit.ring_buf/zephyr/CMakeFiles/zephyr.dir/lib/utils/bitarray.c.gcda is included (trace)...
(DEBUG) --> File is excluded.
(DEBUG) Check if bitarray.c##6a3b5b8a5db4947ded37b1e8097bf753.gcov is included (gcov file)...
(DEBUG)   Filter AlwaysMatchFilter() matched.
(DEBUG) --> File is included.
(DEBUG) Check if spinlock.h##ac54c28a46b90c889de3665abac3ef1a.gcov is included (gcov file)...
(DEBUG) --> File is included.
(DEBUG) Check if arch.h##dc70e81a221e00a96b5b011e55795c6f.gcov is included (gcov file)...
(DEBUG) --> File is included.
(DEBUG) Check if ffs.h##0c866f704b12fc5116779293507f7ee0.gcov is included (gcov file)...
(DEBUG)   Filter AlwaysMatchFilter() matched.
(DEBUG) --> File is included.
(DEBUG) Check if /home/sufyan/Zephyr_IOMICO/zephyr-course/app/modules/ring_buf/bitarray.c##6a3b5b8a5db4947ded37b1e8097bf753.gcov is included (trace)...
(DEBUG)   No filter matched.
(DEBUG) --> File is excluded.
(DEBUG) Finding source file corresponding to a gcov data file
  gcov_fname   /home/sufyan/Zephyr_IOMICO/zephyr-course/app/modules/ring_buf/bitarray.c##6a3b5b8a5db4947ded37b1e8097bf753.gcov
  current_dir  /home/sufyan/Zephyr_IOMICO/zephyr-course/app/modules/ring_buf
  root         /home/sufyan/Zephyr_IOMICO/zephyr-course/app/modules/ring_buf
  starting_dir /home/sufyan/Zephyr_IOMICO/zephyr-course
  obj_dir      None
  gcda_fname   ../../../twister-out/native_sim_native/host/homework.unit.ring_buf/zephyr/CMakeFiles/zephyr.dir/lib/utils/bitarray.c.gcda
  --> fname    /home/sufyan/Zephyr_IOMICO/deps/zephyr/lib/utils/bitarray.c
(DEBUG) Check if /home/sufyan/Zephyr_IOMICO/deps/zephyr/lib/utils/bitarray.c is included (source file)...
(DEBUG)   No filter matched.
(DEBUG) --> File is excluded.
(DEBUG) Check if /home/sufyan/Zephyr_IOMICO/zephyr-course/app/modules/ring_buf/spinlock.h##ac54c28a46b90c889de3665abac3ef1a.gcov is included (trace)...
(DEBUG) --> File is excluded.
(DEBUG) Finding source file corresponding to a gcov data file
  gcov_fname   /home/sufyan/Zephyr_IOMICO/zephyr-course/app/modules/ring_buf/spinlock.h##ac54c28a46b90c889de3665abac3ef1a.gcov
  current_dir  /home/sufyan/Zephyr_IOMICO/zephyr-course/app/modules/ring_buf
  root         /home/sufyan/Zephyr_IOMICO/zephyr-course/app/modules/ring_buf
  starting_dir /home/sufyan/Zephyr_IOMICO/zephyr-course
  obj_dir      None
  gcda_fname   ../../../twister-out/native_sim_native/host/homework.unit.ring_buf/zephyr/CMakeFiles/zephyr.dir/lib/utils/bitarray.c.gcda
  --> fname    /home/sufyan/Zephyr_IOMICO/deps/zephyr/include/zephyr/spinlock.h
(DEBUG) Check if /home/sufyan/Zephyr_IOMICO/deps/zephyr/include/zephyr/spinlock.h is included (source file)...
(DEBUG) --> File is excluded.
(DEBUG) Check if /home/sufyan/Zephyr_IOMICO/zephyr-course/app/modules/ring_buf/arch.h##dc70e81a221e00a96b5b011e55795c6f.gcov is included (trace)...
(DEBUG) --> File is excluded.
(DEBUG) Finding source file corresponding to a gcov data file
  gcov_fname   /home/sufyan/Zephyr_IOMICO/zephyr-course/app/modules/ring_buf/arch.h##dc70e81a221e00a96b5b011e55795c6f.gcov
  current_dir  /home/sufyan/Zephyr_IOMICO/zephyr-course/app/modules/ring_buf
  root         /home/sufyan/Zephyr_IOMICO/zephyr-course/app/modules/ring_buf
  starting_dir /home/sufyan/Zephyr_IOMICO/zephyr-course
  obj_dir      None
  gcda_fname   ../../../twister-out/native_sim_native/host/homework.unit.ring_buf/zephyr/CMakeFiles/zephyr.dir/lib/utils/bitarray.c.gcda
  --> fname    /home/sufyan/Zephyr_IOMICO/deps/zephyr/include/zephyr/arch/posix/arch.h
(DEBUG) Check if /home/sufyan/Zephyr_IOMICO/deps/zephyr/include/zephyr/arch/posix/arch.h is included (source file)...
(DEBUG) --> File is excluded.
(DEBUG) Check if /home/sufyan/Zephyr_IOMICO/zephyr-course/app/modules/ring_buf/ffs.h##0c866f704b12fc5116779293507f7ee0.gcov is included (trace)...
(DEBUG)   No filter matched.
(DEBUG) --> File is excluded.
(DEBUG) Finding source file corresponding to a gcov data file
  gcov_fname   /home/sufyan/Zephyr_IOMICO/zephyr-course/app/modules/ring_buf/ffs.h##0c866f704b12fc5116779293507f7ee0.gcov
  current_dir  /home/sufyan/Zephyr_IOMICO/zephyr-course/app/modules/ring_buf
  root         /home/sufyan/Zephyr_IOMICO/zephyr-course/app/modules/ring_buf
  starting_dir /home/sufyan/Zephyr_IOMICO/zephyr-course
  obj_dir      None
  gcda_fname   ../../../twister-out/native_sim_native/host/homework.unit.ring_buf/zephyr/CMakeFiles/zephyr.dir/lib/utils/bitarray.c.gcda
  --> fname    /home/sufyan/Zephyr_IOMICO/deps/zephyr/include/zephyr/arch/common/ffs.h
(DEBUG) Check if /home/sufyan/Zephyr_IOMICO/deps/zephyr/include/zephyr/arch/common/ffs.h is included (source file)...
(DEBUG)   No filter matched.
(DEBUG) --> File is excluded.
(DEBUG) Check if /home/sufyan/Zephyr_IOMICO/zephyr-course/twister-out/native_sim_native/host/homework.unit.ring_buf/zephyr/CMakeFiles/zephyr.dir/lib/utils/dec.c.gcda is included (trace)...
(DEBUG)   No filter matched.
(DEBUG) --> File is excluded.
(DEBUG) Check if /home/sufyan/Zephyr_IOMICO/zephyr-course/twister-out/native_sim_native/host/homework.unit.ring_buf/zephyr/CMakeFiles/zephyr.dir/lib/utils/dec.c.gcda is included (trace)...
(DEBUG) --> File is excluded.
(DEBUG) Check if dec.c##b13450a24eb6c66e0e560bafbfa8da9b.gcov is included (gcov file)...
(DEBUG)   Filter AlwaysMatchFilter() matched.
(DEBUG) --> File is included.
(DEBUG) Check if /home/sufyan/Zephyr_IOMICO/zephyr-course/app/modules/ring_buf/dec.c##b13450a24eb6c66e0e560bafbfa8da9b.gcov is included (trace)...
(DEBUG)   No filter matched.
(DEBUG) --> File is excluded.
(DEBUG) Finding source file corresponding to a gcov data file
  gcov_fname   /home/sufyan/Zephyr_IOMICO/zephyr-course/app/modules/ring_buf/dec.c##b13450a24eb6c66e0e560bafbfa8da9b.gcov
  current_dir  /home/sufyan/Zephyr_IOMICO/zephyr-course/app/modules/ring_buf
  root         /home/sufyan/Zephyr_IOMICO/zephyr-course/app/modules/ring_buf
  starting_dir /home/sufyan/Zephyr_IOMICO/zephyr-course
  obj_dir      None
  gcda_fname   ../../../twister-out/native_sim_native/host/homework.unit.ring_buf/zephyr/CMakeFiles/zephyr.dir/lib/utils/dec.c.gcda
  --> fname    /home/sufyan/Zephyr_IOMICO/deps/zephyr/lib/utils/dec.c
(DEBUG) Check if /home/sufyan/Zephyr_IOMICO/deps/zephyr/lib/utils/dec.c is included (source file)...
(DEBUG)   No filter matched.
(DEBUG) --> File is excluded.
(DEBUG) Check if /home/sufyan/Zephyr_IOMICO/zephyr-course/twister-out/native_sim_native/host/homework.unit.ring_buf/zephyr/CMakeFiles/zephyr.dir/lib/utils/hex.c.gcda is included (trace)...
(DEBUG)   No filter matched.
(DEBUG) --> File is excluded.
(DEBUG) Check if /home/sufyan/Zephyr_IOMICO/zephyr-course/twister-out/native_sim_native/host/homework.unit.ring_buf/zephyr/CMakeFiles/zephyr.dir/lib/utils/hex.c.gcda is included (trace)...
(DEBUG) --> File is excluded.
(DEBUG) Check if hex.c##f0564ab26c500a95db81d10001a89455.gcov is included (gcov file)...
(DEBUG)   Filter AlwaysMatchFilter() matched.
(DEBUG) --> File is included.
(DEBUG) Check if /home/sufyan/Zephyr_IOMICO/zephyr-course/app/modules/ring_buf/hex.c##f0564ab26c500a95db81d10001a89455.gcov is included (trace)...
(DEBUG)   No filter matched.
(DEBUG) --> File is excluded.
(DEBUG) Finding source file corresponding to a gcov data file
  gcov_fname   /home/sufyan/Zephyr_IOMICO/zephyr-course/app/modules/ring_buf/hex.c##f0564ab26c500a95db81d10001a89455.gcov
  current_dir  /home/sufyan/Zephyr_IOMICO/zephyr-course/app/modules/ring_buf
  root         /home/sufyan/Zephyr_IOMICO/zephyr-course/app/modules/ring_buf
  starting_dir /home/sufyan/Zephyr_IOMICO/zephyr-course
  obj_dir      None
  gcda_fname   ../../../twister-out/native_sim_native/host/homework.unit.ring_buf/zephyr/CMakeFiles/zephyr.dir/lib/utils/hex.c.gcda
  --> fname    /home/sufyan/Zephyr_IOMICO/deps/zephyr/lib/utils/hex.c
(DEBUG) Check if /home/sufyan/Zephyr_IOMICO/deps/zephyr/lib/utils/hex.c is included (source file)...
(DEBUG)   No filter matched.
(DEBUG) --> File is excluded.
(DEBUG) Check if /home/sufyan/Zephyr_IOMICO/zephyr-course/twister-out/native_sim_native/host/homework.unit.ring_buf/zephyr/CMakeFiles/zephyr.dir/lib/utils/rb.c.gcda is included (trace)...
(DEBUG)   No filter matched.
(DEBUG) --> File is excluded.
(DEBUG) Check if /home/sufyan/Zephyr_IOMICO/zephyr-course/twister-out/native_sim_native/host/homework.unit.ring_buf/zephyr/CMakeFiles/zephyr.dir/lib/utils/rb.c.gcda is included (trace)...
(DEBUG) --> File is excluded.
(DEBUG) Check if rb.c##e90807b62f8c7ce1d4a06a4b9ea913f9.gcov is included (gcov file)...
(DEBUG)   Filter AlwaysMatchFilter() matched.
(DEBUG) --> File is included.
(DEBUG) Check if /home/sufyan/Zephyr_IOMICO/zephyr-course/app/modules/ring_buf/rb.c##e90807b62f8c7ce1d4a06a4b9ea913f9.gcov is included (trace)...
(DEBUG)   No filter matched.
(DEBUG) --> File is excluded.
(DEBUG) Finding source file corresponding to a gcov data file
  gcov_fname   /home/sufyan/Zephyr_IOMICO/zephyr-course/app/modules/ring_buf/rb.c##e90807b62f8c7ce1d4a06a4b9ea913f9.gcov
  current_dir  /home/sufyan/Zephyr_IOMICO/zephyr-course/app/modules/ring_buf
  root         /home/sufyan/Zephyr_IOMICO/zephyr-course/app/modules/ring_buf
  starting_dir /home/sufyan/Zephyr_IOMICO/zephyr-course
  obj_dir      None
  gcda_fname   ../../../twister-out/native_sim_native/host/homework.unit.ring_buf/zephyr/CMakeFiles/zephyr.dir/lib/utils/rb.c.gcda
  --> fname    /home/sufyan/Zephyr_IOMICO/deps/zephyr/lib/utils/rb.c
(DEBUG) Check if /home/sufyan/Zephyr_IOMICO/deps/zephyr/lib/utils/rb.c is included (source file)...
(DEBUG)   No filter matched.
(DEBUG) --> File is excluded.
(DEBUG) Check if /home/sufyan/Zephyr_IOMICO/zephyr-course/twister-out/native_sim_native/host/homework.unit.ring_buf/zephyr/CMakeFiles/zephyr.dir/lib/utils/ring_buffer.c.gcda is included (trace)...
(DEBUG)   No filter matched.
(DEBUG) --> File is excluded.
(DEBUG) Check if /home/sufyan/Zephyr_IOMICO/zephyr-course/twister-out/native_sim_native/host/homework.unit.ring_buf/zephyr/CMakeFiles/zephyr.dir/lib/utils/ring_buffer.c.gcda is included (trace)...
(DEBUG) --> File is excluded.
(DEBUG) Check if ring_buffer.c##387f8f75bbea8511f3e9a7c467b87fc8.gcov is included (gcov file)...
(DEBUG)   Filter AlwaysMatchFilter() matched.
(DEBUG) --> File is included.
(DEBUG) Check if ring_buffer.h##779e003f3c4eaffb557c5a0052ac92b2.gcov is included (gcov file)...
(DEBUG)   Filter AlwaysMatchFilter() matched.
(DEBUG) --> File is included.
(DEBUG) Check if /home/sufyan/Zephyr_IOMICO/zephyr-course/app/modules/ring_buf/ring_buffer.c##387f8f75bbea8511f3e9a7c467b87fc8.gcov is included (trace)...
(DEBUG)   No filter matched.
(DEBUG) --> File is excluded.
(DEBUG) Finding source file corresponding to a gcov data file
  gcov_fname   /home/sufyan/Zephyr_IOMICO/zephyr-course/app/modules/ring_buf/ring_buffer.c##387f8f75bbea8511f3e9a7c467b87fc8.gcov
  current_dir  /home/sufyan/Zephyr_IOMICO/zephyr-course/app/modules/ring_buf
  root         /home/sufyan/Zephyr_IOMICO/zephyr-course/app/modules/ring_buf
  starting_dir /home/sufyan/Zephyr_IOMICO/zephyr-course
  obj_dir      None
  gcda_fname   ../../../twister-out/native_sim_native/host/homework.unit.ring_buf/zephyr/CMakeFiles/zephyr.dir/lib/utils/ring_buffer.c.gcda
  --> fname    /home/sufyan/Zephyr_IOMICO/deps/zephyr/lib/utils/ring_buffer.c
(DEBUG) Check if /home/sufyan/Zephyr_IOMICO/deps/zephyr/lib/utils/ring_buffer.c is included (source file)...
(DEBUG)   No filter matched.
(DEBUG) --> File is excluded.
(DEBUG) Check if /home/sufyan/Zephyr_IOMICO/zephyr-course/app/modules/ring_buf/ring_buffer.h##779e003f3c4eaffb557c5a0052ac92b2.gcov is included (trace)...
(DEBUG)   No filter matched.
(DEBUG) --> File is excluded.
(DEBUG) Finding source file corresponding to a gcov data file
  gcov_fname   /home/sufyan/Zephyr_IOMICO/zephyr-course/app/modules/ring_buf/ring_buffer.h##779e003f3c4eaffb557c5a0052ac92b2.gcov
  current_dir  /home/sufyan/Zephyr_IOMICO/zephyr-course/app/modules/ring_buf
  root         /home/sufyan/Zephyr_IOMICO/zephyr-course/app/modules/ring_buf
  starting_dir /home/sufyan/Zephyr_IOMICO/zephyr-course
  obj_dir      None
  gcda_fname   ../../../twister-out/native_sim_native/host/homework.unit.ring_buf/zephyr/CMakeFiles/zephyr.dir/lib/utils/ring_buffer.c.gcda
  --> fname    /home/sufyan/Zephyr_IOMICO/deps/zephyr/include/zephyr/sys/ring_buffer.h
(DEBUG) Check if /home/sufyan/Zephyr_IOMICO/deps/zephyr/include/zephyr/sys/ring_buffer.h is included (source file)...
(DEBUG)   No filter matched.
(DEBUG) --> File is excluded.
(DEBUG) Check if /home/sufyan/Zephyr_IOMICO/zephyr-course/twister-out/native_sim_native/host/homework.unit.ring_buf/zephyr/CMakeFiles/zephyr.dir/lib/utils/timeutil.c.gcda is included (trace)...
(DEBUG)   No filter matched.
(DEBUG) --> File is excluded.
(DEBUG) Check if /home/sufyan/Zephyr_IOMICO/zephyr-course/twister-out/native_sim_native/host/homework.unit.ring_buf/zephyr/CMakeFiles/zephyr.dir/lib/utils/timeutil.c.gcda is included (trace)...
(DEBUG) --> File is excluded.
(DEBUG) Check if timeutil.c##41e0fe037686dc27259cc3a17b60b380.gcov is included (gcov file)...
(DEBUG)   Filter AlwaysMatchFilter() matched.
(DEBUG) --> File is included.
(DEBUG) Check if /home/sufyan/Zephyr_IOMICO/zephyr-course/app/modules/ring_buf/timeutil.c##41e0fe037686dc27259cc3a17b60b380.gcov is included (trace)...
(DEBUG)   No filter matched.
(DEBUG) --> File is excluded.
(DEBUG) Finding source file corresponding to a gcov data file
  gcov_fname   /home/sufyan/Zephyr_IOMICO/zephyr-course/app/modules/ring_buf/timeutil.c##41e0fe037686dc27259cc3a17b60b380.gcov
  current_dir  /home/sufyan/Zephyr_IOMICO/zephyr-course/app/modules/ring_buf
  root         /home/sufyan/Zephyr_IOMICO/zephyr-course/app/modules/ring_buf
  starting_dir /home/sufyan/Zephyr_IOMICO/zephyr-course
  obj_dir      None
  gcda_fname   ../../../twister-out/native_sim_native/host/homework.unit.ring_buf/zephyr/CMakeFiles/zephyr.dir/lib/utils/timeutil.c.gcda
  --> fname    /home/sufyan/Zephyr_IOMICO/deps/zephyr/lib/utils/timeutil.c
(DEBUG) Check if /home/sufyan/Zephyr_IOMICO/deps/zephyr/lib/utils/timeutil.c is included (source file)...
(DEBUG)   No filter matched.
(DEBUG) --> File is excluded.
(DEBUG) Check if /home/sufyan/Zephyr_IOMICO/zephyr-course/twister-out/native_sim_native/host/homework.unit.ring_buf/zephyr/CMakeFiles/zephyr.dir/misc/generated/configs.c.gcda is included (trace)...
(DEBUG)   No filter matched.
(DEBUG) --> File is excluded.
(DEBUG) Check if /home/sufyan/Zephyr_IOMICO/zephyr-course/twister-out/native_sim_native/host/homework.unit.ring_buf/zephyr/CMakeFiles/zephyr.dir/misc/generated/configs.c.gcda is included (trace)...
(DEBUG) --> File is excluded.
(DEBUG) Check if configs.c##9e59662244bab0316820876c47403a39.gcov is included (gcov file)...
(DEBUG)   Filter AlwaysMatchFilter() matched.
(DEBUG) --> File is included.
(DEBUG) Check if /home/sufyan/Zephyr_IOMICO/zephyr-course/app/modules/ring_buf/configs.c##9e59662244bab0316820876c47403a39.gcov is included (trace)...
(DEBUG)   No filter matched.
(DEBUG) --> File is excluded.
(DEBUG) Finding source file corresponding to a gcov data file
  gcov_fname   /home/sufyan/Zephyr_IOMICO/zephyr-course/app/modules/ring_buf/configs.c##9e59662244bab0316820876c47403a39.gcov
  current_dir  /home/sufyan/Zephyr_IOMICO/zephyr-course/app/modules/ring_buf
  root         /home/sufyan/Zephyr_IOMICO/zephyr-course/app/modules/ring_buf
  starting_dir /home/sufyan/Zephyr_IOMICO/zephyr-course
  obj_dir      None
  gcda_fname   ../../../twister-out/native_sim_native/host/homework.unit.ring_buf/zephyr/CMakeFiles/zephyr.dir/misc/generated/configs.c.gcda
  --> fname    /home/sufyan/Zephyr_IOMICO/zephyr-course/twister-out/native_sim_native/host/homework.unit.ring_buf/zephyr/misc/generated/configs.c
(DEBUG) Check if /home/sufyan/Zephyr_IOMICO/zephyr-course/twister-out/native_sim_native/host/homework.unit.ring_buf/zephyr/misc/generated/configs.c is included (source file)...
(DEBUG)   No filter matched.
(DEBUG) --> File is excluded.
(DEBUG) Check if /home/sufyan/Zephyr_IOMICO/zephyr-course/twister-out/native_sim_native/host/homework.unit.ring_buf/zephyr/CMakeFiles/zephyr.dir/subsys/logging/backends/log_backend_native_posix.c.gcda is included (trace)...
(DEBUG)   No filter matched.
(DEBUG) --> File is excluded.
(DEBUG) Check if /home/sufyan/Zephyr_IOMICO/zephyr-course/twister-out/native_sim_native/host/homework.unit.ring_buf/zephyr/CMakeFiles/zephyr.dir/subsys/logging/backends/log_backend_native_posix.c.gcda is included (trace)...
(DEBUG) --> File is excluded.
(DEBUG) Check if log_backend_native_posix.c##8d3c32a49bc745f32a78d15726e14842.gcov is included (gcov file)...
(DEBUG)   Filter AlwaysMatchFilter() matched.
(DEBUG) --> File is included.
(DEBUG) Check if log_backend_std.h##b4e0cb7a9400ffdade709c73ec08a15d.gcov is included (gcov file)...
(DEBUG)   Filter AlwaysMatchFilter() matched.
(DEBUG) --> File is included.
(DEBUG) Check if log_output.h##489a78eeab4f10670d6ec2b823c7d277.gcov is included (gcov file)...
(DEBUG)   Filter AlwaysMatchFilter() matched.
(DEBUG) --> File is included.
(DEBUG) Check if /home/sufyan/Zephyr_IOMICO/zephyr-course/app/modules/ring_buf/log_backend_std.h##b4e0cb7a9400ffdade709c73ec08a15d.gcov is included (trace)...
(DEBUG)   No filter matched.
(DEBUG) --> File is excluded.
(DEBUG) Finding source file corresponding to a gcov data file
  gcov_fname   /home/sufyan/Zephyr_IOMICO/zephyr-course/app/modules/ring_buf/log_backend_std.h##b4e0cb7a9400ffdade709c73ec08a15d.gcov
  current_dir  /home/sufyan/Zephyr_IOMICO/zephyr-course/app/modules/ring_buf
  root         /home/sufyan/Zephyr_IOMICO/zephyr-course/app/modules/ring_buf
  starting_dir /home/sufyan/Zephyr_IOMICO/zephyr-course
  obj_dir      None
  gcda_fname   ../../../twister-out/native_sim_native/host/homework.unit.ring_buf/zephyr/CMakeFiles/zephyr.dir/subsys/logging/backends/log_backend_native_posix.c.gcda
  --> fname    /home/sufyan/Zephyr_IOMICO/deps/zephyr/include/zephyr/logging/log_backend_std.h
(DEBUG) Check if /home/sufyan/Zephyr_IOMICO/deps/zephyr/include/zephyr/logging/log_backend_std.h is included (source file)...
(DEBUG)   No filter matched.
(DEBUG) --> File is excluded.
(DEBUG) Check if /home/sufyan/Zephyr_IOMICO/zephyr-course/app/modules/ring_buf/log_output.h##489a78eeab4f10670d6ec2b823c7d277.gcov is included (trace)...
(DEBUG)   No filter matched.
(DEBUG) --> File is excluded.
(DEBUG) Finding source file corresponding to a gcov data file
  gcov_fname   /home/sufyan/Zephyr_IOMICO/zephyr-course/app/modules/ring_buf/log_output.h##489a78eeab4f10670d6ec2b823c7d277.gcov
  current_dir  /home/sufyan/Zephyr_IOMICO/zephyr-course/app/modules/ring_buf
  root         /home/sufyan/Zephyr_IOMICO/zephyr-course/app/modules/ring_buf
  starting_dir /home/sufyan/Zephyr_IOMICO/zephyr-course
  obj_dir      None
  gcda_fname   ../../../twister-out/native_sim_native/host/homework.unit.ring_buf/zephyr/CMakeFiles/zephyr.dir/subsys/logging/backends/log_backend_native_posix.c.gcda
  --> fname    /home/sufyan/Zephyr_IOMICO/deps/zephyr/include/zephyr/logging/log_output.h
(DEBUG) Check if /home/sufyan/Zephyr_IOMICO/deps/zephyr/include/zephyr/logging/log_output.h is included (source file)...
(DEBUG)   No filter matched.
(DEBUG) --> File is excluded.
(DEBUG) Check if /home/sufyan/Zephyr_IOMICO/zephyr-course/app/modules/ring_buf/log_backend_native_posix.c##8d3c32a49bc745f32a78d15726e14842.gcov is included (trace)...
(DEBUG)   No filter matched.
(DEBUG) --> File is excluded.
(DEBUG) Finding source file corresponding to a gcov data file
  gcov_fname   /home/sufyan/Zephyr_IOMICO/zephyr-course/app/modules/ring_buf/log_backend_native_posix.c##8d3c32a49bc745f32a78d15726e14842.gcov
  current_dir  /home/sufyan/Zephyr_IOMICO/zephyr-course/app/modules/ring_buf
  root         /home/sufyan/Zephyr_IOMICO/zephyr-course/app/modules/ring_buf
  starting_dir /home/sufyan/Zephyr_IOMICO/zephyr-course
  obj_dir      None
  gcda_fname   ../../../twister-out/native_sim_native/host/homework.unit.ring_buf/zephyr/CMakeFiles/zephyr.dir/subsys/logging/backends/log_backend_native_posix.c.gcda
  --> fname    /home/sufyan/Zephyr_IOMICO/deps/zephyr/subsys/logging/backends/log_backend_native_posix.c
(DEBUG) Check if /home/sufyan/Zephyr_IOMICO/deps/zephyr/subsys/logging/backends/log_backend_native_posix.c is included (source file)...
(DEBUG)   No filter matched.
(DEBUG) --> File is excluded.
(DEBUG) Check if /home/sufyan/Zephyr_IOMICO/zephyr-course/twister-out/native_sim_native/host/homework.unit.ring_buf/zephyr/CMakeFiles/zephyr.dir/subsys/logging/log_cache.c.gcda is included (trace)...
(DEBUG)   No filter matched.
(DEBUG) --> File is excluded.
(DEBUG) Check if /home/sufyan/Zephyr_IOMICO/zephyr-course/twister-out/native_sim_native/host/homework.unit.ring_buf/zephyr/CMakeFiles/zephyr.dir/subsys/logging/log_cache.c.gcda is included (trace)...
(DEBUG) --> File is excluded.
(DEBUG) Check if log_cache.c##e56760f8c79fb96101ec0c06a68ec4a2.gcov is included (gcov file)...
(DEBUG)   Filter AlwaysMatchFilter() matched.
(DEBUG) --> File is included.
(DEBUG) Check if slist.h##a2be9c325ed0449952d94437f6b2e046.gcov is included (gcov file)...
(DEBUG)   Filter AlwaysMatchFilter() matched.
(DEBUG) --> File is included.
(DEBUG) Check if /home/sufyan/Zephyr_IOMICO/zephyr-course/app/modules/ring_buf/slist.h##a2be9c325ed0449952d94437f6b2e046.gcov is included (trace)...
(DEBUG)   No filter matched.
(DEBUG) --> File is excluded.
(DEBUG) Finding source file corresponding to a gcov data file
  gcov_fname   /home/sufyan/Zephyr_IOMICO/zephyr-course/app/modules/ring_buf/slist.h##a2be9c325ed0449952d94437f6b2e046.gcov
  current_dir  /home/sufyan/Zephyr_IOMICO/zephyr-course/app/modules/ring_buf
  root         /home/sufyan/Zephyr_IOMICO/zephyr-course/app/modules/ring_buf
  starting_dir /home/sufyan/Zephyr_IOMICO/zephyr-course
  obj_dir      None
  gcda_fname   ../../../twister-out/native_sim_native/host/homework.unit.ring_buf/zephyr/CMakeFiles/zephyr.dir/subsys/logging/log_cache.c.gcda
  --> fname    /home/sufyan/Zephyr_IOMICO/deps/zephyr/include/zephyr/sys/slist.h
(DEBUG) Check if /home/sufyan/Zephyr_IOMICO/deps/zephyr/include/zephyr/sys/slist.h is included (source file)...
(DEBUG)   No filter matched.
(DEBUG) --> File is excluded.
(DEBUG) Check if /home/sufyan/Zephyr_IOMICO/zephyr-course/app/modules/ring_buf/log_cache.c##e56760f8c79fb96101ec0c06a68ec4a2.gcov is included (trace)...
(DEBUG)   No filter matched.
(DEBUG) --> File is excluded.
(DEBUG) Finding source file corresponding to a gcov data file
  gcov_fname   /home/sufyan/Zephyr_IOMICO/zephyr-course/app/modules/ring_buf/log_cache.c##e56760f8c79fb96101ec0c06a68ec4a2.gcov
  current_dir  /home/sufyan/Zephyr_IOMICO/zephyr-course/app/modules/ring_buf
  root         /home/sufyan/Zephyr_IOMICO/zephyr-course/app/modules/ring_buf
  starting_dir /home/sufyan/Zephyr_IOMICO/zephyr-course
  obj_dir      None
  gcda_fname   ../../../twister-out/native_sim_native/host/homework.unit.ring_buf/zephyr/CMakeFiles/zephyr.dir/subsys/logging/log_cache.c.gcda
  --> fname    /home/sufyan/Zephyr_IOMICO/deps/zephyr/subsys/logging/log_cache.c
(DEBUG) Check if /home/sufyan/Zephyr_IOMICO/deps/zephyr/subsys/logging/log_cache.c is included (source file)...
(DEBUG)   No filter matched.
(DEBUG) --> File is excluded.
(DEBUG) Check if /home/sufyan/Zephyr_IOMICO/zephyr-course/twister-out/native_sim_native/host/homework.unit.ring_buf/zephyr/CMakeFiles/zephyr.dir/subsys/logging/log_core.c.gcda is included (trace)...
(DEBUG)   No filter matched.
(DEBUG) --> File is excluded.
(DEBUG) Check if /home/sufyan/Zephyr_IOMICO/zephyr-course/twister-out/native_sim_native/host/homework.unit.ring_buf/zephyr/CMakeFiles/zephyr.dir/subsys/logging/log_core.c.gcda is included (trace)...
(DEBUG) --> File is excluded.
(DEBUG) Check if log_core.c##e4473761e594abed706f598615859b93.gcov is included (gcov file)...
(DEBUG)   Filter AlwaysMatchFilter() matched.
(DEBUG) --> File is included.
(DEBUG) Check if log_ctrl.h##57b6e6ed29bc9abbe1cfe0da87527331.gcov is included (gcov file)...
(DEBUG)   Filter AlwaysMatchFilter() matched.
(DEBUG) --> File is included.
(DEBUG) Check if log_backend.h##7f28ec1591696be284cad8ef6ea725b3.gcov is included (gcov file)...
(DEBUG)   Filter AlwaysMatchFilter() matched.
(DEBUG) --> File is included.
(DEBUG) Check if kernel.h##613194e766979d51f14f46fda6f8f0e6.gcov is included (gcov file)...
(DEBUG) --> File is included.
(DEBUG) Check if kernel.h##0603b591ac855b4a2926257de0e213f1.gcov is included (gcov file)...
(DEBUG) --> File is included.
(DEBUG) Check if spinlock.h##ac54c28a46b90c889de3665abac3ef1a.gcov is included (gcov file)...
(DEBUG) --> File is included.
(DEBUG) Check if log_msg.h##c3d7a43353dd151ee47d3c13d66651b3.gcov is included (gcov file)...
(DEBUG) --> File is included.
(DEBUG) Check if arch.h##dc70e81a221e00a96b5b011e55795c6f.gcov is included (gcov file)...
(DEBUG) --> File is included.
(DEBUG) Check if atomic_builtin.h##d0dc482dc22dee5dc9801bf3a9813258.gcov is included (gcov file)...
(DEBUG)   Filter AlwaysMatchFilter() matched.
(DEBUG) --> File is included.
(DEBUG) Check if /home/sufyan/Zephyr_IOMICO/zephyr-course/app/modules/ring_buf/log_ctrl.h##57b6e6ed29bc9abbe1cfe0da87527331.gcov is included (trace)...
(DEBUG)   No filter matched.
(DEBUG) --> File is excluded.
(DEBUG) Finding source file corresponding to a gcov data file
  gcov_fname   /home/sufyan/Zephyr_IOMICO/zephyr-course/app/modules/ring_buf/log_ctrl.h##57b6e6ed29bc9abbe1cfe0da87527331.gcov
  current_dir  /home/sufyan/Zephyr_IOMICO/zephyr-course/app/modules/ring_buf
  root         /home/sufyan/Zephyr_IOMICO/zephyr-course/app/modules/ring_buf
  starting_dir /home/sufyan/Zephyr_IOMICO/zephyr-course
  obj_dir      None
  gcda_fname   ../../../twister-out/native_sim_native/host/homework.unit.ring_buf/zephyr/CMakeFiles/zephyr.dir/subsys/logging/log_core.c.gcda
  --> fname    /home/sufyan/Zephyr_IOMICO/zephyr-course/twister-out/native_sim_native/host/homework.unit.ring_buf/zephyr/include/generated/zephyr/syscalls/log_ctrl.h
(DEBUG) Check if /home/sufyan/Zephyr_IOMICO/zephyr-course/twister-out/native_sim_native/host/homework.unit.ring_buf/zephyr/include/generated/zephyr/syscalls/log_ctrl.h is included (source file)...
(DEBUG)   No filter matched.
(DEBUG) --> File is excluded.
(DEBUG) Check if /home/sufyan/Zephyr_IOMICO/zephyr-course/app/modules/ring_buf/log_core.c##e4473761e594abed706f598615859b93.gcov is included (trace)...
(DEBUG)   No filter matched.
(DEBUG) --> File is excluded.
(DEBUG) Finding source file corresponding to a gcov data file
  gcov_fname   /home/sufyan/Zephyr_IOMICO/zephyr-course/app/modules/ring_buf/log_core.c##e4473761e594abed706f598615859b93.gcov
  current_dir  /home/sufyan/Zephyr_IOMICO/zephyr-course/app/modules/ring_buf
  root         /home/sufyan/Zephyr_IOMICO/zephyr-course/app/modules/ring_buf
  starting_dir /home/sufyan/Zephyr_IOMICO/zephyr-course
  obj_dir      None
  gcda_fname   ../../../twister-out/native_sim_native/host/homework.unit.ring_buf/zephyr/CMakeFiles/zephyr.dir/subsys/logging/log_core.c.gcda
  --> fname    /home/sufyan/Zephyr_IOMICO/deps/zephyr/subsys/logging/log_core.c
(DEBUG) Check if /home/sufyan/Zephyr_IOMICO/deps/zephyr/subsys/logging/log_core.c is included (source file)...
(DEBUG)   No filter matched.
(DEBUG) --> File is excluded.
(DEBUG) Check if /home/sufyan/Zephyr_IOMICO/zephyr-course/app/modules/ring_buf/log_backend.h##7f28ec1591696be284cad8ef6ea725b3.gcov is included (trace)...
(DEBUG)   No filter matched.
(DEBUG) --> File is excluded.
(DEBUG) Finding source file corresponding to a gcov data file
  gcov_fname   /home/sufyan/Zephyr_IOMICO/zephyr-course/app/modules/ring_buf/log_backend.h##7f28ec1591696be284cad8ef6ea725b3.gcov
  current_dir  /home/sufyan/Zephyr_IOMICO/zephyr-course/app/modules/ring_buf
  root         /home/sufyan/Zephyr_IOMICO/zephyr-course/app/modules/ring_buf
  starting_dir /home/sufyan/Zephyr_IOMICO/zephyr-course
  obj_dir      None
  gcda_fname   ../../../twister-out/native_sim_native/host/homework.unit.ring_buf/zephyr/CMakeFiles/zephyr.dir/subsys/logging/log_core.c.gcda
  --> fname    /home/sufyan/Zephyr_IOMICO/deps/zephyr/include/zephyr/logging/log_backend.h
(DEBUG) Check if /home/sufyan/Zephyr_IOMICO/deps/zephyr/include/zephyr/logging/log_backend.h is included (source file)...
(DEBUG)   No filter matched.
(DEBUG) --> File is excluded.
(DEBUG) Check if /home/sufyan/Zephyr_IOMICO/zephyr-course/app/modules/ring_buf/arch.h##dc70e81a221e00a96b5b011e55795c6f.gcov is included (trace)...
(DEBUG) --> File is excluded.
(DEBUG) Finding source file corresponding to a gcov data file
  gcov_fname   /home/sufyan/Zephyr_IOMICO/zephyr-course/app/modules/ring_buf/arch.h##dc70e81a221e00a96b5b011e55795c6f.gcov
  current_dir  /home/sufyan/Zephyr_IOMICO/zephyr-course/app/modules/ring_buf
  root         /home/sufyan/Zephyr_IOMICO/zephyr-course/app/modules/ring_buf
  starting_dir /home/sufyan/Zephyr_IOMICO/zephyr-course
  obj_dir      None
  gcda_fname   ../../../twister-out/native_sim_native/host/homework.unit.ring_buf/zephyr/CMakeFiles/zephyr.dir/subsys/logging/log_core.c.gcda
  --> fname    /home/sufyan/Zephyr_IOMICO/deps/zephyr/include/zephyr/arch/posix/arch.h
(DEBUG) Check if /home/sufyan/Zephyr_IOMICO/deps/zephyr/include/zephyr/arch/posix/arch.h is included (source file)...
(DEBUG) --> File is excluded.
(DEBUG) Check if /home/sufyan/Zephyr_IOMICO/zephyr-course/app/modules/ring_buf/atomic_builtin.h##d0dc482dc22dee5dc9801bf3a9813258.gcov is included (trace)...
(DEBUG)   No filter matched.
(DEBUG) --> File is excluded.
(DEBUG) Finding source file corresponding to a gcov data file
  gcov_fname   /home/sufyan/Zephyr_IOMICO/zephyr-course/app/modules/ring_buf/atomic_builtin.h##d0dc482dc22dee5dc9801bf3a9813258.gcov
  current_dir  /home/sufyan/Zephyr_IOMICO/zephyr-course/app/modules/ring_buf
  root         /home/sufyan/Zephyr_IOMICO/zephyr-course/app/modules/ring_buf
  starting_dir /home/sufyan/Zephyr_IOMICO/zephyr-course
  obj_dir      None
  gcda_fname   ../../../twister-out/native_sim_native/host/homework.unit.ring_buf/zephyr/CMakeFiles/zephyr.dir/subsys/logging/log_core.c.gcda
  --> fname    /home/sufyan/Zephyr_IOMICO/deps/zephyr/include/zephyr/sys/atomic_builtin.h
(DEBUG) Check if /home/sufyan/Zephyr_IOMICO/deps/zephyr/include/zephyr/sys/atomic_builtin.h is included (source file)...
(DEBUG)   No filter matched.
(DEBUG) --> File is excluded.
(DEBUG) Check if /home/sufyan/Zephyr_IOMICO/zephyr-course/app/modules/ring_buf/spinlock.h##ac54c28a46b90c889de3665abac3ef1a.gcov is included (trace)...
(DEBUG) --> File is excluded.
(DEBUG) Finding source file corresponding to a gcov data file
  gcov_fname   /home/sufyan/Zephyr_IOMICO/zephyr-course/app/modules/ring_buf/spinlock.h##ac54c28a46b90c889de3665abac3ef1a.gcov
  current_dir  /home/sufyan/Zephyr_IOMICO/zephyr-course/app/modules/ring_buf
  root         /home/sufyan/Zephyr_IOMICO/zephyr-course/app/modules/ring_buf
  starting_dir /home/sufyan/Zephyr_IOMICO/zephyr-course
  obj_dir      None
  gcda_fname   ../../../twister-out/native_sim_native/host/homework.unit.ring_buf/zephyr/CMakeFiles/zephyr.dir/subsys/logging/log_core.c.gcda
  --> fname    /home/sufyan/Zephyr_IOMICO/deps/zephyr/include/zephyr/spinlock.h
(DEBUG) Check if /home/sufyan/Zephyr_IOMICO/deps/zephyr/include/zephyr/spinlock.h is included (source file)...
(DEBUG) --> File is excluded.
(DEBUG) Check if /home/sufyan/Zephyr_IOMICO/zephyr-course/app/modules/ring_buf/kernel.h##613194e766979d51f14f46fda6f8f0e6.gcov is included (trace)...
(DEBUG) --> File is excluded.
(DEBUG) Finding source file corresponding to a gcov data file
  gcov_fname   /home/sufyan/Zephyr_IOMICO/zephyr-course/app/modules/ring_buf/kernel.h##613194e766979d51f14f46fda6f8f0e6.gcov
  current_dir  /home/sufyan/Zephyr_IOMICO/zephyr-course/app/modules/ring_buf
  root         /home/sufyan/Zephyr_IOMICO/zephyr-course/app/modules/ring_buf
  starting_dir /home/sufyan/Zephyr_IOMICO/zephyr-course
  obj_dir      None
  gcda_fname   ../../../twister-out/native_sim_native/host/homework.unit.ring_buf/zephyr/CMakeFiles/zephyr.dir/subsys/logging/log_core.c.gcda
  --> fname    /home/sufyan/Zephyr_IOMICO/zephyr-course/twister-out/native_sim_native/host/homework.unit.ring_buf/zephyr/include/generated/zephyr/syscalls/kernel.h
(DEBUG) Check if /home/sufyan/Zephyr_IOMICO/zephyr-course/twister-out/native_sim_native/host/homework.unit.ring_buf/zephyr/include/generated/zephyr/syscalls/kernel.h is included (source file)...
(DEBUG) --> File is excluded.
(DEBUG) Check if /home/sufyan/Zephyr_IOMICO/zephyr-course/app/modules/ring_buf/log_msg.h##c3d7a43353dd151ee47d3c13d66651b3.gcov is included (trace)...
(DEBUG) --> File is excluded.
(DEBUG) Finding source file corresponding to a gcov data file
  gcov_fname   /home/sufyan/Zephyr_IOMICO/zephyr-course/app/modules/ring_buf/log_msg.h##c3d7a43353dd151ee47d3c13d66651b3.gcov
  current_dir  /home/sufyan/Zephyr_IOMICO/zephyr-course/app/modules/ring_buf
  root         /home/sufyan/Zephyr_IOMICO/zephyr-course/app/modules/ring_buf
  starting_dir /home/sufyan/Zephyr_IOMICO/zephyr-course
  obj_dir      None
  gcda_fname   ../../../twister-out/native_sim_native/host/homework.unit.ring_buf/zephyr/CMakeFiles/zephyr.dir/subsys/logging/log_core.c.gcda
  --> fname    /home/sufyan/Zephyr_IOMICO/deps/zephyr/include/zephyr/logging/log_msg.h
(DEBUG) Check if /home/sufyan/Zephyr_IOMICO/deps/zephyr/include/zephyr/logging/log_msg.h is included (source file)...
(DEBUG) --> File is excluded.
(DEBUG) Check if /home/sufyan/Zephyr_IOMICO/zephyr-course/app/modules/ring_buf/kernel.h##0603b591ac855b4a2926257de0e213f1.gcov is included (trace)...
(DEBUG) --> File is excluded.
(DEBUG) Finding source file corresponding to a gcov data file
  gcov_fname   /home/sufyan/Zephyr_IOMICO/zephyr-course/app/modules/ring_buf/kernel.h##0603b591ac855b4a2926257de0e213f1.gcov
  current_dir  /home/sufyan/Zephyr_IOMICO/zephyr-course/app/modules/ring_buf
  root         /home/sufyan/Zephyr_IOMICO/zephyr-course/app/modules/ring_buf
  starting_dir /home/sufyan/Zephyr_IOMICO/zephyr-course
  obj_dir      None
  gcda_fname   ../../../twister-out/native_sim_native/host/homework.unit.ring_buf/zephyr/CMakeFiles/zephyr.dir/subsys/logging/log_core.c.gcda
  --> fname    /home/sufyan/Zephyr_IOMICO/deps/zephyr/include/zephyr/kernel.h
(DEBUG) Check if /home/sufyan/Zephyr_IOMICO/deps/zephyr/include/zephyr/kernel.h is included (source file)...
(DEBUG) --> File is excluded.
(DEBUG) Check if /home/sufyan/Zephyr_IOMICO/zephyr-course/twister-out/native_sim_native/host/homework.unit.ring_buf/zephyr/CMakeFiles/zephyr.dir/subsys/logging/log_mgmt.c.gcda is included (trace)...
(DEBUG)   No filter matched.
(DEBUG) --> File is excluded.
(DEBUG) Check if /home/sufyan/Zephyr_IOMICO/zephyr-course/twister-out/native_sim_native/host/homework.unit.ring_buf/zephyr/CMakeFiles/zephyr.dir/subsys/logging/log_mgmt.c.gcda is included (trace)...
(DEBUG) --> File is excluded.
(DEBUG) Check if log_mgmt.c##efef7e5da859e487c9da5ae4e53f106d.gcov is included (gcov file)...
(DEBUG)   Filter AlwaysMatchFilter() matched.
(DEBUG) --> File is included.
(DEBUG) Check if log_link.h##998ca8714d4f3ade2ae952fc4f3a925e.gcov is included (gcov file)...
(DEBUG)   Filter AlwaysMatchFilter() matched.
(DEBUG) --> File is included.
(DEBUG) Check if log_ctrl.h##57b6e6ed29bc9abbe1cfe0da87527331.gcov is included (gcov file)...
(DEBUG) --> File is included.
(DEBUG) Check if log_backend.h##7f28ec1591696be284cad8ef6ea725b3.gcov is included (gcov file)...
(DEBUG) --> File is included.
(DEBUG) Check if log_internal.h##7f3a0fa3cbddf08c88843895c041311c.gcov is included (gcov file)...
(DEBUG)   Filter AlwaysMatchFilter() matched.
(DEBUG) --> File is included.
(DEBUG) Check if log_core.h##2acde1d278468265e279acb9e7bd23bb.gcov is included (gcov file)...
(DEBUG)   Filter AlwaysMatchFilter() matched.
(DEBUG) --> File is included.
(DEBUG) Check if /home/sufyan/Zephyr_IOMICO/zephyr-course/app/modules/ring_buf/log_core.h##2acde1d278468265e279acb9e7bd23bb.gcov is included (trace)...
(DEBUG)   No filter matched.
(DEBUG) --> File is excluded.
(DEBUG) Finding source file corresponding to a gcov data file
  gcov_fname   /home/sufyan/Zephyr_IOMICO/zephyr-course/app/modules/ring_buf/log_core.h##2acde1d278468265e279acb9e7bd23bb.gcov
  current_dir  /home/sufyan/Zephyr_IOMICO/zephyr-course/app/modules/ring_buf
  root         /home/sufyan/Zephyr_IOMICO/zephyr-course/app/modules/ring_buf
  starting_dir /home/sufyan/Zephyr_IOMICO/zephyr-course
  obj_dir      None
  gcda_fname   ../../../twister-out/native_sim_native/host/homework.unit.ring_buf/zephyr/CMakeFiles/zephyr.dir/subsys/logging/log_mgmt.c.gcda
  --> fname    /home/sufyan/Zephyr_IOMICO/deps/zephyr/include/zephyr/logging/log_core.h
(DEBUG) Check if /home/sufyan/Zephyr_IOMICO/deps/zephyr/include/zephyr/logging/log_core.h is included (source file)...
(DEBUG)   No filter matched.
(DEBUG) --> File is excluded.
(DEBUG) Check if /home/sufyan/Zephyr_IOMICO/zephyr-course/app/modules/ring_buf/log_link.h##998ca8714d4f3ade2ae952fc4f3a925e.gcov is included (trace)...
(DEBUG)   No filter matched.
(DEBUG) --> File is excluded.
(DEBUG) Finding source file corresponding to a gcov data file
  gcov_fname   /home/sufyan/Zephyr_IOMICO/zephyr-course/app/modules/ring_buf/log_link.h##998ca8714d4f3ade2ae952fc4f3a925e.gcov
  current_dir  /home/sufyan/Zephyr_IOMICO/zephyr-course/app/modules/ring_buf
  root         /home/sufyan/Zephyr_IOMICO/zephyr-course/app/modules/ring_buf
  starting_dir /home/sufyan/Zephyr_IOMICO/zephyr-course
  obj_dir      None
  gcda_fname   ../../../twister-out/native_sim_native/host/homework.unit.ring_buf/zephyr/CMakeFiles/zephyr.dir/subsys/logging/log_mgmt.c.gcda
  --> fname    /home/sufyan/Zephyr_IOMICO/deps/zephyr/include/zephyr/logging/log_link.h
(DEBUG) Check if /home/sufyan/Zephyr_IOMICO/deps/zephyr/include/zephyr/logging/log_link.h is included (source file)...
(DEBUG)   No filter matched.
(DEBUG) --> File is excluded.
(DEBUG) Check if /home/sufyan/Zephyr_IOMICO/zephyr-course/app/modules/ring_buf/log_ctrl.h##57b6e6ed29bc9abbe1cfe0da87527331.gcov is included (trace)...
(DEBUG) --> File is excluded.
(DEBUG) Finding source file corresponding to a gcov data file
  gcov_fname   /home/sufyan/Zephyr_IOMICO/zephyr-course/app/modules/ring_buf/log_ctrl.h##57b6e6ed29bc9abbe1cfe0da87527331.gcov
  current_dir  /home/sufyan/Zephyr_IOMICO/zephyr-course/app/modules/ring_buf
  root         /home/sufyan/Zephyr_IOMICO/zephyr-course/app/modules/ring_buf
  starting_dir /home/sufyan/Zephyr_IOMICO/zephyr-course
  obj_dir      None
  gcda_fname   ../../../twister-out/native_sim_native/host/homework.unit.ring_buf/zephyr/CMakeFiles/zephyr.dir/subsys/logging/log_mgmt.c.gcda
  --> fname    /home/sufyan/Zephyr_IOMICO/zephyr-course/twister-out/native_sim_native/host/homework.unit.ring_buf/zephyr/include/generated/zephyr/syscalls/log_ctrl.h
(DEBUG) Check if /home/sufyan/Zephyr_IOMICO/zephyr-course/twister-out/native_sim_native/host/homework.unit.ring_buf/zephyr/include/generated/zephyr/syscalls/log_ctrl.h is included (source file)...
(DEBUG) --> File is excluded.
(DEBUG) Check if /home/sufyan/Zephyr_IOMICO/zephyr-course/app/modules/ring_buf/log_backend.h##7f28ec1591696be284cad8ef6ea725b3.gcov is included (trace)...
(DEBUG) --> File is excluded.
(DEBUG) Finding source file corresponding to a gcov data file
  gcov_fname   /home/sufyan/Zephyr_IOMICO/zephyr-course/app/modules/ring_buf/log_backend.h##7f28ec1591696be284cad8ef6ea725b3.gcov
  current_dir  /home/sufyan/Zephyr_IOMICO/zephyr-course/app/modules/ring_buf
  root         /home/sufyan/Zephyr_IOMICO/zephyr-course/app/modules/ring_buf
  starting_dir /home/sufyan/Zephyr_IOMICO/zephyr-course
  obj_dir      None
  gcda_fname   ../../../twister-out/native_sim_native/host/homework.unit.ring_buf/zephyr/CMakeFiles/zephyr.dir/subsys/logging/log_mgmt.c.gcda
  --> fname    /home/sufyan/Zephyr_IOMICO/deps/zephyr/include/zephyr/logging/log_backend.h
(DEBUG) Check if /home/sufyan/Zephyr_IOMICO/deps/zephyr/include/zephyr/logging/log_backend.h is included (source file)...
(DEBUG) --> File is excluded.
(DEBUG) Check if /home/sufyan/Zephyr_IOMICO/zephyr-course/app/modules/ring_buf/log_mgmt.c##efef7e5da859e487c9da5ae4e53f106d.gcov is included (trace)...
(DEBUG)   No filter matched.
(DEBUG) --> File is excluded.
(DEBUG) Finding source file corresponding to a gcov data file
  gcov_fname   /home/sufyan/Zephyr_IOMICO/zephyr-course/app/modules/ring_buf/log_mgmt.c##efef7e5da859e487c9da5ae4e53f106d.gcov
  current_dir  /home/sufyan/Zephyr_IOMICO/zephyr-course/app/modules/ring_buf
  root         /home/sufyan/Zephyr_IOMICO/zephyr-course/app/modules/ring_buf
  starting_dir /home/sufyan/Zephyr_IOMICO/zephyr-course
  obj_dir      None
  gcda_fname   ../../../twister-out/native_sim_native/host/homework.unit.ring_buf/zephyr/CMakeFiles/zephyr.dir/subsys/logging/log_mgmt.c.gcda
  --> fname    /home/sufyan/Zephyr_IOMICO/deps/zephyr/subsys/logging/log_mgmt.c
(DEBUG) Check if /home/sufyan/Zephyr_IOMICO/deps/zephyr/subsys/logging/log_mgmt.c is included (source file)...
(DEBUG)   No filter matched.
(DEBUG) --> File is excluded.
(DEBUG) Check if /home/sufyan/Zephyr_IOMICO/zephyr-course/app/modules/ring_buf/log_internal.h##7f3a0fa3cbddf08c88843895c041311c.gcov is included (trace)...
(DEBUG)   No filter matched.
(DEBUG) --> File is excluded.
(DEBUG) Finding source file corresponding to a gcov data file
  gcov_fname   /home/sufyan/Zephyr_IOMICO/zephyr-course/app/modules/ring_buf/log_internal.h##7f3a0fa3cbddf08c88843895c041311c.gcov
  current_dir  /home/sufyan/Zephyr_IOMICO/zephyr-course/app/modules/ring_buf
  root         /home/sufyan/Zephyr_IOMICO/zephyr-course/app/modules/ring_buf
  starting_dir /home/sufyan/Zephyr_IOMICO/zephyr-course
  obj_dir      None
  gcda_fname   ../../../twister-out/native_sim_native/host/homework.unit.ring_buf/zephyr/CMakeFiles/zephyr.dir/subsys/logging/log_mgmt.c.gcda
  --> fname    /home/sufyan/Zephyr_IOMICO/deps/zephyr/include/zephyr/logging/log_internal.h
(DEBUG) Check if /home/sufyan/Zephyr_IOMICO/deps/zephyr/include/zephyr/logging/log_internal.h is included (source file)...
(DEBUG)   No filter matched.
(DEBUG) --> File is excluded.
(DEBUG) Check if /home/sufyan/Zephyr_IOMICO/zephyr-course/twister-out/native_sim_native/host/homework.unit.ring_buf/zephyr/CMakeFiles/zephyr.dir/subsys/logging/log_msg.c.gcda is included (trace)...
(DEBUG)   No filter matched.
(DEBUG) --> File is excluded.
(DEBUG) Check if /home/sufyan/Zephyr_IOMICO/zephyr-course/twister-out/native_sim_native/host/homework.unit.ring_buf/zephyr/CMakeFiles/zephyr.dir/subsys/logging/log_msg.c.gcda is included (trace)...
(DEBUG) --> File is excluded.
(DEBUG) Check if log_msg.c##09d4e12ce0a2cd8792a5ce87d8d18894.gcov is included (gcov file)...
(DEBUG)   Filter AlwaysMatchFilter() matched.
(DEBUG) --> File is included.
(DEBUG) Check if log_internal.h##7f3a0fa3cbddf08c88843895c041311c.gcov is included (gcov file)...
(DEBUG) --> File is included.
(DEBUG) Check if log_core.h##2acde1d278468265e279acb9e7bd23bb.gcov is included (gcov file)...
(DEBUG) --> File is included.
(DEBUG) Check if log_msg.h##c3d7a43353dd151ee47d3c13d66651b3.gcov is included (gcov file)...
(DEBUG) --> File is included.
(DEBUG) Check if cbprintf.h##5b8c1e0cc44011c2ff098d76df0481e1.gcov is included (gcov file)...
(DEBUG) --> File is included.
(DEBUG) Check if /home/sufyan/Zephyr_IOMICO/zephyr-course/app/modules/ring_buf/log_core.h##2acde1d278468265e279acb9e7bd23bb.gcov is included (trace)...
(DEBUG) --> File is excluded.
(DEBUG) Finding source file corresponding to a gcov data file
  gcov_fname   /home/sufyan/Zephyr_IOMICO/zephyr-course/app/modules/ring_buf/log_core.h##2acde1d278468265e279acb9e7bd23bb.gcov
  current_dir  /home/sufyan/Zephyr_IOMICO/zephyr-course/app/modules/ring_buf
  root         /home/sufyan/Zephyr_IOMICO/zephyr-course/app/modules/ring_buf
  starting_dir /home/sufyan/Zephyr_IOMICO/zephyr-course
  obj_dir      None
  gcda_fname   ../../../twister-out/native_sim_native/host/homework.unit.ring_buf/zephyr/CMakeFiles/zephyr.dir/subsys/logging/log_msg.c.gcda
  --> fname    /home/sufyan/Zephyr_IOMICO/deps/zephyr/include/zephyr/logging/log_core.h
(DEBUG) Check if /home/sufyan/Zephyr_IOMICO/deps/zephyr/include/zephyr/logging/log_core.h is included (source file)...
(DEBUG) --> File is excluded.
(DEBUG) Check if /home/sufyan/Zephyr_IOMICO/zephyr-course/app/modules/ring_buf/log_msg.c##09d4e12ce0a2cd8792a5ce87d8d18894.gcov is included (trace)...
(DEBUG)   No filter matched.
(DEBUG) --> File is excluded.
(DEBUG) Finding source file corresponding to a gcov data file
  gcov_fname   /home/sufyan/Zephyr_IOMICO/zephyr-course/app/modules/ring_buf/log_msg.c##09d4e12ce0a2cd8792a5ce87d8d18894.gcov
  current_dir  /home/sufyan/Zephyr_IOMICO/zephyr-course/app/modules/ring_buf
  root         /home/sufyan/Zephyr_IOMICO/zephyr-course/app/modules/ring_buf
  starting_dir /home/sufyan/Zephyr_IOMICO/zephyr-course
  obj_dir      None
  gcda_fname   ../../../twister-out/native_sim_native/host/homework.unit.ring_buf/zephyr/CMakeFiles/zephyr.dir/subsys/logging/log_msg.c.gcda
  --> fname    /home/sufyan/Zephyr_IOMICO/deps/zephyr/subsys/logging/log_msg.c
(DEBUG) Check if /home/sufyan/Zephyr_IOMICO/deps/zephyr/subsys/logging/log_msg.c is included (source file)...
(DEBUG)   No filter matched.
(DEBUG) --> File is excluded.
(DEBUG) Check if /home/sufyan/Zephyr_IOMICO/zephyr-course/app/modules/ring_buf/cbprintf.h##5b8c1e0cc44011c2ff098d76df0481e1.gcov is included (trace)...
(DEBUG) --> File is excluded.
(DEBUG) Finding source file corresponding to a gcov data file
  gcov_fname   /home/sufyan/Zephyr_IOMICO/zephyr-course/app/modules/ring_buf/cbprintf.h##5b8c1e0cc44011c2ff098d76df0481e1.gcov
  current_dir  /home/sufyan/Zephyr_IOMICO/zephyr-course/app/modules/ring_buf
  root         /home/sufyan/Zephyr_IOMICO/zephyr-course/app/modules/ring_buf
  starting_dir /home/sufyan/Zephyr_IOMICO/zephyr-course
  obj_dir      None
  gcda_fname   ../../../twister-out/native_sim_native/host/homework.unit.ring_buf/zephyr/CMakeFiles/zephyr.dir/subsys/logging/log_msg.c.gcda
  --> fname    /home/sufyan/Zephyr_IOMICO/deps/zephyr/include/zephyr/sys/cbprintf.h
(DEBUG) Check if /home/sufyan/Zephyr_IOMICO/deps/zephyr/include/zephyr/sys/cbprintf.h is included (source file)...
(DEBUG) --> File is excluded.
(DEBUG) Check if /home/sufyan/Zephyr_IOMICO/zephyr-course/app/modules/ring_buf/log_internal.h##7f3a0fa3cbddf08c88843895c041311c.gcov is included (trace)...
(DEBUG) --> File is excluded.
(DEBUG) Finding source file corresponding to a gcov data file
  gcov_fname   /home/sufyan/Zephyr_IOMICO/zephyr-course/app/modules/ring_buf/log_internal.h##7f3a0fa3cbddf08c88843895c041311c.gcov
  current_dir  /home/sufyan/Zephyr_IOMICO/zephyr-course/app/modules/ring_buf
  root         /home/sufyan/Zephyr_IOMICO/zephyr-course/app/modules/ring_buf
  starting_dir /home/sufyan/Zephyr_IOMICO/zephyr-course
  obj_dir      None
  gcda_fname   ../../../twister-out/native_sim_native/host/homework.unit.ring_buf/zephyr/CMakeFiles/zephyr.dir/subsys/logging/log_msg.c.gcda
  --> fname    /home/sufyan/Zephyr_IOMICO/deps/zephyr/include/zephyr/logging/log_internal.h
(DEBUG) Check if /home/sufyan/Zephyr_IOMICO/deps/zephyr/include/zephyr/logging/log_internal.h is included (source file)...
(DEBUG) --> File is excluded.
(DEBUG) Check if /home/sufyan/Zephyr_IOMICO/zephyr-course/app/modules/ring_buf/log_msg.h##c3d7a43353dd151ee47d3c13d66651b3.gcov is included (trace)...
(DEBUG) --> File is excluded.
(DEBUG) Finding source file corresponding to a gcov data file
  gcov_fname   /home/sufyan/Zephyr_IOMICO/zephyr-course/app/modules/ring_buf/log_msg.h##c3d7a43353dd151ee47d3c13d66651b3.gcov
  current_dir  /home/sufyan/Zephyr_IOMICO/zephyr-course/app/modules/ring_buf
  root         /home/sufyan/Zephyr_IOMICO/zephyr-course/app/modules/ring_buf
  starting_dir /home/sufyan/Zephyr_IOMICO/zephyr-course
  obj_dir      None
  gcda_fname   ../../../twister-out/native_sim_native/host/homework.unit.ring_buf/zephyr/CMakeFiles/zephyr.dir/subsys/logging/log_msg.c.gcda
  --> fname    /home/sufyan/Zephyr_IOMICO/deps/zephyr/include/zephyr/logging/log_msg.h
(DEBUG) Check if /home/sufyan/Zephyr_IOMICO/deps/zephyr/include/zephyr/logging/log_msg.h is included (source file)...
(DEBUG) --> File is excluded.
(DEBUG) Check if /home/sufyan/Zephyr_IOMICO/zephyr-course/twister-out/native_sim_native/host/homework.unit.ring_buf/zephyr/CMakeFiles/zephyr.dir/subsys/logging/log_output.c.gcda is included (trace)...
(DEBUG)   No filter matched.
(DEBUG) --> File is excluded.
(DEBUG) Check if /home/sufyan/Zephyr_IOMICO/zephyr-course/twister-out/native_sim_native/host/homework.unit.ring_buf/zephyr/CMakeFiles/zephyr.dir/subsys/logging/log_output.c.gcda is included (trace)...
(DEBUG) --> File is excluded.
(DEBUG) Check if log_output.c##64312dd6ba254f134bedb3c6b5fce51b.gcov is included (gcov file)...
(DEBUG)   Filter AlwaysMatchFilter() matched.
(DEBUG) --> File is included.
(DEBUG) Check if log_output.h##489a78eeab4f10670d6ec2b823c7d277.gcov is included (gcov file)...
(DEBUG) --> File is included.
(DEBUG) Check if log_msg.h##c3d7a43353dd151ee47d3c13d66651b3.gcov is included (gcov file)...
(DEBUG) --> File is included.
(DEBUG) Check if cbprintf.h##5b8c1e0cc44011c2ff098d76df0481e1.gcov is included (gcov file)...
(DEBUG) --> File is included.
(DEBUG) Check if /home/sufyan/Zephyr_IOMICO/zephyr-course/app/modules/ring_buf/cbprintf.h##5b8c1e0cc44011c2ff098d76df0481e1.gcov is included (trace)...
(DEBUG) --> File is excluded.
(DEBUG) Finding source file corresponding to a gcov data file
  gcov_fname   /home/sufyan/Zephyr_IOMICO/zephyr-course/app/modules/ring_buf/cbprintf.h##5b8c1e0cc44011c2ff098d76df0481e1.gcov
  current_dir  /home/sufyan/Zephyr_IOMICO/zephyr-course/app/modules/ring_buf
  root         /home/sufyan/Zephyr_IOMICO/zephyr-course/app/modules/ring_buf
  starting_dir /home/sufyan/Zephyr_IOMICO/zephyr-course
  obj_dir      None
  gcda_fname   ../../../twister-out/native_sim_native/host/homework.unit.ring_buf/zephyr/CMakeFiles/zephyr.dir/subsys/logging/log_output.c.gcda
  --> fname    /home/sufyan/Zephyr_IOMICO/deps/zephyr/include/zephyr/sys/cbprintf.h
(DEBUG) Check if /home/sufyan/Zephyr_IOMICO/deps/zephyr/include/zephyr/sys/cbprintf.h is included (source file)...
(DEBUG) --> File is excluded.
(DEBUG) Check if /home/sufyan/Zephyr_IOMICO/zephyr-course/app/modules/ring_buf/log_msg.h##c3d7a43353dd151ee47d3c13d66651b3.gcov is included (trace)...
(DEBUG) --> File is excluded.
(DEBUG) Finding source file corresponding to a gcov data file
  gcov_fname   /home/sufyan/Zephyr_IOMICO/zephyr-course/app/modules/ring_buf/log_msg.h##c3d7a43353dd151ee47d3c13d66651b3.gcov
  current_dir  /home/sufyan/Zephyr_IOMICO/zephyr-course/app/modules/ring_buf
  root         /home/sufyan/Zephyr_IOMICO/zephyr-course/app/modules/ring_buf
  starting_dir /home/sufyan/Zephyr_IOMICO/zephyr-course
  obj_dir      None
  gcda_fname   ../../../twister-out/native_sim_native/host/homework.unit.ring_buf/zephyr/CMakeFiles/zephyr.dir/subsys/logging/log_output.c.gcda
  --> fname    /home/sufyan/Zephyr_IOMICO/deps/zephyr/include/zephyr/logging/log_msg.h
(DEBUG) Check if /home/sufyan/Zephyr_IOMICO/deps/zephyr/include/zephyr/logging/log_msg.h is included (source file)...
(DEBUG) --> File is excluded.
(DEBUG) Check if /home/sufyan/Zephyr_IOMICO/zephyr-course/app/modules/ring_buf/log_output.h##489a78eeab4f10670d6ec2b823c7d277.gcov is included (trace)...
(DEBUG) --> File is excluded.
(DEBUG) Finding source file corresponding to a gcov data file
  gcov_fname   /home/sufyan/Zephyr_IOMICO/zephyr-course/app/modules/ring_buf/log_output.h##489a78eeab4f10670d6ec2b823c7d277.gcov
  current_dir  /home/sufyan/Zephyr_IOMICO/zephyr-course/app/modules/ring_buf
  root         /home/sufyan/Zephyr_IOMICO/zephyr-course/app/modules/ring_buf
  starting_dir /home/sufyan/Zephyr_IOMICO/zephyr-course
  obj_dir      None
  gcda_fname   ../../../twister-out/native_sim_native/host/homework.unit.ring_buf/zephyr/CMakeFiles/zephyr.dir/subsys/logging/log_output.c.gcda
  --> fname    /home/sufyan/Zephyr_IOMICO/deps/zephyr/include/zephyr/logging/log_output.h
(DEBUG) Check if /home/sufyan/Zephyr_IOMICO/deps/zephyr/include/zephyr/logging/log_output.h is included (source file)...
(DEBUG) --> File is excluded.
(DEBUG) Check if /home/sufyan/Zephyr_IOMICO/zephyr-course/app/modules/ring_buf/log_output.c##64312dd6ba254f134bedb3c6b5fce51b.gcov is included (trace)...
(DEBUG)   No filter matched.
(DEBUG) --> File is excluded.
(DEBUG) Finding source file corresponding to a gcov data file
  gcov_fname   /home/sufyan/Zephyr_IOMICO/zephyr-course/app/modules/ring_buf/log_output.c##64312dd6ba254f134bedb3c6b5fce51b.gcov
  current_dir  /home/sufyan/Zephyr_IOMICO/zephyr-course/app/modules/ring_buf
  root         /home/sufyan/Zephyr_IOMICO/zephyr-course/app/modules/ring_buf
  starting_dir /home/sufyan/Zephyr_IOMICO/zephyr-course
  obj_dir      None
  gcda_fname   ../../../twister-out/native_sim_native/host/homework.unit.ring_buf/zephyr/CMakeFiles/zephyr.dir/subsys/logging/log_output.c.gcda
  --> fname    /home/sufyan/Zephyr_IOMICO/deps/zephyr/subsys/logging/log_output.c
(DEBUG) Check if /home/sufyan/Zephyr_IOMICO/deps/zephyr/subsys/logging/log_output.c is included (source file)...
(DEBUG)   No filter matched.
(DEBUG) --> File is excluded.
(DEBUG) Check if /home/sufyan/Zephyr_IOMICO/zephyr-course/twister-out/native_sim_native/host/homework.unit.ring_buf/zephyr/CMakeFiles/zephyr.dir/subsys/tracing/tracing_none.c.gcda is included (trace)...
(DEBUG)   No filter matched.
(DEBUG) --> File is excluded.
(DEBUG) Check if /home/sufyan/Zephyr_IOMICO/zephyr-course/twister-out/native_sim_native/host/homework.unit.ring_buf/zephyr/CMakeFiles/zephyr.dir/subsys/tracing/tracing_none.c.gcda is included (trace)...
(DEBUG) --> File is excluded.
(DEBUG) Check if tracing_none.c##816b81dfea50e54d7ec141dfe13c847d.gcov is included (gcov file)...
(DEBUG)   Filter AlwaysMatchFilter() matched.
(DEBUG) --> File is included.
(DEBUG) Check if /home/sufyan/Zephyr_IOMICO/zephyr-course/app/modules/ring_buf/tracing_none.c##816b81dfea50e54d7ec141dfe13c847d.gcov is included (trace)...
(DEBUG)   No filter matched.
(DEBUG) --> File is excluded.
(DEBUG) Finding source file corresponding to a gcov data file
  gcov_fname   /home/sufyan/Zephyr_IOMICO/zephyr-course/app/modules/ring_buf/tracing_none.c##816b81dfea50e54d7ec141dfe13c847d.gcov
  current_dir  /home/sufyan/Zephyr_IOMICO/zephyr-course/app/modules/ring_buf
  root         /home/sufyan/Zephyr_IOMICO/zephyr-course/app/modules/ring_buf
  starting_dir /home/sufyan/Zephyr_IOMICO/zephyr-course
  obj_dir      None
  gcda_fname   ../../../twister-out/native_sim_native/host/homework.unit.ring_buf/zephyr/CMakeFiles/zephyr.dir/subsys/tracing/tracing_none.c.gcda
  --> fname    /home/sufyan/Zephyr_IOMICO/deps/zephyr/subsys/tracing/tracing_none.c
(DEBUG) Check if /home/sufyan/Zephyr_IOMICO/deps/zephyr/subsys/tracing/tracing_none.c is included (source file)...
(DEBUG)   No filter matched.
(DEBUG) --> File is excluded.
(DEBUG) Check if /home/sufyan/Zephyr_IOMICO/zephyr-course/twister-out/native_sim_native/host/homework.unit.ring_buf/zephyr/CMakeFiles/zephyr_pre0.dir/misc/empty_file.c.gcno is included (trace)...
(DEBUG)   No filter matched.
(DEBUG) --> File is excluded.
(DEBUG) Check if /home/sufyan/Zephyr_IOMICO/zephyr-course/twister-out/native_sim_native/host/homework.unit.ring_buf/zephyr/CMakeFiles/zephyr_pre0.dir/misc/empty_file.c.gcno is included (trace)...
(DEBUG) --> File is excluded.
(DEBUG) Check if /home/sufyan/Zephyr_IOMICO/zephyr-course/twister-out/native_sim_native/host/homework.unit.ring_buf/zephyr/NSI/common/src/main.gcda is included (trace)...
(DEBUG)   No filter matched.
(DEBUG) --> File is excluded.
(DEBUG) Check if /home/sufyan/Zephyr_IOMICO/zephyr-course/twister-out/native_sim_native/host/homework.unit.ring_buf/zephyr/NSI/common/src/main.gcda is included (trace)...
(DEBUG) --> File is excluded.
(DEBUG) Check if main.c##31d01e4e62dec4c29a4b183ef1dec1e7.gcov is included (gcov file)...
(DEBUG)   Filter AlwaysMatchFilter() matched.
(DEBUG) --> File is included.
(DEBUG) Check if nsi_hw_scheduler.h##3aa335cb6939879969c80454f3913ba5.gcov is included (gcov file)...
(DEBUG)   Filter AlwaysMatchFilter() matched.
(DEBUG) --> File is included.
(DEBUG) Check if /home/sufyan/Zephyr_IOMICO/zephyr-course/app/modules/ring_buf/main.c##31d01e4e62dec4c29a4b183ef1dec1e7.gcov is included (trace)...
(DEBUG)   No filter matched.
(DEBUG) --> File is excluded.
(DEBUG) Finding source file corresponding to a gcov data file
  gcov_fname   /home/sufyan/Zephyr_IOMICO/zephyr-course/app/modules/ring_buf/main.c##31d01e4e62dec4c29a4b183ef1dec1e7.gcov
  current_dir  /home/sufyan/Zephyr_IOMICO/zephyr-course/app/modules/ring_buf
  root         /home/sufyan/Zephyr_IOMICO/zephyr-course/app/modules/ring_buf
  starting_dir /home/sufyan/Zephyr_IOMICO/zephyr-course
  obj_dir      None
  gcda_fname   ../../../twister-out/native_sim_native/host/homework.unit.ring_buf/zephyr/NSI/common/src/main.gcda
  --> fname    /home/sufyan/Zephyr_IOMICO/deps/zephyr/scripts/native_simulator/common/src/main.c
(DEBUG) Check if /home/sufyan/Zephyr_IOMICO/deps/zephyr/scripts/native_simulator/common/src/main.c is included (source file)...
(DEBUG)   No filter matched.
(DEBUG) --> File is excluded.
(DEBUG) Check if /home/sufyan/Zephyr_IOMICO/zephyr-course/app/modules/ring_buf/nsi_hw_scheduler.h##3aa335cb6939879969c80454f3913ba5.gcov is included (trace)...
(DEBUG)   No filter matched.
(DEBUG) --> File is excluded.
(DEBUG) Finding source file corresponding to a gcov data file
  gcov_fname   /home/sufyan/Zephyr_IOMICO/zephyr-course/app/modules/ring_buf/nsi_hw_scheduler.h##3aa335cb6939879969c80454f3913ba5.gcov
  current_dir  /home/sufyan/Zephyr_IOMICO/zephyr-course/app/modules/ring_buf
  root         /home/sufyan/Zephyr_IOMICO/zephyr-course/app/modules/ring_buf
  starting_dir /home/sufyan/Zephyr_IOMICO/zephyr-course
  obj_dir      None
  gcda_fname   ../../../twister-out/native_sim_native/host/homework.unit.ring_buf/zephyr/NSI/common/src/main.gcda
  --> fname    /home/sufyan/Zephyr_IOMICO/deps/zephyr/scripts/native_simulator/common/src/include/nsi_hw_scheduler.h
(DEBUG) Check if /home/sufyan/Zephyr_IOMICO/deps/zephyr/scripts/native_simulator/common/src/include/nsi_hw_scheduler.h is included (source file)...
(DEBUG)   No filter matched.
(DEBUG) --> File is excluded.
(DEBUG) Check if /home/sufyan/Zephyr_IOMICO/zephyr-course/twister-out/native_sim_native/host/homework.unit.ring_buf/zephyr/NSI/common/src/nce.gcda is included (trace)...
(DEBUG)   No filter matched.
(DEBUG) --> File is excluded.
(DEBUG) Check if /home/sufyan/Zephyr_IOMICO/zephyr-course/twister-out/native_sim_native/host/homework.unit.ring_buf/zephyr/NSI/common/src/nce.gcda is included (trace)...
(DEBUG) --> File is excluded.
(DEBUG) Check if nce.c##82d23fee40dafcd6d225ef3628390f9e.gcov is included (gcov file)...
(DEBUG)   Filter AlwaysMatchFilter() matched.
(DEBUG) --> File is included.
(DEBUG) Check if nsi_safe_call.h##8b45e64eae72c1b8323ca96f7aa7a433.gcov is included (gcov file)...
(DEBUG)   Filter AlwaysMatchFilter() matched.
(DEBUG) --> File is included.
(DEBUG) Check if /home/sufyan/Zephyr_IOMICO/zephyr-course/app/modules/ring_buf/nsi_safe_call.h##8b45e64eae72c1b8323ca96f7aa7a433.gcov is included (trace)...
(DEBUG)   No filter matched.
(DEBUG) --> File is excluded.
(DEBUG) Finding source file corresponding to a gcov data file
  gcov_fname   /home/sufyan/Zephyr_IOMICO/zephyr-course/app/modules/ring_buf/nsi_safe_call.h##8b45e64eae72c1b8323ca96f7aa7a433.gcov
  current_dir  /home/sufyan/Zephyr_IOMICO/zephyr-course/app/modules/ring_buf
  root         /home/sufyan/Zephyr_IOMICO/zephyr-course/app/modules/ring_buf
  starting_dir /home/sufyan/Zephyr_IOMICO/zephyr-course
  obj_dir      None
  gcda_fname   ../../../twister-out/native_sim_native/host/homework.unit.ring_buf/zephyr/NSI/common/src/nce.gcda
  --> fname    /home/sufyan/Zephyr_IOMICO/deps/zephyr/scripts/native_simulator/common/src/nsi_safe_call.h
(DEBUG) Check if /home/sufyan/Zephyr_IOMICO/deps/zephyr/scripts/native_simulator/common/src/nsi_safe_call.h is included (source file)...
(DEBUG)   No filter matched.
(DEBUG) --> File is excluded.
(DEBUG) Check if /home/sufyan/Zephyr_IOMICO/zephyr-course/app/modules/ring_buf/nce.c##82d23fee40dafcd6d225ef3628390f9e.gcov is included (trace)...
(DEBUG)   No filter matched.
(DEBUG) --> File is excluded.
(DEBUG) Finding source file corresponding to a gcov data file
  gcov_fname   /home/sufyan/Zephyr_IOMICO/zephyr-course/app/modules/ring_buf/nce.c##82d23fee40dafcd6d225ef3628390f9e.gcov
  current_dir  /home/sufyan/Zephyr_IOMICO/zephyr-course/app/modules/ring_buf
  root         /home/sufyan/Zephyr_IOMICO/zephyr-course/app/modules/ring_buf
  starting_dir /home/sufyan/Zephyr_IOMICO/zephyr-course
  obj_dir      None
  gcda_fname   ../../../twister-out/native_sim_native/host/homework.unit.ring_buf/zephyr/NSI/common/src/nce.gcda
  --> fname    /home/sufyan/Zephyr_IOMICO/deps/zephyr/scripts/native_simulator/common/src/nce.c
(DEBUG) Check if /home/sufyan/Zephyr_IOMICO/deps/zephyr/scripts/native_simulator/common/src/nce.c is included (source file)...
(DEBUG)   No filter matched.
(DEBUG) --> File is excluded.
(DEBUG) Check if /home/sufyan/Zephyr_IOMICO/zephyr-course/twister-out/native_sim_native/host/homework.unit.ring_buf/zephyr/NSI/common/src/nct.gcda is included (trace)...
(DEBUG)   No filter matched.
(DEBUG) --> File is excluded.
(DEBUG) Check if /home/sufyan/Zephyr_IOMICO/zephyr-course/twister-out/native_sim_native/host/homework.unit.ring_buf/zephyr/NSI/common/src/nct.gcda is included (trace)...
(DEBUG) --> File is excluded.
(DEBUG) Check if nct.c##3f8ef6be70df1fe50d4a01017a4ee2c9.gcov is included (gcov file)...
(DEBUG)   Filter AlwaysMatchFilter() matched.
(DEBUG) --> File is included.
(DEBUG) Check if nsi_safe_call.h##8b45e64eae72c1b8323ca96f7aa7a433.gcov is included (gcov file)...
(DEBUG) --> File is included.
(DEBUG) Check if /home/sufyan/Zephyr_IOMICO/zephyr-course/app/modules/ring_buf/nsi_safe_call.h##8b45e64eae72c1b8323ca96f7aa7a433.gcov is included (trace)...
(DEBUG) --> File is excluded.
(DEBUG) Finding source file corresponding to a gcov data file
  gcov_fname   /home/sufyan/Zephyr_IOMICO/zephyr-course/app/modules/ring_buf/nsi_safe_call.h##8b45e64eae72c1b8323ca96f7aa7a433.gcov
  current_dir  /home/sufyan/Zephyr_IOMICO/zephyr-course/app/modules/ring_buf
  root         /home/sufyan/Zephyr_IOMICO/zephyr-course/app/modules/ring_buf
  starting_dir /home/sufyan/Zephyr_IOMICO/zephyr-course
  obj_dir      None
  gcda_fname   ../../../twister-out/native_sim_native/host/homework.unit.ring_buf/zephyr/NSI/common/src/nct.gcda
  --> fname    /home/sufyan/Zephyr_IOMICO/deps/zephyr/scripts/native_simulator/common/src/nsi_safe_call.h
(DEBUG) Check if /home/sufyan/Zephyr_IOMICO/deps/zephyr/scripts/native_simulator/common/src/nsi_safe_call.h is included (source file)...
(DEBUG) --> File is excluded.
(DEBUG) Check if /home/sufyan/Zephyr_IOMICO/zephyr-course/app/modules/ring_buf/nct.c##3f8ef6be70df1fe50d4a01017a4ee2c9.gcov is included (trace)...
(DEBUG)   No filter matched.
(DEBUG) --> File is excluded.
(DEBUG) Finding source file corresponding to a gcov data file
  gcov_fname   /home/sufyan/Zephyr_IOMICO/zephyr-course/app/modules/ring_buf/nct.c##3f8ef6be70df1fe50d4a01017a4ee2c9.gcov
  current_dir  /home/sufyan/Zephyr_IOMICO/zephyr-course/app/modules/ring_buf
  root         /home/sufyan/Zephyr_IOMICO/zephyr-course/app/modules/ring_buf
  starting_dir /home/sufyan/Zephyr_IOMICO/zephyr-course
  obj_dir      None
  gcda_fname   ../../../twister-out/native_sim_native/host/homework.unit.ring_buf/zephyr/NSI/common/src/nct.gcda
  --> fname    /home/sufyan/Zephyr_IOMICO/deps/zephyr/scripts/native_simulator/common/src/nct.c
(DEBUG) Check if /home/sufyan/Zephyr_IOMICO/deps/zephyr/scripts/native_simulator/common/src/nct.c is included (source file)...
(DEBUG)   No filter matched.
(DEBUG) --> File is excluded.
(DEBUG) Check if /home/sufyan/Zephyr_IOMICO/zephyr-course/twister-out/native_sim_native/host/homework.unit.ring_buf/zephyr/NSI/common/src/nsi_cpu_ctrl.gcda is included (trace)...
(DEBUG)   No filter matched.
(DEBUG) --> File is excluded.
(DEBUG) Check if /home/sufyan/Zephyr_IOMICO/zephyr-course/twister-out/native_sim_native/host/homework.unit.ring_buf/zephyr/NSI/common/src/nsi_cpu_ctrl.gcda is included (trace)...
(DEBUG) --> File is excluded.
(DEBUG) Check if nsi_cpu_ctrl.c##4f1049db0751fc7ce9dcdd43d3d787c8.gcov is included (gcov file)...
(DEBUG)   Filter AlwaysMatchFilter() matched.
(DEBUG) --> File is included.
(DEBUG) Check if /home/sufyan/Zephyr_IOMICO/zephyr-course/app/modules/ring_buf/nsi_cpu_ctrl.c##4f1049db0751fc7ce9dcdd43d3d787c8.gcov is included (trace)...
(DEBUG)   No filter matched.
(DEBUG) --> File is excluded.
(DEBUG) Finding source file corresponding to a gcov data file
  gcov_fname   /home/sufyan/Zephyr_IOMICO/zephyr-course/app/modules/ring_buf/nsi_cpu_ctrl.c##4f1049db0751fc7ce9dcdd43d3d787c8.gcov
  current_dir  /home/sufyan/Zephyr_IOMICO/zephyr-course/app/modules/ring_buf
  root         /home/sufyan/Zephyr_IOMICO/zephyr-course/app/modules/ring_buf
  starting_dir /home/sufyan/Zephyr_IOMICO/zephyr-course
  obj_dir      None
  gcda_fname   ../../../twister-out/native_sim_native/host/homework.unit.ring_buf/zephyr/NSI/common/src/nsi_cpu_ctrl.gcda
  --> fname    /home/sufyan/Zephyr_IOMICO/deps/zephyr/scripts/native_simulator/common/src/nsi_cpu_ctrl.c
(DEBUG) Check if /home/sufyan/Zephyr_IOMICO/deps/zephyr/scripts/native_simulator/common/src/nsi_cpu_ctrl.c is included (source file)...
(DEBUG)   No filter matched.
(DEBUG) --> File is excluded.
(DEBUG) Check if /home/sufyan/Zephyr_IOMICO/zephyr-course/twister-out/native_sim_native/host/homework.unit.ring_buf/zephyr/NSI/common/src/nsi_cpun_if.gcda is included (trace)...
(DEBUG)   No filter matched.
(DEBUG) --> File is excluded.
(DEBUG) Check if /home/sufyan/Zephyr_IOMICO/zephyr-course/twister-out/native_sim_native/host/homework.unit.ring_buf/zephyr/NSI/common/src/nsi_cpun_if.gcda is included (trace)...
(DEBUG) --> File is excluded.
(DEBUG) Check if nsi_cpun_if.c##c458664c4d00efa6803baf2539289687.gcov is included (gcov file)...
(DEBUG)   Filter AlwaysMatchFilter() matched.
(DEBUG) --> File is included.
(DEBUG) Check if /home/sufyan/Zephyr_IOMICO/zephyr-course/app/modules/ring_buf/nsi_cpun_if.c##c458664c4d00efa6803baf2539289687.gcov is included (trace)...
(DEBUG)   No filter matched.
(DEBUG) --> File is excluded.
(DEBUG) Finding source file corresponding to a gcov data file
  gcov_fname   /home/sufyan/Zephyr_IOMICO/zephyr-course/app/modules/ring_buf/nsi_cpun_if.c##c458664c4d00efa6803baf2539289687.gcov
  current_dir  /home/sufyan/Zephyr_IOMICO/zephyr-course/app/modules/ring_buf
  root         /home/sufyan/Zephyr_IOMICO/zephyr-course/app/modules/ring_buf
  starting_dir /home/sufyan/Zephyr_IOMICO/zephyr-course
  obj_dir      None
  gcda_fname   ../../../twister-out/native_sim_native/host/homework.unit.ring_buf/zephyr/NSI/common/src/nsi_cpun_if.gcda
  --> fname    /home/sufyan/Zephyr_IOMICO/deps/zephyr/scripts/native_simulator/common/src/nsi_cpun_if.c
(DEBUG) Check if /home/sufyan/Zephyr_IOMICO/deps/zephyr/scripts/native_simulator/common/src/nsi_cpun_if.c is included (source file)...
(DEBUG)   No filter matched.
(DEBUG) --> File is excluded.
(DEBUG) Check if /home/sufyan/Zephyr_IOMICO/zephyr-course/twister-out/native_sim_native/host/homework.unit.ring_buf/zephyr/NSI/common/src/nsi_errno.gcda is included (trace)...
(DEBUG)   No filter matched.
(DEBUG) --> File is excluded.
(DEBUG) Check if /home/sufyan/Zephyr_IOMICO/zephyr-course/twister-out/native_sim_native/host/homework.unit.ring_buf/zephyr/NSI/common/src/nsi_errno.gcda is included (trace)...
(DEBUG) --> File is excluded.
(DEBUG) Check if nsi_errno.c##926cdede6b45538b7be90e21dd3878db.gcov is included (gcov file)...
(DEBUG)   Filter AlwaysMatchFilter() matched.
(DEBUG) --> File is included.
(DEBUG) Check if /home/sufyan/Zephyr_IOMICO/zephyr-course/app/modules/ring_buf/nsi_errno.c##926cdede6b45538b7be90e21dd3878db.gcov is included (trace)...
(DEBUG)   No filter matched.
(DEBUG) --> File is excluded.
(DEBUG) Finding source file corresponding to a gcov data file
  gcov_fname   /home/sufyan/Zephyr_IOMICO/zephyr-course/app/modules/ring_buf/nsi_errno.c##926cdede6b45538b7be90e21dd3878db.gcov
  current_dir  /home/sufyan/Zephyr_IOMICO/zephyr-course/app/modules/ring_buf
  root         /home/sufyan/Zephyr_IOMICO/zephyr-course/app/modules/ring_buf
  starting_dir /home/sufyan/Zephyr_IOMICO/zephyr-course
  obj_dir      None
  gcda_fname   ../../../twister-out/native_sim_native/host/homework.unit.ring_buf/zephyr/NSI/common/src/nsi_errno.gcda
  --> fname    /home/sufyan/Zephyr_IOMICO/deps/zephyr/scripts/native_simulator/common/src/nsi_errno.c
(DEBUG) Check if /home/sufyan/Zephyr_IOMICO/deps/zephyr/scripts/native_simulator/common/src/nsi_errno.c is included (source file)...
(DEBUG)   No filter matched.
(DEBUG) --> File is excluded.
(DEBUG) Check if /home/sufyan/Zephyr_IOMICO/zephyr-course/twister-out/native_sim_native/host/homework.unit.ring_buf/zephyr/NSI/common/src/nsi_host_trampolines.gcda is included (trace)...
(DEBUG)   No filter matched.
(DEBUG) --> File is excluded.
(DEBUG) Check if /home/sufyan/Zephyr_IOMICO/zephyr-course/twister-out/native_sim_native/host/homework.unit.ring_buf/zephyr/NSI/common/src/nsi_host_trampolines.gcda is included (trace)...
(DEBUG) --> File is excluded.
(DEBUG) Check if nsi_host_trampolines.c##8dc43f63bdf015676ec12dbd7f2c8e5b.gcov is included (gcov file)...
(DEBUG)   Filter AlwaysMatchFilter() matched.
(DEBUG) --> File is included.
(DEBUG) Check if /home/sufyan/Zephyr_IOMICO/zephyr-course/app/modules/ring_buf/nsi_host_trampolines.c##8dc43f63bdf015676ec12dbd7f2c8e5b.gcov is included (trace)...
(DEBUG)   No filter matched.
(DEBUG) --> File is excluded.
(DEBUG) Finding source file corresponding to a gcov data file
  gcov_fname   /home/sufyan/Zephyr_IOMICO/zephyr-course/app/modules/ring_buf/nsi_host_trampolines.c##8dc43f63bdf015676ec12dbd7f2c8e5b.gcov
  current_dir  /home/sufyan/Zephyr_IOMICO/zephyr-course/app/modules/ring_buf
  root         /home/sufyan/Zephyr_IOMICO/zephyr-course/app/modules/ring_buf
  starting_dir /home/sufyan/Zephyr_IOMICO/zephyr-course
  obj_dir      None
  gcda_fname   ../../../twister-out/native_sim_native/host/homework.unit.ring_buf/zephyr/NSI/common/src/nsi_host_trampolines.gcda
  --> fname    /home/sufyan/Zephyr_IOMICO/deps/zephyr/scripts/native_simulator/common/src/nsi_host_trampolines.c
(DEBUG) Check if /home/sufyan/Zephyr_IOMICO/deps/zephyr/scripts/native_simulator/common/src/nsi_host_trampolines.c is included (source file)...
(DEBUG)   No filter matched.
(DEBUG) --> File is excluded.
(DEBUG) Check if /home/sufyan/Zephyr_IOMICO/zephyr-course/twister-out/native_sim_native/host/homework.unit.ring_buf/zephyr/NSI/common/src/nsi_hw_scheduler.gcda is included (trace)...
(DEBUG)   No filter matched.
(DEBUG) --> File is excluded.
(DEBUG) Check if /home/sufyan/Zephyr_IOMICO/zephyr-course/twister-out/native_sim_native/host/homework.unit.ring_buf/zephyr/NSI/common/src/nsi_hw_scheduler.gcda is included (trace)...
(DEBUG) --> File is excluded.
(DEBUG) Check if nsi_hw_scheduler.c##4fb9fc953ea0f5f12f0f6a717383af78.gcov is included (gcov file)...
(DEBUG)   Filter AlwaysMatchFilter() matched.
(DEBUG) --> File is included.
(DEBUG) Check if nsi_safe_call.h##8b45e64eae72c1b8323ca96f7aa7a433.gcov is included (gcov file)...
(DEBUG) --> File is included.
(DEBUG) Check if /home/sufyan/Zephyr_IOMICO/zephyr-course/app/modules/ring_buf/nsi_safe_call.h##8b45e64eae72c1b8323ca96f7aa7a433.gcov is included (trace)...
(DEBUG) --> File is excluded.
(DEBUG) Finding source file corresponding to a gcov data file
  gcov_fname   /home/sufyan/Zephyr_IOMICO/zephyr-course/app/modules/ring_buf/nsi_safe_call.h##8b45e64eae72c1b8323ca96f7aa7a433.gcov
  current_dir  /home/sufyan/Zephyr_IOMICO/zephyr-course/app/modules/ring_buf
  root         /home/sufyan/Zephyr_IOMICO/zephyr-course/app/modules/ring_buf
  starting_dir /home/sufyan/Zephyr_IOMICO/zephyr-course
  obj_dir      None
  gcda_fname   ../../../twister-out/native_sim_native/host/homework.unit.ring_buf/zephyr/NSI/common/src/nsi_hw_scheduler.gcda
  --> fname    /home/sufyan/Zephyr_IOMICO/deps/zephyr/scripts/native_simulator/common/src/nsi_safe_call.h
(DEBUG) Check if /home/sufyan/Zephyr_IOMICO/deps/zephyr/scripts/native_simulator/common/src/nsi_safe_call.h is included (source file)...
(DEBUG) --> File is excluded.
(DEBUG) Check if /home/sufyan/Zephyr_IOMICO/zephyr-course/app/modules/ring_buf/nsi_hw_scheduler.c##4fb9fc953ea0f5f12f0f6a717383af78.gcov is included (trace)...
(DEBUG)   No filter matched.
(DEBUG) --> File is excluded.
(DEBUG) Finding source file corresponding to a gcov data file
  gcov_fname   /home/sufyan/Zephyr_IOMICO/zephyr-course/app/modules/ring_buf/nsi_hw_scheduler.c##4fb9fc953ea0f5f12f0f6a717383af78.gcov
  current_dir  /home/sufyan/Zephyr_IOMICO/zephyr-course/app/modules/ring_buf
  root         /home/sufyan/Zephyr_IOMICO/zephyr-course/app/modules/ring_buf
  starting_dir /home/sufyan/Zephyr_IOMICO/zephyr-course
  obj_dir      None
  gcda_fname   ../../../twister-out/native_sim_native/host/homework.unit.ring_buf/zephyr/NSI/common/src/nsi_hw_scheduler.gcda
  --> fname    /home/sufyan/Zephyr_IOMICO/deps/zephyr/scripts/native_simulator/common/src/nsi_hw_scheduler.c
(DEBUG) Check if /home/sufyan/Zephyr_IOMICO/deps/zephyr/scripts/native_simulator/common/src/nsi_hw_scheduler.c is included (source file)...
(DEBUG)   No filter matched.
(DEBUG) --> File is excluded.
(DEBUG) Check if /home/sufyan/Zephyr_IOMICO/zephyr-course/twister-out/native_sim_native/host/homework.unit.ring_buf/zephyr/NSI/common/src/nsi_tasks.gcda is included (trace)...
(DEBUG)   No filter matched.
(DEBUG) --> File is excluded.
(DEBUG) Check if /home/sufyan/Zephyr_IOMICO/zephyr-course/twister-out/native_sim_native/host/homework.unit.ring_buf/zephyr/NSI/common/src/nsi_tasks.gcda is included (trace)...
(DEBUG) --> File is excluded.
(DEBUG) Check if nsi_tasks.c##f95e2aeae3ecabe3d66befb5341c62cb.gcov is included (gcov file)...
(DEBUG)   Filter AlwaysMatchFilter() matched.
(DEBUG) --> File is included.
(DEBUG) Check if /home/sufyan/Zephyr_IOMICO/zephyr-course/app/modules/ring_buf/nsi_tasks.c##f95e2aeae3ecabe3d66befb5341c62cb.gcov is included (trace)...
(DEBUG)   No filter matched.
(DEBUG) --> File is excluded.
(DEBUG) Finding source file corresponding to a gcov data file
  gcov_fname   /home/sufyan/Zephyr_IOMICO/zephyr-course/app/modules/ring_buf/nsi_tasks.c##f95e2aeae3ecabe3d66befb5341c62cb.gcov
  current_dir  /home/sufyan/Zephyr_IOMICO/zephyr-course/app/modules/ring_buf
  root         /home/sufyan/Zephyr_IOMICO/zephyr-course/app/modules/ring_buf
  starting_dir /home/sufyan/Zephyr_IOMICO/zephyr-course
  obj_dir      None
  gcda_fname   ../../../twister-out/native_sim_native/host/homework.unit.ring_buf/zephyr/NSI/common/src/nsi_tasks.gcda
  --> fname    /home/sufyan/Zephyr_IOMICO/deps/zephyr/scripts/native_simulator/common/src/nsi_tasks.c
(DEBUG) Check if /home/sufyan/Zephyr_IOMICO/deps/zephyr/scripts/native_simulator/common/src/nsi_tasks.c is included (source file)...
(DEBUG)   No filter matched.
(DEBUG) --> File is excluded.
(DEBUG) Check if /home/sufyan/Zephyr_IOMICO/zephyr-course/twister-out/native_sim_native/host/homework.unit.ring_buf/zephyr/NSI/common/src/nsi_trace_varg.gcda is included (trace)...
(DEBUG)   No filter matched.
(DEBUG) --> File is excluded.
(DEBUG) Check if /home/sufyan/Zephyr_IOMICO/zephyr-course/twister-out/native_sim_native/host/homework.unit.ring_buf/zephyr/NSI/common/src/nsi_trace_varg.gcda is included (trace)...
(DEBUG) --> File is excluded.
(DEBUG) Check if nsi_trace_varg.c##31ea91dc37d2c8a463d35ba85245b619.gcov is included (gcov file)...
(DEBUG)   Filter AlwaysMatchFilter() matched.
(DEBUG) --> File is included.
(DEBUG) Check if /home/sufyan/Zephyr_IOMICO/zephyr-course/app/modules/ring_buf/nsi_trace_varg.c##31ea91dc37d2c8a463d35ba85245b619.gcov is included (trace)...
(DEBUG)   No filter matched.
(DEBUG) --> File is excluded.
(DEBUG) Finding source file corresponding to a gcov data file
  gcov_fname   /home/sufyan/Zephyr_IOMICO/zephyr-course/app/modules/ring_buf/nsi_trace_varg.c##31ea91dc37d2c8a463d35ba85245b619.gcov
  current_dir  /home/sufyan/Zephyr_IOMICO/zephyr-course/app/modules/ring_buf
  root         /home/sufyan/Zephyr_IOMICO/zephyr-course/app/modules/ring_buf
  starting_dir /home/sufyan/Zephyr_IOMICO/zephyr-course
  obj_dir      None
  gcda_fname   ../../../twister-out/native_sim_native/host/homework.unit.ring_buf/zephyr/NSI/common/src/nsi_trace_varg.gcda
  --> fname    /home/sufyan/Zephyr_IOMICO/deps/zephyr/scripts/native_simulator/common/src/nsi_trace_varg.c
(DEBUG) Check if /home/sufyan/Zephyr_IOMICO/deps/zephyr/scripts/native_simulator/common/src/nsi_trace_varg.c is included (source file)...
(DEBUG)   No filter matched.
(DEBUG) --> File is excluded.
(DEBUG) Check if /home/sufyan/Zephyr_IOMICO/zephyr-course/twister-out/native_sim_native/host/homework.unit.ring_buf/zephyr/NSI/common/src/nsi_weak_stubs.gcda is included (trace)...
(DEBUG)   No filter matched.
(DEBUG) --> File is excluded.
(DEBUG) Check if /home/sufyan/Zephyr_IOMICO/zephyr-course/twister-out/native_sim_native/host/homework.unit.ring_buf/zephyr/NSI/common/src/nsi_weak_stubs.gcda is included (trace)...
(DEBUG) --> File is excluded.
(DEBUG) Check if nsi_weak_stubs.c##cbc7303400abe550b889f93675c659ee.gcov is included (gcov file)...
(DEBUG)   Filter AlwaysMatchFilter() matched.
(DEBUG) --> File is included.
(DEBUG) Check if /home/sufyan/Zephyr_IOMICO/zephyr-course/app/modules/ring_buf/nsi_weak_stubs.c##cbc7303400abe550b889f93675c659ee.gcov is included (trace)...
(DEBUG)   No filter matched.
(DEBUG) --> File is excluded.
(DEBUG) Finding source file corresponding to a gcov data file
  gcov_fname   /home/sufyan/Zephyr_IOMICO/zephyr-course/app/modules/ring_buf/nsi_weak_stubs.c##cbc7303400abe550b889f93675c659ee.gcov
  current_dir  /home/sufyan/Zephyr_IOMICO/zephyr-course/app/modules/ring_buf
  root         /home/sufyan/Zephyr_IOMICO/zephyr-course/app/modules/ring_buf
  starting_dir /home/sufyan/Zephyr_IOMICO/zephyr-course
  obj_dir      None
  gcda_fname   ../../../twister-out/native_sim_native/host/homework.unit.ring_buf/zephyr/NSI/common/src/nsi_weak_stubs.gcda
  --> fname    /home/sufyan/Zephyr_IOMICO/deps/zephyr/scripts/native_simulator/common/src/nsi_weak_stubs.c
(DEBUG) Check if /home/sufyan/Zephyr_IOMICO/deps/zephyr/scripts/native_simulator/common/src/nsi_weak_stubs.c is included (source file)...
(DEBUG)   No filter matched.
(DEBUG) --> File is excluded.
(DEBUG) Check if /home/sufyan/Zephyr_IOMICO/zephyr-course/twister-out/native_sim_native/host/homework.unit.ring_buf/zephyr/NSI/native/src/hw_counter.gcda is included (trace)...
(DEBUG)   No filter matched.
(DEBUG) --> File is excluded.
(DEBUG) Check if /home/sufyan/Zephyr_IOMICO/zephyr-course/twister-out/native_sim_native/host/homework.unit.ring_buf/zephyr/NSI/native/src/hw_counter.gcda is included (trace)...
(DEBUG) --> File is excluded.
(DEBUG) Check if hw_counter.c##622f53a6bc25f596107f9418200b8ccc.gcov is included (gcov file)...
(DEBUG)   Filter AlwaysMatchFilter() matched.
(DEBUG) --> File is included.
(DEBUG) Check if nsi_hw_scheduler.h##3aa335cb6939879969c80454f3913ba5.gcov is included (gcov file)...
(DEBUG) --> File is included.
(DEBUG) Check if /home/sufyan/Zephyr_IOMICO/zephyr-course/app/modules/ring_buf/hw_counter.c##622f53a6bc25f596107f9418200b8ccc.gcov is included (trace)...
(DEBUG)   No filter matched.
(DEBUG) --> File is excluded.
(DEBUG) Finding source file corresponding to a gcov data file
  gcov_fname   /home/sufyan/Zephyr_IOMICO/zephyr-course/app/modules/ring_buf/hw_counter.c##622f53a6bc25f596107f9418200b8ccc.gcov
  current_dir  /home/sufyan/Zephyr_IOMICO/zephyr-course/app/modules/ring_buf
  root         /home/sufyan/Zephyr_IOMICO/zephyr-course/app/modules/ring_buf
  starting_dir /home/sufyan/Zephyr_IOMICO/zephyr-course
  obj_dir      None
  gcda_fname   ../../../twister-out/native_sim_native/host/homework.unit.ring_buf/zephyr/NSI/native/src/hw_counter.gcda
  --> fname    /home/sufyan/Zephyr_IOMICO/deps/zephyr/scripts/native_simulator/native/src/hw_counter.c
(DEBUG) Check if /home/sufyan/Zephyr_IOMICO/deps/zephyr/scripts/native_simulator/native/src/hw_counter.c is included (source file)...
(DEBUG)   No filter matched.
(DEBUG) --> File is excluded.
(DEBUG) Check if /home/sufyan/Zephyr_IOMICO/zephyr-course/app/modules/ring_buf/nsi_hw_scheduler.h##3aa335cb6939879969c80454f3913ba5.gcov is included (trace)...
(DEBUG) --> File is excluded.
(DEBUG) Finding source file corresponding to a gcov data file
  gcov_fname   /home/sufyan/Zephyr_IOMICO/zephyr-course/app/modules/ring_buf/nsi_hw_scheduler.h##3aa335cb6939879969c80454f3913ba5.gcov
  current_dir  /home/sufyan/Zephyr_IOMICO/zephyr-course/app/modules/ring_buf
  root         /home/sufyan/Zephyr_IOMICO/zephyr-course/app/modules/ring_buf
  starting_dir /home/sufyan/Zephyr_IOMICO/zephyr-course
  obj_dir      None
  gcda_fname   ../../../twister-out/native_sim_native/host/homework.unit.ring_buf/zephyr/NSI/native/src/hw_counter.gcda
  --> fname    /home/sufyan/Zephyr_IOMICO/deps/zephyr/scripts/native_simulator/common/src/include/nsi_hw_scheduler.h
(DEBUG) Check if /home/sufyan/Zephyr_IOMICO/deps/zephyr/scripts/native_simulator/common/src/include/nsi_hw_scheduler.h is included (source file)...
(DEBUG) --> File is excluded.
(DEBUG) Check if /home/sufyan/Zephyr_IOMICO/zephyr-course/twister-out/native_sim_native/host/homework.unit.ring_buf/zephyr/NSI/native/src/irq_ctrl.gcda is included (trace)...
(DEBUG)   No filter matched.
(DEBUG) --> File is excluded.
(DEBUG) Check if /home/sufyan/Zephyr_IOMICO/zephyr-course/twister-out/native_sim_native/host/homework.unit.ring_buf/zephyr/NSI/native/src/irq_ctrl.gcda is included (trace)...
(DEBUG) --> File is excluded.
(DEBUG) Check if irq_ctrl.c##e27b3640a3bbe73a7efba56ebfebe589.gcov is included (gcov file)...
(DEBUG)   Filter AlwaysMatchFilter() matched.
(DEBUG) --> File is included.
(DEBUG) Check if nsi_hw_scheduler.h##3aa335cb6939879969c80454f3913ba5.gcov is included (gcov file)...
(DEBUG) --> File is included.
(DEBUG) Check if nsi_internal.h##ce464f95a6623482b925e32b879e3efe.gcov is included (gcov file)...
(DEBUG)   Filter AlwaysMatchFilter() matched.
(DEBUG) --> File is included.
(DEBUG) Check if /home/sufyan/Zephyr_IOMICO/zephyr-course/app/modules/ring_buf/nsi_internal.h##ce464f95a6623482b925e32b879e3efe.gcov is included (trace)...
(DEBUG)   No filter matched.
(DEBUG) --> File is excluded.
(DEBUG) Finding source file corresponding to a gcov data file
  gcov_fname   /home/sufyan/Zephyr_IOMICO/zephyr-course/app/modules/ring_buf/nsi_internal.h##ce464f95a6623482b925e32b879e3efe.gcov
  current_dir  /home/sufyan/Zephyr_IOMICO/zephyr-course/app/modules/ring_buf
  root         /home/sufyan/Zephyr_IOMICO/zephyr-course/app/modules/ring_buf
  starting_dir /home/sufyan/Zephyr_IOMICO/zephyr-course
  obj_dir      None
  gcda_fname   ../../../twister-out/native_sim_native/host/homework.unit.ring_buf/zephyr/NSI/native/src/irq_ctrl.gcda
  --> fname    /home/sufyan/Zephyr_IOMICO/deps/zephyr/scripts/native_simulator/common/src/nsi_internal.h
(DEBUG) Check if /home/sufyan/Zephyr_IOMICO/deps/zephyr/scripts/native_simulator/common/src/nsi_internal.h is included (source file)...
(DEBUG)   No filter matched.
(DEBUG) --> File is excluded.
(DEBUG) Check if /home/sufyan/Zephyr_IOMICO/zephyr-course/app/modules/ring_buf/nsi_hw_scheduler.h##3aa335cb6939879969c80454f3913ba5.gcov is included (trace)...
(DEBUG) --> File is excluded.
(DEBUG) Finding source file corresponding to a gcov data file
  gcov_fname   /home/sufyan/Zephyr_IOMICO/zephyr-course/app/modules/ring_buf/nsi_hw_scheduler.h##3aa335cb6939879969c80454f3913ba5.gcov
  current_dir  /home/sufyan/Zephyr_IOMICO/zephyr-course/app/modules/ring_buf
  root         /home/sufyan/Zephyr_IOMICO/zephyr-course/app/modules/ring_buf
  starting_dir /home/sufyan/Zephyr_IOMICO/zephyr-course
  obj_dir      None
  gcda_fname   ../../../twister-out/native_sim_native/host/homework.unit.ring_buf/zephyr/NSI/native/src/irq_ctrl.gcda
  --> fname    /home/sufyan/Zephyr_IOMICO/deps/zephyr/scripts/native_simulator/common/src/include/nsi_hw_scheduler.h
(DEBUG) Check if /home/sufyan/Zephyr_IOMICO/deps/zephyr/scripts/native_simulator/common/src/include/nsi_hw_scheduler.h is included (source file)...
(DEBUG) --> File is excluded.
(DEBUG) Check if /home/sufyan/Zephyr_IOMICO/zephyr-course/app/modules/ring_buf/irq_ctrl.c##e27b3640a3bbe73a7efba56ebfebe589.gcov is included (trace)...
(DEBUG)   No filter matched.
(DEBUG) --> File is excluded.
(DEBUG) Finding source file corresponding to a gcov data file
  gcov_fname   /home/sufyan/Zephyr_IOMICO/zephyr-course/app/modules/ring_buf/irq_ctrl.c##e27b3640a3bbe73a7efba56ebfebe589.gcov
  current_dir  /home/sufyan/Zephyr_IOMICO/zephyr-course/app/modules/ring_buf
  root         /home/sufyan/Zephyr_IOMICO/zephyr-course/app/modules/ring_buf
  starting_dir /home/sufyan/Zephyr_IOMICO/zephyr-course
  obj_dir      None
  gcda_fname   ../../../twister-out/native_sim_native/host/homework.unit.ring_buf/zephyr/NSI/native/src/irq_ctrl.gcda
  --> fname    /home/sufyan/Zephyr_IOMICO/deps/zephyr/scripts/native_simulator/native/src/irq_ctrl.c
(DEBUG) Check if /home/sufyan/Zephyr_IOMICO/deps/zephyr/scripts/native_simulator/native/src/irq_ctrl.c is included (source file)...
(DEBUG)   No filter matched.
(DEBUG) --> File is excluded.
(DEBUG) Check if /home/sufyan/Zephyr_IOMICO/zephyr-course/twister-out/native_sim_native/host/homework.unit.ring_buf/zephyr/NSI/native/src/native_rtc.gcda is included (trace)...
(DEBUG)   No filter matched.
(DEBUG) --> File is excluded.
(DEBUG) Check if /home/sufyan/Zephyr_IOMICO/zephyr-course/twister-out/native_sim_native/host/homework.unit.ring_buf/zephyr/NSI/native/src/native_rtc.gcda is included (trace)...
(DEBUG) --> File is excluded.
(DEBUG) Check if native_rtc.c##e95c442fd0abe849fd9f560dadec408f.gcov is included (gcov file)...
(DEBUG)   Filter AlwaysMatchFilter() matched.
(DEBUG) --> File is included.
(DEBUG) Check if nsi_hw_scheduler.h##3aa335cb6939879969c80454f3913ba5.gcov is included (gcov file)...
(DEBUG) --> File is included.
(DEBUG) Check if /home/sufyan/Zephyr_IOMICO/zephyr-course/app/modules/ring_buf/nsi_hw_scheduler.h##3aa335cb6939879969c80454f3913ba5.gcov is included (trace)...
(DEBUG) --> File is excluded.
(DEBUG) Finding source file corresponding to a gcov data file
  gcov_fname   /home/sufyan/Zephyr_IOMICO/zephyr-course/app/modules/ring_buf/nsi_hw_scheduler.h##3aa335cb6939879969c80454f3913ba5.gcov
  current_dir  /home/sufyan/Zephyr_IOMICO/zephyr-course/app/modules/ring_buf
  root         /home/sufyan/Zephyr_IOMICO/zephyr-course/app/modules/ring_buf
  starting_dir /home/sufyan/Zephyr_IOMICO/zephyr-course
  obj_dir      None
  gcda_fname   ../../../twister-out/native_sim_native/host/homework.unit.ring_buf/zephyr/NSI/native/src/native_rtc.gcda
  --> fname    /home/sufyan/Zephyr_IOMICO/deps/zephyr/scripts/native_simulator/common/src/include/nsi_hw_scheduler.h
(DEBUG) Check if /home/sufyan/Zephyr_IOMICO/deps/zephyr/scripts/native_simulator/common/src/include/nsi_hw_scheduler.h is included (source file)...
(DEBUG) --> File is excluded.
(DEBUG) Check if /home/sufyan/Zephyr_IOMICO/zephyr-course/app/modules/ring_buf/native_rtc.c##e95c442fd0abe849fd9f560dadec408f.gcov is included (trace)...
(DEBUG)   No filter matched.
(DEBUG) --> File is excluded.
(DEBUG) Finding source file corresponding to a gcov data file
  gcov_fname   /home/sufyan/Zephyr_IOMICO/zephyr-course/app/modules/ring_buf/native_rtc.c##e95c442fd0abe849fd9f560dadec408f.gcov
  current_dir  /home/sufyan/Zephyr_IOMICO/zephyr-course/app/modules/ring_buf
  root         /home/sufyan/Zephyr_IOMICO/zephyr-course/app/modules/ring_buf
  starting_dir /home/sufyan/Zephyr_IOMICO/zephyr-course
  obj_dir      None
  gcda_fname   ../../../twister-out/native_sim_native/host/homework.unit.ring_buf/zephyr/NSI/native/src/native_rtc.gcda
  --> fname    /home/sufyan/Zephyr_IOMICO/deps/zephyr/scripts/native_simulator/native/src/native_rtc.c
(DEBUG) Check if /home/sufyan/Zephyr_IOMICO/deps/zephyr/scripts/native_simulator/native/src/native_rtc.c is included (source file)...
(DEBUG)   No filter matched.
(DEBUG) --> File is excluded.
(DEBUG) Check if /home/sufyan/Zephyr_IOMICO/zephyr-course/twister-out/native_sim_native/host/homework.unit.ring_buf/zephyr/NSI/native/src/nsi_cmdline.gcda is included (trace)...
(DEBUG)   No filter matched.
(DEBUG) --> File is excluded.
(DEBUG) Check if /home/sufyan/Zephyr_IOMICO/zephyr-course/twister-out/native_sim_native/host/homework.unit.ring_buf/zephyr/NSI/native/src/nsi_cmdline.gcda is included (trace)...
(DEBUG) --> File is excluded.
(DEBUG) Check if nsi_cmdline.c##a57374fbdc5db22966321a0654adad58.gcov is included (gcov file)...
(DEBUG)   Filter AlwaysMatchFilter() matched.
(DEBUG) --> File is included.
(DEBUG) Check if /home/sufyan/Zephyr_IOMICO/zephyr-course/app/modules/ring_buf/nsi_cmdline.c##a57374fbdc5db22966321a0654adad58.gcov is included (trace)...
(DEBUG)   No filter matched.
(DEBUG) --> File is excluded.
(DEBUG) Finding source file corresponding to a gcov data file
  gcov_fname   /home/sufyan/Zephyr_IOMICO/zephyr-course/app/modules/ring_buf/nsi_cmdline.c##a57374fbdc5db22966321a0654adad58.gcov
  current_dir  /home/sufyan/Zephyr_IOMICO/zephyr-course/app/modules/ring_buf
  root         /home/sufyan/Zephyr_IOMICO/zephyr-course/app/modules/ring_buf
  starting_dir /home/sufyan/Zephyr_IOMICO/zephyr-course
  obj_dir      None
  gcda_fname   ../../../twister-out/native_sim_native/host/homework.unit.ring_buf/zephyr/NSI/native/src/nsi_cmdline.gcda
  --> fname    /home/sufyan/Zephyr_IOMICO/deps/zephyr/scripts/native_simulator/native/src/nsi_cmdline.c
(DEBUG) Check if /home/sufyan/Zephyr_IOMICO/deps/zephyr/scripts/native_simulator/native/src/nsi_cmdline.c is included (source file)...
(DEBUG)   No filter matched.
(DEBUG) --> File is excluded.
(DEBUG) Check if /home/sufyan/Zephyr_IOMICO/zephyr-course/twister-out/native_sim_native/host/homework.unit.ring_buf/zephyr/NSI/native/src/nsi_cmdline_common.gcda is included (trace)...
(DEBUG)   No filter matched.
(DEBUG) --> File is excluded.
(DEBUG) Check if /home/sufyan/Zephyr_IOMICO/zephyr-course/twister-out/native_sim_native/host/homework.unit.ring_buf/zephyr/NSI/native/src/nsi_cmdline_common.gcda is included (trace)...
(DEBUG) --> File is excluded.
(DEBUG) Check if nsi_cmdline_common.c##5fd9492bcd842d2d7235ee962cded948.gcov is included (gcov file)...
(DEBUG)   Filter AlwaysMatchFilter() matched.
(DEBUG) --> File is included.
(DEBUG) Check if /home/sufyan/Zephyr_IOMICO/zephyr-course/app/modules/ring_buf/nsi_cmdline_common.c##5fd9492bcd842d2d7235ee962cded948.gcov is included (trace)...
(DEBUG)   No filter matched.
(DEBUG) --> File is excluded.
(DEBUG) Finding source file corresponding to a gcov data file
  gcov_fname   /home/sufyan/Zephyr_IOMICO/zephyr-course/app/modules/ring_buf/nsi_cmdline_common.c##5fd9492bcd842d2d7235ee962cded948.gcov
  current_dir  /home/sufyan/Zephyr_IOMICO/zephyr-course/app/modules/ring_buf
  root         /home/sufyan/Zephyr_IOMICO/zephyr-course/app/modules/ring_buf
  starting_dir /home/sufyan/Zephyr_IOMICO/zephyr-course
  obj_dir      None
  gcda_fname   ../../../twister-out/native_sim_native/host/homework.unit.ring_buf/zephyr/NSI/native/src/nsi_cmdline_common.gcda
  --> fname    /home/sufyan/Zephyr_IOMICO/deps/zephyr/scripts/native_simulator/native/src/nsi_cmdline_common.c
(DEBUG) Check if /home/sufyan/Zephyr_IOMICO/deps/zephyr/scripts/native_simulator/native/src/nsi_cmdline_common.c is included (source file)...
(DEBUG)   No filter matched.
(DEBUG) --> File is excluded.
(DEBUG) Check if /home/sufyan/Zephyr_IOMICO/zephyr-course/twister-out/native_sim_native/host/homework.unit.ring_buf/zephyr/NSI/native/src/nsi_trace.gcda is included (trace)...
(DEBUG)   No filter matched.
(DEBUG) --> File is excluded.
(DEBUG) Check if /home/sufyan/Zephyr_IOMICO/zephyr-course/twister-out/native_sim_native/host/homework.unit.ring_buf/zephyr/NSI/native/src/nsi_trace.gcda is included (trace)...
(DEBUG) --> File is excluded.
(DEBUG) Check if nsi_trace.c##374300908229153bb37035827d4ed68c.gcov is included (gcov file)...
(DEBUG)   Filter AlwaysMatchFilter() matched.
(DEBUG) --> File is included.
(DEBUG) Check if /home/sufyan/Zephyr_IOMICO/zephyr-course/app/modules/ring_buf/nsi_trace.c##374300908229153bb37035827d4ed68c.gcov is included (trace)...
(DEBUG)   No filter matched.
(DEBUG) --> File is excluded.
(DEBUG) Finding source file corresponding to a gcov data file
  gcov_fname   /home/sufyan/Zephyr_IOMICO/zephyr-course/app/modules/ring_buf/nsi_trace.c##374300908229153bb37035827d4ed68c.gcov
  current_dir  /home/sufyan/Zephyr_IOMICO/zephyr-course/app/modules/ring_buf
  root         /home/sufyan/Zephyr_IOMICO/zephyr-course/app/modules/ring_buf
  starting_dir /home/sufyan/Zephyr_IOMICO/zephyr-course
  obj_dir      None
  gcda_fname   ../../../twister-out/native_sim_native/host/homework.unit.ring_buf/zephyr/NSI/native/src/nsi_trace.gcda
  --> fname    /home/sufyan/Zephyr_IOMICO/deps/zephyr/scripts/native_simulator/native/src/nsi_trace.c
(DEBUG) Check if /home/sufyan/Zephyr_IOMICO/deps/zephyr/scripts/native_simulator/native/src/nsi_trace.c is included (source file)...
(DEBUG)   No filter matched.
(DEBUG) --> File is excluded.
(DEBUG) Check if /home/sufyan/Zephyr_IOMICO/zephyr-course/twister-out/native_sim_native/host/homework.unit.ring_buf/zephyr/NSI/native/src/timer_model.gcda is included (trace)...
(DEBUG)   No filter matched.
(DEBUG) --> File is excluded.
(DEBUG) Check if /home/sufyan/Zephyr_IOMICO/zephyr-course/twister-out/native_sim_native/host/homework.unit.ring_buf/zephyr/NSI/native/src/timer_model.gcda is included (trace)...
(DEBUG) --> File is excluded.
(DEBUG) Check if timer_model.c##a9be0e68a5ed1314b8d281511f1b1f19.gcov is included (gcov file)...
(DEBUG)   Filter AlwaysMatchFilter() matched.
(DEBUG) --> File is included.
(DEBUG) Check if nsi_hw_scheduler.h##3aa335cb6939879969c80454f3913ba5.gcov is included (gcov file)...
(DEBUG) --> File is included.
(DEBUG) Check if /home/sufyan/Zephyr_IOMICO/zephyr-course/app/modules/ring_buf/nsi_hw_scheduler.h##3aa335cb6939879969c80454f3913ba5.gcov is included (trace)...
(DEBUG) --> File is excluded.
(DEBUG) Finding source file corresponding to a gcov data file
  gcov_fname   /home/sufyan/Zephyr_IOMICO/zephyr-course/app/modules/ring_buf/nsi_hw_scheduler.h##3aa335cb6939879969c80454f3913ba5.gcov
  current_dir  /home/sufyan/Zephyr_IOMICO/zephyr-course/app/modules/ring_buf
  root         /home/sufyan/Zephyr_IOMICO/zephyr-course/app/modules/ring_buf
  starting_dir /home/sufyan/Zephyr_IOMICO/zephyr-course
  obj_dir      None
  gcda_fname   ../../../twister-out/native_sim_native/host/homework.unit.ring_buf/zephyr/NSI/native/src/timer_model.gcda
  --> fname    /home/sufyan/Zephyr_IOMICO/deps/zephyr/scripts/native_simulator/common/src/include/nsi_hw_scheduler.h
(DEBUG) Check if /home/sufyan/Zephyr_IOMICO/deps/zephyr/scripts/native_simulator/common/src/include/nsi_hw_scheduler.h is included (source file)...
(DEBUG) --> File is excluded.
(DEBUG) Check if /home/sufyan/Zephyr_IOMICO/zephyr-course/app/modules/ring_buf/timer_model.c##a9be0e68a5ed1314b8d281511f1b1f19.gcov is included (trace)...
(DEBUG)   No filter matched.
(DEBUG) --> File is excluded.
(DEBUG) Finding source file corresponding to a gcov data file
  gcov_fname   /home/sufyan/Zephyr_IOMICO/zephyr-course/app/modules/ring_buf/timer_model.c##a9be0e68a5ed1314b8d281511f1b1f19.gcov
  current_dir  /home/sufyan/Zephyr_IOMICO/zephyr-course/app/modules/ring_buf
  root         /home/sufyan/Zephyr_IOMICO/zephyr-course/app/modules/ring_buf
  starting_dir /home/sufyan/Zephyr_IOMICO/zephyr-course
  obj_dir      None
  gcda_fname   ../../../twister-out/native_sim_native/host/homework.unit.ring_buf/zephyr/NSI/native/src/timer_model.gcda
  --> fname    /home/sufyan/Zephyr_IOMICO/deps/zephyr/scripts/native_simulator/native/src/timer_model.c
(DEBUG) Check if /home/sufyan/Zephyr_IOMICO/deps/zephyr/scripts/native_simulator/native/src/timer_model.c is included (source file)...
(DEBUG)   No filter matched.
(DEBUG) --> File is excluded.
(DEBUG) Check if /home/sufyan/Zephyr_IOMICO/zephyr-course/twister-out/native_sim_native/host/homework.unit.ring_buf/zephyr/arch/arch/posix/core/CMakeFiles/arch__posix__core.dir/cpuhalt.c.gcda is included (trace)...
(DEBUG)   No filter matched.
(DEBUG) --> File is excluded.
(DEBUG) Check if /home/sufyan/Zephyr_IOMICO/zephyr-course/twister-out/native_sim_native/host/homework.unit.ring_buf/zephyr/arch/arch/posix/core/CMakeFiles/arch__posix__core.dir/cpuhalt.c.gcda is included (trace)...
(DEBUG) --> File is excluded.
(DEBUG) Check if cpuhalt.c##d2eb33386afa8d4da64b64a9856e7c2a.gcov is included (gcov file)...
(DEBUG)   Filter AlwaysMatchFilter() matched.
(DEBUG) --> File is included.
(DEBUG) Check if /home/sufyan/Zephyr_IOMICO/zephyr-course/app/modules/ring_buf/cpuhalt.c##d2eb33386afa8d4da64b64a9856e7c2a.gcov is included (trace)...
(DEBUG)   No filter matched.
(DEBUG) --> File is excluded.
(DEBUG) Finding source file corresponding to a gcov data file
  gcov_fname   /home/sufyan/Zephyr_IOMICO/zephyr-course/app/modules/ring_buf/cpuhalt.c##d2eb33386afa8d4da64b64a9856e7c2a.gcov
  current_dir  /home/sufyan/Zephyr_IOMICO/zephyr-course/app/modules/ring_buf
  root         /home/sufyan/Zephyr_IOMICO/zephyr-course/app/modules/ring_buf
  starting_dir /home/sufyan/Zephyr_IOMICO/zephyr-course
  obj_dir      None
  gcda_fname   ../../../twister-out/native_sim_native/host/homework.unit.ring_buf/zephyr/arch/arch/posix/core/CMakeFiles/arch__posix__core.dir/cpuhalt.c.gcda
  --> fname    /home/sufyan/Zephyr_IOMICO/deps/zephyr/arch/posix/core/cpuhalt.c
(DEBUG) Check if /home/sufyan/Zephyr_IOMICO/deps/zephyr/arch/posix/core/cpuhalt.c is included (source file)...
(DEBUG)   No filter matched.
(DEBUG) --> File is excluded.
(DEBUG) Check if /home/sufyan/Zephyr_IOMICO/zephyr-course/twister-out/native_sim_native/host/homework.unit.ring_buf/zephyr/arch/arch/posix/core/CMakeFiles/arch__posix__core.dir/fatal.c.gcda is included (trace)...
(DEBUG)   No filter matched.
(DEBUG) --> File is excluded.
(DEBUG) Check if /home/sufyan/Zephyr_IOMICO/zephyr-course/twister-out/native_sim_native/host/homework.unit.ring_buf/zephyr/arch/arch/posix/core/CMakeFiles/arch__posix__core.dir/fatal.c.gcda is included (trace)...
(DEBUG) --> File is excluded.
(DEBUG) Check if fatal.c##29561b5f985355a0780d890ef25d6d44.gcov is included (gcov file)...
(DEBUG)   Filter AlwaysMatchFilter() matched.
(DEBUG) --> File is included.
(DEBUG) Check if /home/sufyan/Zephyr_IOMICO/zephyr-course/app/modules/ring_buf/fatal.c##29561b5f985355a0780d890ef25d6d44.gcov is included (trace)...
(DEBUG)   No filter matched.
(DEBUG) --> File is excluded.
(DEBUG) Finding source file corresponding to a gcov data file
  gcov_fname   /home/sufyan/Zephyr_IOMICO/zephyr-course/app/modules/ring_buf/fatal.c##29561b5f985355a0780d890ef25d6d44.gcov
  current_dir  /home/sufyan/Zephyr_IOMICO/zephyr-course/app/modules/ring_buf
  root         /home/sufyan/Zephyr_IOMICO/zephyr-course/app/modules/ring_buf
  starting_dir /home/sufyan/Zephyr_IOMICO/zephyr-course
  obj_dir      None
  gcda_fname   ../../../twister-out/native_sim_native/host/homework.unit.ring_buf/zephyr/arch/arch/posix/core/CMakeFiles/arch__posix__core.dir/fatal.c.gcda
  --> fname    /home/sufyan/Zephyr_IOMICO/deps/zephyr/arch/posix/core/fatal.c
(DEBUG) Check if /home/sufyan/Zephyr_IOMICO/deps/zephyr/arch/posix/core/fatal.c is included (source file)...
(DEBUG)   No filter matched.
(DEBUG) --> File is excluded.
(DEBUG) Check if /home/sufyan/Zephyr_IOMICO/zephyr-course/twister-out/native_sim_native/host/homework.unit.ring_buf/zephyr/arch/arch/posix/core/CMakeFiles/arch__posix__core.dir/irq.c.gcda is included (trace)...
(DEBUG)   No filter matched.
(DEBUG) --> File is excluded.
(DEBUG) Check if /home/sufyan/Zephyr_IOMICO/zephyr-course/twister-out/native_sim_native/host/homework.unit.ring_buf/zephyr/arch/arch/posix/core/CMakeFiles/arch__posix__core.dir/irq.c.gcda is included (trace)...
(DEBUG) --> File is excluded.
(DEBUG) Check if irq.c##0da0a4d1c9d50c9bea33f29c0d3bc1c8.gcov is included (gcov file)...
(DEBUG)   Filter AlwaysMatchFilter() matched.
(DEBUG) --> File is included.
(DEBUG) Check if /home/sufyan/Zephyr_IOMICO/zephyr-course/app/modules/ring_buf/irq.c##0da0a4d1c9d50c9bea33f29c0d3bc1c8.gcov is included (trace)...
(DEBUG)   No filter matched.
(DEBUG) --> File is excluded.
(DEBUG) Finding source file corresponding to a gcov data file
  gcov_fname   /home/sufyan/Zephyr_IOMICO/zephyr-course/app/modules/ring_buf/irq.c##0da0a4d1c9d50c9bea33f29c0d3bc1c8.gcov
  current_dir  /home/sufyan/Zephyr_IOMICO/zephyr-course/app/modules/ring_buf
  root         /home/sufyan/Zephyr_IOMICO/zephyr-course/app/modules/ring_buf
  starting_dir /home/sufyan/Zephyr_IOMICO/zephyr-course
  obj_dir      None
  gcda_fname   ../../../twister-out/native_sim_native/host/homework.unit.ring_buf/zephyr/arch/arch/posix/core/CMakeFiles/arch__posix__core.dir/irq.c.gcda
  --> fname    /home/sufyan/Zephyr_IOMICO/deps/zephyr/arch/posix/core/irq.c
(DEBUG) Check if /home/sufyan/Zephyr_IOMICO/deps/zephyr/arch/posix/core/irq.c is included (source file)...
(DEBUG)   No filter matched.
(DEBUG) --> File is excluded.
(DEBUG) Check if /home/sufyan/Zephyr_IOMICO/zephyr-course/twister-out/native_sim_native/host/homework.unit.ring_buf/zephyr/arch/arch/posix/core/CMakeFiles/arch__posix__core.dir/posix_core_nsi.c.gcda is included (trace)...
(DEBUG)   No filter matched.
(DEBUG) --> File is excluded.
(DEBUG) Check if /home/sufyan/Zephyr_IOMICO/zephyr-course/twister-out/native_sim_native/host/homework.unit.ring_buf/zephyr/arch/arch/posix/core/CMakeFiles/arch__posix__core.dir/posix_core_nsi.c.gcda is included (trace)...
(DEBUG) --> File is excluded.
(DEBUG) Check if posix_core_nsi.c##3b5b0a1cdfc93ba62d958490a06ab1dd.gcov is included (gcov file)...
(DEBUG)   Filter AlwaysMatchFilter() matched.
(DEBUG) --> File is included.
(DEBUG) Check if /home/sufyan/Zephyr_IOMICO/zephyr-course/app/modules/ring_buf/posix_core_nsi.c##3b5b0a1cdfc93ba62d958490a06ab1dd.gcov is included (trace)...
(DEBUG)   No filter matched.
(DEBUG) --> File is excluded.
(DEBUG) Finding source file corresponding to a gcov data file
  gcov_fname   /home/sufyan/Zephyr_IOMICO/zephyr-course/app/modules/ring_buf/posix_core_nsi.c##3b5b0a1cdfc93ba62d958490a06ab1dd.gcov
  current_dir  /home/sufyan/Zephyr_IOMICO/zephyr-course/app/modules/ring_buf
  root         /home/sufyan/Zephyr_IOMICO/zephyr-course/app/modules/ring_buf
  starting_dir /home/sufyan/Zephyr_IOMICO/zephyr-course
  obj_dir      None
  gcda_fname   ../../../twister-out/native_sim_native/host/homework.unit.ring_buf/zephyr/arch/arch/posix/core/CMakeFiles/arch__posix__core.dir/posix_core_nsi.c.gcda
  --> fname    /home/sufyan/Zephyr_IOMICO/deps/zephyr/arch/posix/core/posix_core_nsi.c
(DEBUG) Check if /home/sufyan/Zephyr_IOMICO/deps/zephyr/arch/posix/core/posix_core_nsi.c is included (source file)...
(DEBUG)   No filter matched.
(DEBUG) --> File is excluded.
(DEBUG) Check if /home/sufyan/Zephyr_IOMICO/zephyr-course/twister-out/native_sim_native/host/homework.unit.ring_buf/zephyr/arch/arch/posix/core/CMakeFiles/arch__posix__core.dir/swap.c.gcda is included (trace)...
(DEBUG)   No filter matched.
(DEBUG) --> File is excluded.
(DEBUG) Check if /home/sufyan/Zephyr_IOMICO/zephyr-course/twister-out/native_sim_native/host/homework.unit.ring_buf/zephyr/arch/arch/posix/core/CMakeFiles/arch__posix__core.dir/swap.c.gcda is included (trace)...
(DEBUG) --> File is excluded.
(DEBUG) Check if swap.c##deee6e3e6d2b973d66cc732758e11835.gcov is included (gcov file)...
(DEBUG)   Filter AlwaysMatchFilter() matched.
(DEBUG) --> File is included.
(DEBUG) Check if arch.h##dc70e81a221e00a96b5b011e55795c6f.gcov is included (gcov file)...
(DEBUG) --> File is included.
(DEBUG) Check if /home/sufyan/Zephyr_IOMICO/zephyr-course/app/modules/ring_buf/arch.h##dc70e81a221e00a96b5b011e55795c6f.gcov is included (trace)...
(DEBUG) --> File is excluded.
(DEBUG) Finding source file corresponding to a gcov data file
  gcov_fname   /home/sufyan/Zephyr_IOMICO/zephyr-course/app/modules/ring_buf/arch.h##dc70e81a221e00a96b5b011e55795c6f.gcov
  current_dir  /home/sufyan/Zephyr_IOMICO/zephyr-course/app/modules/ring_buf
  root         /home/sufyan/Zephyr_IOMICO/zephyr-course/app/modules/ring_buf
  starting_dir /home/sufyan/Zephyr_IOMICO/zephyr-course
  obj_dir      None
  gcda_fname   ../../../twister-out/native_sim_native/host/homework.unit.ring_buf/zephyr/arch/arch/posix/core/CMakeFiles/arch__posix__core.dir/swap.c.gcda
  --> fname    /home/sufyan/Zephyr_IOMICO/deps/zephyr/include/zephyr/arch/posix/arch.h
(DEBUG) Check if /home/sufyan/Zephyr_IOMICO/deps/zephyr/include/zephyr/arch/posix/arch.h is included (source file)...
(DEBUG) --> File is excluded.
(DEBUG) Check if /home/sufyan/Zephyr_IOMICO/zephyr-course/app/modules/ring_buf/swap.c##deee6e3e6d2b973d66cc732758e11835.gcov is included (trace)...
(DEBUG)   No filter matched.
(DEBUG) --> File is excluded.
(DEBUG) Finding source file corresponding to a gcov data file
  gcov_fname   /home/sufyan/Zephyr_IOMICO/zephyr-course/app/modules/ring_buf/swap.c##deee6e3e6d2b973d66cc732758e11835.gcov
  current_dir  /home/sufyan/Zephyr_IOMICO/zephyr-course/app/modules/ring_buf
  root         /home/sufyan/Zephyr_IOMICO/zephyr-course/app/modules/ring_buf
  starting_dir /home/sufyan/Zephyr_IOMICO/zephyr-course
  obj_dir      None
  gcda_fname   ../../../twister-out/native_sim_native/host/homework.unit.ring_buf/zephyr/arch/arch/posix/core/CMakeFiles/arch__posix__core.dir/swap.c.gcda
  --> fname    /home/sufyan/Zephyr_IOMICO/deps/zephyr/arch/posix/core/swap.c
(DEBUG) Check if /home/sufyan/Zephyr_IOMICO/deps/zephyr/arch/posix/core/swap.c is included (source file)...
(DEBUG)   No filter matched.
(DEBUG) --> File is excluded.
(DEBUG) Check if /home/sufyan/Zephyr_IOMICO/zephyr-course/twister-out/native_sim_native/host/homework.unit.ring_buf/zephyr/arch/arch/posix/core/CMakeFiles/arch__posix__core.dir/thread.c.gcda is included (trace)...
(DEBUG)   No filter matched.
(DEBUG) --> File is excluded.
(DEBUG) Check if /home/sufyan/Zephyr_IOMICO/zephyr-course/twister-out/native_sim_native/host/homework.unit.ring_buf/zephyr/arch/arch/posix/core/CMakeFiles/arch__posix__core.dir/thread.c.gcda is included (trace)...
(DEBUG) --> File is excluded.
(DEBUG) Check if thread.c##6917283b706940c484c2c22fa3a47057.gcov is included (gcov file)...
(DEBUG)   Filter AlwaysMatchFilter() matched.
(DEBUG) --> File is included.
(DEBUG) Check if arch.h##dc70e81a221e00a96b5b011e55795c6f.gcov is included (gcov file)...
(DEBUG) --> File is included.
(DEBUG) Check if /home/sufyan/Zephyr_IOMICO/zephyr-course/app/modules/ring_buf/arch.h##dc70e81a221e00a96b5b011e55795c6f.gcov is included (trace)...
(DEBUG) --> File is excluded.
(DEBUG) Finding source file corresponding to a gcov data file
  gcov_fname   /home/sufyan/Zephyr_IOMICO/zephyr-course/app/modules/ring_buf/arch.h##dc70e81a221e00a96b5b011e55795c6f.gcov
  current_dir  /home/sufyan/Zephyr_IOMICO/zephyr-course/app/modules/ring_buf
  root         /home/sufyan/Zephyr_IOMICO/zephyr-course/app/modules/ring_buf
  starting_dir /home/sufyan/Zephyr_IOMICO/zephyr-course
  obj_dir      None
  gcda_fname   ../../../twister-out/native_sim_native/host/homework.unit.ring_buf/zephyr/arch/arch/posix/core/CMakeFiles/arch__posix__core.dir/thread.c.gcda
  --> fname    /home/sufyan/Zephyr_IOMICO/deps/zephyr/include/zephyr/arch/posix/arch.h
(DEBUG) Check if /home/sufyan/Zephyr_IOMICO/deps/zephyr/include/zephyr/arch/posix/arch.h is included (source file)...
(DEBUG) --> File is excluded.
(DEBUG) Check if /home/sufyan/Zephyr_IOMICO/zephyr-course/app/modules/ring_buf/thread.c##6917283b706940c484c2c22fa3a47057.gcov is included (trace)...
(DEBUG)   No filter matched.
(DEBUG) --> File is excluded.
(DEBUG) Finding source file corresponding to a gcov data file
  gcov_fname   /home/sufyan/Zephyr_IOMICO/zephyr-course/app/modules/ring_buf/thread.c##6917283b706940c484c2c22fa3a47057.gcov
  current_dir  /home/sufyan/Zephyr_IOMICO/zephyr-course/app/modules/ring_buf
  root         /home/sufyan/Zephyr_IOMICO/zephyr-course/app/modules/ring_buf
  starting_dir /home/sufyan/Zephyr_IOMICO/zephyr-course
  obj_dir      None
  gcda_fname   ../../../twister-out/native_sim_native/host/homework.unit.ring_buf/zephyr/arch/arch/posix/core/CMakeFiles/arch__posix__core.dir/thread.c.gcda
  --> fname    /home/sufyan/Zephyr_IOMICO/deps/zephyr/arch/posix/core/thread.c
(DEBUG) Check if /home/sufyan/Zephyr_IOMICO/deps/zephyr/arch/posix/core/thread.c is included (source file)...
(DEBUG)   No filter matched.
(DEBUG) --> File is excluded.
(DEBUG) Check if /home/sufyan/Zephyr_IOMICO/zephyr-course/twister-out/native_sim_native/host/homework.unit.ring_buf/zephyr/boards/native/native_sim/CMakeFiles/boards__native__native_sim.dir/cmdline.c.gcda is included (trace)...
(DEBUG)   No filter matched.
(DEBUG) --> File is excluded.
(DEBUG) Check if /home/sufyan/Zephyr_IOMICO/zephyr-course/twister-out/native_sim_native/host/homework.unit.ring_buf/zephyr/boards/native/native_sim/CMakeFiles/boards__native__native_sim.dir/cmdline.c.gcda is included (trace)...
(DEBUG) --> File is excluded.
(DEBUG) Check if cmdline.c##96312a5e1cce86843b75e53bcd461bcc.gcov is included (gcov file)...
(DEBUG)   Filter AlwaysMatchFilter() matched.
(DEBUG) --> File is included.
(DEBUG) Check if /home/sufyan/Zephyr_IOMICO/zephyr-course/app/modules/ring_buf/cmdline.c##96312a5e1cce86843b75e53bcd461bcc.gcov is included (trace)...
(DEBUG)   No filter matched.
(DEBUG) --> File is excluded.
(DEBUG) Finding source file corresponding to a gcov data file
  gcov_fname   /home/sufyan/Zephyr_IOMICO/zephyr-course/app/modules/ring_buf/cmdline.c##96312a5e1cce86843b75e53bcd461bcc.gcov
  current_dir  /home/sufyan/Zephyr_IOMICO/zephyr-course/app/modules/ring_buf
  root         /home/sufyan/Zephyr_IOMICO/zephyr-course/app/modules/ring_buf
  starting_dir /home/sufyan/Zephyr_IOMICO/zephyr-course
  obj_dir      None
  gcda_fname   ../../../twister-out/native_sim_native/host/homework.unit.ring_buf/zephyr/boards/native/native_sim/CMakeFiles/boards__native__native_sim.dir/cmdline.c.gcda
  --> fname    /home/sufyan/Zephyr_IOMICO/deps/zephyr/boards/native/native_sim/cmdline.c
(DEBUG) Check if /home/sufyan/Zephyr_IOMICO/deps/zephyr/boards/native/native_sim/cmdline.c is included (source file)...
(DEBUG)   No filter matched.
(DEBUG) --> File is excluded.
(DEBUG) Check if /home/sufyan/Zephyr_IOMICO/zephyr-course/twister-out/native_sim_native/host/homework.unit.ring_buf/zephyr/boards/native/native_sim/CMakeFiles/boards__native__native_sim.dir/cpu_wait.c.gcda is included (trace)...
(DEBUG)   No filter matched.
(DEBUG) --> File is excluded.
(DEBUG) Check if /home/sufyan/Zephyr_IOMICO/zephyr-course/twister-out/native_sim_native/host/homework.unit.ring_buf/zephyr/boards/native/native_sim/CMakeFiles/boards__native__native_sim.dir/cpu_wait.c.gcda is included (trace)...
(DEBUG) --> File is excluded.
(DEBUG) Check if cpu_wait.c##e26c5d095b5f7a028ea38cc24c9ab1d2.gcov is included (gcov file)...
(DEBUG)   Filter AlwaysMatchFilter() matched.
(DEBUG) --> File is included.
(DEBUG) Check if nsi_hw_scheduler.h##3aa335cb6939879969c80454f3913ba5.gcov is included (gcov file)...
(DEBUG) --> File is included.
(DEBUG) Check if /home/sufyan/Zephyr_IOMICO/zephyr-course/app/modules/ring_buf/nsi_hw_scheduler.h##3aa335cb6939879969c80454f3913ba5.gcov is included (trace)...
(DEBUG) --> File is excluded.
(DEBUG) Finding source file corresponding to a gcov data file
  gcov_fname   /home/sufyan/Zephyr_IOMICO/zephyr-course/app/modules/ring_buf/nsi_hw_scheduler.h##3aa335cb6939879969c80454f3913ba5.gcov
  current_dir  /home/sufyan/Zephyr_IOMICO/zephyr-course/app/modules/ring_buf
  root         /home/sufyan/Zephyr_IOMICO/zephyr-course/app/modules/ring_buf
  starting_dir /home/sufyan/Zephyr_IOMICO/zephyr-course
  obj_dir      None
  gcda_fname   ../../../twister-out/native_sim_native/host/homework.unit.ring_buf/zephyr/boards/native/native_sim/CMakeFiles/boards__native__native_sim.dir/cpu_wait.c.gcda
  --> fname    /home/sufyan/Zephyr_IOMICO/deps/zephyr/scripts/native_simulator/common/src/include/nsi_hw_scheduler.h
(DEBUG) Check if /home/sufyan/Zephyr_IOMICO/deps/zephyr/scripts/native_simulator/common/src/include/nsi_hw_scheduler.h is included (source file)...
(DEBUG) --> File is excluded.
(DEBUG) Check if /home/sufyan/Zephyr_IOMICO/zephyr-course/app/modules/ring_buf/cpu_wait.c##e26c5d095b5f7a028ea38cc24c9ab1d2.gcov is included (trace)...
(DEBUG)   No filter matched.
(DEBUG) --> File is excluded.
(DEBUG) Finding source file corresponding to a gcov data file
  gcov_fname   /home/sufyan/Zephyr_IOMICO/zephyr-course/app/modules/ring_buf/cpu_wait.c##e26c5d095b5f7a028ea38cc24c9ab1d2.gcov
  current_dir  /home/sufyan/Zephyr_IOMICO/zephyr-course/app/modules/ring_buf
  root         /home/sufyan/Zephyr_IOMICO/zephyr-course/app/modules/ring_buf
  starting_dir /home/sufyan/Zephyr_IOMICO/zephyr-course
  obj_dir      None
  gcda_fname   ../../../twister-out/native_sim_native/host/homework.unit.ring_buf/zephyr/boards/native/native_sim/CMakeFiles/boards__native__native_sim.dir/cpu_wait.c.gcda
  --> fname    /home/sufyan/Zephyr_IOMICO/deps/zephyr/boards/native/native_sim/cpu_wait.c
(DEBUG) Check if /home/sufyan/Zephyr_IOMICO/deps/zephyr/boards/native/native_sim/cpu_wait.c is included (source file)...
(DEBUG)   No filter matched.
(DEBUG) --> File is excluded.
(DEBUG) Check if /home/sufyan/Zephyr_IOMICO/zephyr-course/twister-out/native_sim_native/host/homework.unit.ring_buf/zephyr/boards/native/native_sim/CMakeFiles/boards__native__native_sim.dir/irq_handler.c.gcda is included (trace)...
(DEBUG)   No filter matched.
(DEBUG) --> File is excluded.
(DEBUG) Check if /home/sufyan/Zephyr_IOMICO/zephyr-course/twister-out/native_sim_native/host/homework.unit.ring_buf/zephyr/boards/native/native_sim/CMakeFiles/boards__native__native_sim.dir/irq_handler.c.gcda is included (trace)...
(DEBUG) --> File is excluded.
(DEBUG) Check if irq_handler.c##573ac2a8066397d65630386d61c8a566.gcov is included (gcov file)...
(DEBUG)   Filter AlwaysMatchFilter() matched.
(DEBUG) --> File is included.
(DEBUG) Check if kswap.h##9a5fdfd549e93061b332a272726a5dc5.gcov is included (gcov file)...
(DEBUG)   Filter AlwaysMatchFilter() matched.
(DEBUG) --> File is included.
(DEBUG) Check if /home/sufyan/Zephyr_IOMICO/zephyr-course/app/modules/ring_buf/kswap.h##9a5fdfd549e93061b332a272726a5dc5.gcov is included (trace)...
(DEBUG)   No filter matched.
(DEBUG) --> File is excluded.
(DEBUG) Finding source file corresponding to a gcov data file
  gcov_fname   /home/sufyan/Zephyr_IOMICO/zephyr-course/app/modules/ring_buf/kswap.h##9a5fdfd549e93061b332a272726a5dc5.gcov
  current_dir  /home/sufyan/Zephyr_IOMICO/zephyr-course/app/modules/ring_buf
  root         /home/sufyan/Zephyr_IOMICO/zephyr-course/app/modules/ring_buf
  starting_dir /home/sufyan/Zephyr_IOMICO/zephyr-course
  obj_dir      None
  gcda_fname   ../../../twister-out/native_sim_native/host/homework.unit.ring_buf/zephyr/boards/native/native_sim/CMakeFiles/boards__native__native_sim.dir/irq_handler.c.gcda
  --> fname    /home/sufyan/Zephyr_IOMICO/deps/zephyr/kernel/include/kswap.h
(DEBUG) Check if /home/sufyan/Zephyr_IOMICO/deps/zephyr/kernel/include/kswap.h is included (source file)...
(DEBUG)   No filter matched.
(DEBUG) --> File is excluded.
(DEBUG) Check if /home/sufyan/Zephyr_IOMICO/zephyr-course/app/modules/ring_buf/irq_handler.c##573ac2a8066397d65630386d61c8a566.gcov is included (trace)...
(DEBUG)   No filter matched.
(DEBUG) --> File is excluded.
(DEBUG) Finding source file corresponding to a gcov data file
  gcov_fname   /home/sufyan/Zephyr_IOMICO/zephyr-course/app/modules/ring_buf/irq_handler.c##573ac2a8066397d65630386d61c8a566.gcov
  current_dir  /home/sufyan/Zephyr_IOMICO/zephyr-course/app/modules/ring_buf
  root         /home/sufyan/Zephyr_IOMICO/zephyr-course/app/modules/ring_buf
  starting_dir /home/sufyan/Zephyr_IOMICO/zephyr-course
  obj_dir      None
  gcda_fname   ../../../twister-out/native_sim_native/host/homework.unit.ring_buf/zephyr/boards/native/native_sim/CMakeFiles/boards__native__native_sim.dir/irq_handler.c.gcda
  --> fname    /home/sufyan/Zephyr_IOMICO/deps/zephyr/boards/native/native_sim/irq_handler.c
(DEBUG) Check if /home/sufyan/Zephyr_IOMICO/deps/zephyr/boards/native/native_sim/irq_handler.c is included (source file)...
(DEBUG)   No filter matched.
(DEBUG) --> File is excluded.
(DEBUG) Check if /home/sufyan/Zephyr_IOMICO/zephyr-course/twister-out/native_sim_native/host/homework.unit.ring_buf/zephyr/boards/native/native_sim/CMakeFiles/boards__native__native_sim.dir/misc.c.gcno is included (trace)...
(DEBUG)   No filter matched.
(DEBUG) --> File is excluded.
(DEBUG) Check if /home/sufyan/Zephyr_IOMICO/zephyr-course/twister-out/native_sim_native/host/homework.unit.ring_buf/zephyr/boards/native/native_sim/CMakeFiles/boards__native__native_sim.dir/misc.c.gcno is included (trace)...
(DEBUG) --> File is excluded.
(DEBUG) Check if /home/sufyan/Zephyr_IOMICO/zephyr-course/twister-out/native_sim_native/host/homework.unit.ring_buf/zephyr/boards/native/native_sim/CMakeFiles/boards__native__native_sim.dir/nsi_if.c.gcda is included (trace)...
(DEBUG)   No filter matched.
(DEBUG) --> File is excluded.
(DEBUG) Check if /home/sufyan/Zephyr_IOMICO/zephyr-course/twister-out/native_sim_native/host/homework.unit.ring_buf/zephyr/boards/native/native_sim/CMakeFiles/boards__native__native_sim.dir/nsi_if.c.gcda is included (trace)...
(DEBUG) --> File is excluded.
(DEBUG) Check if nsi_if.c##8c0d1d6955f16bac0a7c711cc7fe5133.gcov is included (gcov file)...
(DEBUG)   Filter AlwaysMatchFilter() matched.
(DEBUG) --> File is included.
(DEBUG) Check if /home/sufyan/Zephyr_IOMICO/zephyr-course/app/modules/ring_buf/nsi_if.c##8c0d1d6955f16bac0a7c711cc7fe5133.gcov is included (trace)...
(DEBUG)   No filter matched.
(DEBUG) --> File is excluded.
(DEBUG) Finding source file corresponding to a gcov data file
  gcov_fname   /home/sufyan/Zephyr_IOMICO/zephyr-course/app/modules/ring_buf/nsi_if.c##8c0d1d6955f16bac0a7c711cc7fe5133.gcov
  current_dir  /home/sufyan/Zephyr_IOMICO/zephyr-course/app/modules/ring_buf
  root         /home/sufyan/Zephyr_IOMICO/zephyr-course/app/modules/ring_buf
  starting_dir /home/sufyan/Zephyr_IOMICO/zephyr-course
  obj_dir      None
  gcda_fname   ../../../twister-out/native_sim_native/host/homework.unit.ring_buf/zephyr/boards/native/native_sim/CMakeFiles/boards__native__native_sim.dir/nsi_if.c.gcda
  --> fname    /home/sufyan/Zephyr_IOMICO/deps/zephyr/boards/native/native_sim/nsi_if.c
(DEBUG) Check if /home/sufyan/Zephyr_IOMICO/deps/zephyr/boards/native/native_sim/nsi_if.c is included (source file)...
(DEBUG)   No filter matched.
(DEBUG) --> File is excluded.
(DEBUG) Check if /home/sufyan/Zephyr_IOMICO/zephyr-course/twister-out/native_sim_native/host/homework.unit.ring_buf/zephyr/boards/native/native_sim/CMakeFiles/boards__native__native_sim.dir/posix_arch_if.c.gcda is included (trace)...
(DEBUG)   No filter matched.
(DEBUG) --> File is excluded.
(DEBUG) Check if /home/sufyan/Zephyr_IOMICO/zephyr-course/twister-out/native_sim_native/host/homework.unit.ring_buf/zephyr/boards/native/native_sim/CMakeFiles/boards__native__native_sim.dir/posix_arch_if.c.gcda is included (trace)...
(DEBUG) --> File is excluded.
(DEBUG) Check if posix_arch_if.c##92059abf181b3603e53662ffdd6d1f05.gcov is included (gcov file)...
(DEBUG)   Filter AlwaysMatchFilter() matched.
(DEBUG) --> File is included.
(DEBUG) Check if nsi_hw_scheduler.h##3aa335cb6939879969c80454f3913ba5.gcov is included (gcov file)...
(DEBUG) --> File is included.
(DEBUG) Check if /home/sufyan/Zephyr_IOMICO/zephyr-course/app/modules/ring_buf/nsi_hw_scheduler.h##3aa335cb6939879969c80454f3913ba5.gcov is included (trace)...
(DEBUG) --> File is excluded.
(DEBUG) Finding source file corresponding to a gcov data file
  gcov_fname   /home/sufyan/Zephyr_IOMICO/zephyr-course/app/modules/ring_buf/nsi_hw_scheduler.h##3aa335cb6939879969c80454f3913ba5.gcov
  current_dir  /home/sufyan/Zephyr_IOMICO/zephyr-course/app/modules/ring_buf
  root         /home/sufyan/Zephyr_IOMICO/zephyr-course/app/modules/ring_buf
  starting_dir /home/sufyan/Zephyr_IOMICO/zephyr-course
  obj_dir      None
  gcda_fname   ../../../twister-out/native_sim_native/host/homework.unit.ring_buf/zephyr/boards/native/native_sim/CMakeFiles/boards__native__native_sim.dir/posix_arch_if.c.gcda
  --> fname    /home/sufyan/Zephyr_IOMICO/deps/zephyr/scripts/native_simulator/common/src/include/nsi_hw_scheduler.h
(DEBUG) Check if /home/sufyan/Zephyr_IOMICO/deps/zephyr/scripts/native_simulator/common/src/include/nsi_hw_scheduler.h is included (source file)...
(DEBUG) --> File is excluded.
(DEBUG) Check if /home/sufyan/Zephyr_IOMICO/zephyr-course/app/modules/ring_buf/posix_arch_if.c##92059abf181b3603e53662ffdd6d1f05.gcov is included (trace)...
(DEBUG)   No filter matched.
(DEBUG) --> File is excluded.
(DEBUG) Finding source file corresponding to a gcov data file
  gcov_fname   /home/sufyan/Zephyr_IOMICO/zephyr-course/app/modules/ring_buf/posix_arch_if.c##92059abf181b3603e53662ffdd6d1f05.gcov
  current_dir  /home/sufyan/Zephyr_IOMICO/zephyr-course/app/modules/ring_buf
  root         /home/sufyan/Zephyr_IOMICO/zephyr-course/app/modules/ring_buf
  starting_dir /home/sufyan/Zephyr_IOMICO/zephyr-course
  obj_dir      None
  gcda_fname   ../../../twister-out/native_sim_native/host/homework.unit.ring_buf/zephyr/boards/native/native_sim/CMakeFiles/boards__native__native_sim.dir/posix_arch_if.c.gcda
  --> fname    /home/sufyan/Zephyr_IOMICO/deps/zephyr/boards/native/native_sim/posix_arch_if.c
(DEBUG) Check if /home/sufyan/Zephyr_IOMICO/deps/zephyr/boards/native/native_sim/posix_arch_if.c is included (source file)...
(DEBUG)   No filter matched.
(DEBUG) --> File is excluded.
(DEBUG) Check if /home/sufyan/Zephyr_IOMICO/zephyr-course/twister-out/native_sim_native/host/homework.unit.ring_buf/zephyr/drivers/console/CMakeFiles/drivers__console.dir/posix_arch_console.c.gcda is included (trace)...
(DEBUG)   No filter matched.
(DEBUG) --> File is excluded.
(DEBUG) Check if /home/sufyan/Zephyr_IOMICO/zephyr-course/twister-out/native_sim_native/host/homework.unit.ring_buf/zephyr/drivers/console/CMakeFiles/drivers__console.dir/posix_arch_console.c.gcda is included (trace)...
(DEBUG) --> File is excluded.
(DEBUG) Check if posix_arch_console.c##78893cb744b2893bb65ec757c5fb6ace.gcov is included (gcov file)...
(DEBUG)   Filter AlwaysMatchFilter() matched.
(DEBUG) --> File is included.
(DEBUG) Check if /home/sufyan/Zephyr_IOMICO/zephyr-course/app/modules/ring_buf/posix_arch_console.c##78893cb744b2893bb65ec757c5fb6ace.gcov is included (trace)...
(DEBUG)   No filter matched.
(DEBUG) --> File is excluded.
(DEBUG) Finding source file corresponding to a gcov data file
  gcov_fname   /home/sufyan/Zephyr_IOMICO/zephyr-course/app/modules/ring_buf/posix_arch_console.c##78893cb744b2893bb65ec757c5fb6ace.gcov
  current_dir  /home/sufyan/Zephyr_IOMICO/zephyr-course/app/modules/ring_buf
  root         /home/sufyan/Zephyr_IOMICO/zephyr-course/app/modules/ring_buf
  starting_dir /home/sufyan/Zephyr_IOMICO/zephyr-course
  obj_dir      None
  gcda_fname   ../../../twister-out/native_sim_native/host/homework.unit.ring_buf/zephyr/drivers/console/CMakeFiles/drivers__console.dir/posix_arch_console.c.gcda
  --> fname    /home/sufyan/Zephyr_IOMICO/deps/zephyr/drivers/console/posix_arch_console.c
(DEBUG) Check if /home/sufyan/Zephyr_IOMICO/deps/zephyr/drivers/console/posix_arch_console.c is included (source file)...
(DEBUG)   No filter matched.
(DEBUG) --> File is excluded.
(DEBUG) Check if /home/sufyan/Zephyr_IOMICO/zephyr-course/twister-out/native_sim_native/host/homework.unit.ring_buf/zephyr/drivers/timer/CMakeFiles/drivers__timer.dir/native_sim_timer.c.gcda is included (trace)...
(DEBUG)   No filter matched.
(DEBUG) --> File is excluded.
(DEBUG) Check if /home/sufyan/Zephyr_IOMICO/zephyr-course/twister-out/native_sim_native/host/homework.unit.ring_buf/zephyr/drivers/timer/CMakeFiles/drivers__timer.dir/native_sim_timer.c.gcda is included (trace)...
(DEBUG) --> File is excluded.
(DEBUG) Check if native_sim_timer.c##465021f4a16f395d5c7eda0774e226da.gcov is included (gcov file)...
(DEBUG)   Filter AlwaysMatchFilter() matched.
(DEBUG) --> File is included.
(DEBUG) Check if nsi_hw_scheduler.h##3aa335cb6939879969c80454f3913ba5.gcov is included (gcov file)...
(DEBUG) --> File is included.
(DEBUG) Check if /home/sufyan/Zephyr_IOMICO/zephyr-course/app/modules/ring_buf/nsi_hw_scheduler.h##3aa335cb6939879969c80454f3913ba5.gcov is included (trace)...
(DEBUG) --> File is excluded.
(DEBUG) Finding source file corresponding to a gcov data file
  gcov_fname   /home/sufyan/Zephyr_IOMICO/zephyr-course/app/modules/ring_buf/nsi_hw_scheduler.h##3aa335cb6939879969c80454f3913ba5.gcov
  current_dir  /home/sufyan/Zephyr_IOMICO/zephyr-course/app/modules/ring_buf
  root         /home/sufyan/Zephyr_IOMICO/zephyr-course/app/modules/ring_buf
  starting_dir /home/sufyan/Zephyr_IOMICO/zephyr-course
  obj_dir      None
  gcda_fname   ../../../twister-out/native_sim_native/host/homework.unit.ring_buf/zephyr/drivers/timer/CMakeFiles/drivers__timer.dir/native_sim_timer.c.gcda
  --> fname    /home/sufyan/Zephyr_IOMICO/deps/zephyr/scripts/native_simulator/common/src/include/nsi_hw_scheduler.h
(DEBUG) Check if /home/sufyan/Zephyr_IOMICO/deps/zephyr/scripts/native_simulator/common/src/include/nsi_hw_scheduler.h is included (source file)...
(DEBUG) --> File is excluded.
(DEBUG) Check if /home/sufyan/Zephyr_IOMICO/zephyr-course/app/modules/ring_buf/native_sim_timer.c##465021f4a16f395d5c7eda0774e226da.gcov is included (trace)...
(DEBUG)   No filter matched.
(DEBUG) --> File is excluded.
(DEBUG) Finding source file corresponding to a gcov data file
  gcov_fname   /home/sufyan/Zephyr_IOMICO/zephyr-course/app/modules/ring_buf/native_sim_timer.c##465021f4a16f395d5c7eda0774e226da.gcov
  current_dir  /home/sufyan/Zephyr_IOMICO/zephyr-course/app/modules/ring_buf
  root         /home/sufyan/Zephyr_IOMICO/zephyr-course/app/modules/ring_buf
  starting_dir /home/sufyan/Zephyr_IOMICO/zephyr-course
  obj_dir      None
  gcda_fname   ../../../twister-out/native_sim_native/host/homework.unit.ring_buf/zephyr/drivers/timer/CMakeFiles/drivers__timer.dir/native_sim_timer.c.gcda
  --> fname    /home/sufyan/Zephyr_IOMICO/deps/zephyr/drivers/timer/native_sim_timer.c
(DEBUG) Check if /home/sufyan/Zephyr_IOMICO/deps/zephyr/drivers/timer/native_sim_timer.c is included (source file)...
(DEBUG)   No filter matched.
(DEBUG) --> File is excluded.
(DEBUG) Check if /home/sufyan/Zephyr_IOMICO/zephyr-course/twister-out/native_sim_native/host/homework.unit.ring_buf/zephyr/drivers/timer/CMakeFiles/drivers__timer.dir/sys_clock_init.c.gcda is included (trace)...
(DEBUG)   No filter matched.
(DEBUG) --> File is excluded.
(DEBUG) Check if /home/sufyan/Zephyr_IOMICO/zephyr-course/twister-out/native_sim_native/host/homework.unit.ring_buf/zephyr/drivers/timer/CMakeFiles/drivers__timer.dir/sys_clock_init.c.gcda is included (trace)...
(DEBUG) --> File is excluded.
(DEBUG) Check if sys_clock_init.c##47f365defd804ffedb284eb1b88ba8a1.gcov is included (gcov file)...
(DEBUG)   Filter AlwaysMatchFilter() matched.
(DEBUG) --> File is included.
(DEBUG) Check if /home/sufyan/Zephyr_IOMICO/zephyr-course/app/modules/ring_buf/sys_clock_init.c##47f365defd804ffedb284eb1b88ba8a1.gcov is included (trace)...
(DEBUG)   No filter matched.
(DEBUG) --> File is excluded.
(DEBUG) Finding source file corresponding to a gcov data file
  gcov_fname   /home/sufyan/Zephyr_IOMICO/zephyr-course/app/modules/ring_buf/sys_clock_init.c##47f365defd804ffedb284eb1b88ba8a1.gcov
  current_dir  /home/sufyan/Zephyr_IOMICO/zephyr-course/app/modules/ring_buf
  root         /home/sufyan/Zephyr_IOMICO/zephyr-course/app/modules/ring_buf
  starting_dir /home/sufyan/Zephyr_IOMICO/zephyr-course
  obj_dir      None
  gcda_fname   ../../../twister-out/native_sim_native/host/homework.unit.ring_buf/zephyr/drivers/timer/CMakeFiles/drivers__timer.dir/sys_clock_init.c.gcda
  --> fname    /home/sufyan/Zephyr_IOMICO/deps/zephyr/drivers/timer/sys_clock_init.c
(DEBUG) Check if /home/sufyan/Zephyr_IOMICO/deps/zephyr/drivers/timer/sys_clock_init.c is included (source file)...
(DEBUG)   No filter matched.
(DEBUG) --> File is excluded.
(DEBUG) Check if /home/sufyan/Zephyr_IOMICO/zephyr-course/twister-out/native_sim_native/host/homework.unit.ring_buf/zephyr/kernel/CMakeFiles/kernel.dir/banner.c.gcda is included (trace)...
(DEBUG)   No filter matched.
(DEBUG) --> File is excluded.
(DEBUG) Check if /home/sufyan/Zephyr_IOMICO/zephyr-course/twister-out/native_sim_native/host/homework.unit.ring_buf/zephyr/kernel/CMakeFiles/kernel.dir/banner.c.gcda is included (trace)...
(DEBUG) --> File is excluded.
(DEBUG) Check if banner.c##1a23522dda582d6c30a4b5d20813fcd9.gcov is included (gcov file)...
(DEBUG)   Filter AlwaysMatchFilter() matched.
(DEBUG) --> File is included.
(DEBUG) Check if /home/sufyan/Zephyr_IOMICO/zephyr-course/app/modules/ring_buf/banner.c##1a23522dda582d6c30a4b5d20813fcd9.gcov is included (trace)...
(DEBUG)   No filter matched.
(DEBUG) --> File is excluded.
(DEBUG) Finding source file corresponding to a gcov data file
  gcov_fname   /home/sufyan/Zephyr_IOMICO/zephyr-course/app/modules/ring_buf/banner.c##1a23522dda582d6c30a4b5d20813fcd9.gcov
  current_dir  /home/sufyan/Zephyr_IOMICO/zephyr-course/app/modules/ring_buf
  root         /home/sufyan/Zephyr_IOMICO/zephyr-course/app/modules/ring_buf
  starting_dir /home/sufyan/Zephyr_IOMICO/zephyr-course
  obj_dir      None
  gcda_fname   ../../../twister-out/native_sim_native/host/homework.unit.ring_buf/zephyr/kernel/CMakeFiles/kernel.dir/banner.c.gcda
  --> fname    /home/sufyan/Zephyr_IOMICO/deps/zephyr/kernel/banner.c
(DEBUG) Check if /home/sufyan/Zephyr_IOMICO/deps/zephyr/kernel/banner.c is included (source file)...
(DEBUG)   No filter matched.
(DEBUG) --> File is excluded.
(DEBUG) Check if /home/sufyan/Zephyr_IOMICO/zephyr-course/twister-out/native_sim_native/host/homework.unit.ring_buf/zephyr/kernel/CMakeFiles/kernel.dir/busy_wait.c.gcno is included (trace)...
(DEBUG)   No filter matched.
(DEBUG) --> File is excluded.
(DEBUG) Check if /home/sufyan/Zephyr_IOMICO/zephyr-course/twister-out/native_sim_native/host/homework.unit.ring_buf/zephyr/kernel/CMakeFiles/kernel.dir/busy_wait.c.gcno is included (trace)...
(DEBUG) --> File is excluded.
(DEBUG) Check if busy_wait.c##466ff6347ed36b70b6bd085458feef33.gcov is included (gcov file)...
(DEBUG)   Filter AlwaysMatchFilter() matched.
(DEBUG) --> File is included.
(DEBUG) Check if /home/sufyan/Zephyr_IOMICO/zephyr-course/app/modules/ring_buf/busy_wait.c##466ff6347ed36b70b6bd085458feef33.gcov is included (trace)...
(DEBUG)   No filter matched.
(DEBUG) --> File is excluded.
(DEBUG) Finding source file corresponding to a gcov data file
  gcov_fname   /home/sufyan/Zephyr_IOMICO/zephyr-course/app/modules/ring_buf/busy_wait.c##466ff6347ed36b70b6bd085458feef33.gcov
  current_dir  /home/sufyan/Zephyr_IOMICO/zephyr-course/app/modules/ring_buf
  root         /home/sufyan/Zephyr_IOMICO/zephyr-course/app/modules/ring_buf
  starting_dir /home/sufyan/Zephyr_IOMICO/zephyr-course
  obj_dir      None
  gcda_fname   ../../../twister-out/native_sim_native/host/homework.unit.ring_buf/zephyr/kernel/CMakeFiles/kernel.dir/busy_wait.c.gcno
  --> fname    /home/sufyan/Zephyr_IOMICO/deps/zephyr/kernel/busy_wait.c
(DEBUG) Check if /home/sufyan/Zephyr_IOMICO/deps/zephyr/kernel/busy_wait.c is included (source file)...
(DEBUG)   No filter matched.
(DEBUG) --> File is excluded.
(DEBUG) Check if /home/sufyan/Zephyr_IOMICO/zephyr-course/twister-out/native_sim_native/host/homework.unit.ring_buf/zephyr/kernel/CMakeFiles/kernel.dir/condvar.c.gcno is included (trace)...
(DEBUG)   No filter matched.
(DEBUG) --> File is excluded.
(DEBUG) Check if /home/sufyan/Zephyr_IOMICO/zephyr-course/twister-out/native_sim_native/host/homework.unit.ring_buf/zephyr/kernel/CMakeFiles/kernel.dir/condvar.c.gcno is included (trace)...
(DEBUG) --> File is excluded.
(DEBUG) Check if condvar.c##48bb0cd335b759ca4233aeda68aeacfe.gcov is included (gcov file)...
(DEBUG)   Filter AlwaysMatchFilter() matched.
(DEBUG) --> File is included.
(DEBUG) Check if wait_q.h##139d40669c3ee194b82a2646c4f8e821.gcov is included (gcov file)...
(DEBUG)   Filter AlwaysMatchFilter() matched.
(DEBUG) --> File is included.
(DEBUG) Check if ksched.h##ef11ea29545001937978f4e3e23cbf23.gcov is included (gcov file)...
(DEBUG)   Filter AlwaysMatchFilter() matched.
(DEBUG) --> File is included.
(DEBUG) Check if priority_q.h##e09451b433d85721cb295db4cbfe45f5.gcov is included (gcov file)...
(DEBUG)   Filter AlwaysMatchFilter() matched.
(DEBUG) --> File is included.
(DEBUG) Check if kthread.h##b13e19e9523584ac2e7cfe73fddb2b9b.gcov is included (gcov file)...
(DEBUG)   Filter AlwaysMatchFilter() matched.
(DEBUG) --> File is included.
(DEBUG) Check if timeout_q.h##569a3e528a9234fdc294fc6409c26869.gcov is included (gcov file)...
(DEBUG)   Filter AlwaysMatchFilter() matched.
(DEBUG) --> File is included.
(DEBUG) Check if kernel_arch_func.h##88c66a408d50fc91e01e60b8add8a403.gcov is included (gcov file)...
(DEBUG)   Filter AlwaysMatchFilter() matched.
(DEBUG) --> File is included.
(DEBUG) Check if kernel.h##613194e766979d51f14f46fda6f8f0e6.gcov is included (gcov file)...
(DEBUG) --> File is included.
(DEBUG) Check if kobject_internal.h##d9e662f1f754d31d24eb20c0b43248dd.gcov is included (gcov file)...
(DEBUG)   Filter AlwaysMatchFilter() matched.
(DEBUG) --> File is included.
(DEBUG) Check if spinlock.h##ac54c28a46b90c889de3665abac3ef1a.gcov is included (gcov file)...
(DEBUG) --> File is included.
(DEBUG) Check if arch.h##dc70e81a221e00a96b5b011e55795c6f.gcov is included (gcov file)...
(DEBUG) --> File is included.
(DEBUG) Check if dlist.h##8b38c32f07439f20ffdd7079fc0c40eb.gcov is included (gcov file)...
(DEBUG)   Filter AlwaysMatchFilter() matched.
(DEBUG) --> File is included.
(DEBUG) Check if /home/sufyan/Zephyr_IOMICO/zephyr-course/app/modules/ring_buf/priority_q.h##e09451b433d85721cb295db4cbfe45f5.gcov is included (trace)...
(DEBUG)   No filter matched.
(DEBUG) --> File is excluded.
(DEBUG) Finding source file corresponding to a gcov data file
  gcov_fname   /home/sufyan/Zephyr_IOMICO/zephyr-course/app/modules/ring_buf/priority_q.h##e09451b433d85721cb295db4cbfe45f5.gcov
  current_dir  /home/sufyan/Zephyr_IOMICO/zephyr-course/app/modules/ring_buf
  root         /home/sufyan/Zephyr_IOMICO/zephyr-course/app/modules/ring_buf
  starting_dir /home/sufyan/Zephyr_IOMICO/zephyr-course
  obj_dir      None
  gcda_fname   ../../../twister-out/native_sim_native/host/homework.unit.ring_buf/zephyr/kernel/CMakeFiles/kernel.dir/condvar.c.gcno
  --> fname    /home/sufyan/Zephyr_IOMICO/deps/zephyr/kernel/include/priority_q.h
(DEBUG) Check if /home/sufyan/Zephyr_IOMICO/deps/zephyr/kernel/include/priority_q.h is included (source file)...
(DEBUG)   No filter matched.
(DEBUG) --> File is excluded.
(DEBUG) Check if /home/sufyan/Zephyr_IOMICO/zephyr-course/app/modules/ring_buf/kthread.h##b13e19e9523584ac2e7cfe73fddb2b9b.gcov is included (trace)...
(DEBUG)   No filter matched.
(DEBUG) --> File is excluded.
(DEBUG) Finding source file corresponding to a gcov data file
  gcov_fname   /home/sufyan/Zephyr_IOMICO/zephyr-course/app/modules/ring_buf/kthread.h##b13e19e9523584ac2e7cfe73fddb2b9b.gcov
  current_dir  /home/sufyan/Zephyr_IOMICO/zephyr-course/app/modules/ring_buf
  root         /home/sufyan/Zephyr_IOMICO/zephyr-course/app/modules/ring_buf
  starting_dir /home/sufyan/Zephyr_IOMICO/zephyr-course
  obj_dir      None
  gcda_fname   ../../../twister-out/native_sim_native/host/homework.unit.ring_buf/zephyr/kernel/CMakeFiles/kernel.dir/condvar.c.gcno
  --> fname    /home/sufyan/Zephyr_IOMICO/deps/zephyr/kernel/include/kthread.h
(DEBUG) Check if /home/sufyan/Zephyr_IOMICO/deps/zephyr/kernel/include/kthread.h is included (source file)...
(DEBUG)   No filter matched.
(DEBUG) --> File is excluded.
(DEBUG) Check if /home/sufyan/Zephyr_IOMICO/zephyr-course/app/modules/ring_buf/ksched.h##ef11ea29545001937978f4e3e23cbf23.gcov is included (trace)...
(DEBUG)   No filter matched.
(DEBUG) --> File is excluded.
(DEBUG) Finding source file corresponding to a gcov data file
  gcov_fname   /home/sufyan/Zephyr_IOMICO/zephyr-course/app/modules/ring_buf/ksched.h##ef11ea29545001937978f4e3e23cbf23.gcov
  current_dir  /home/sufyan/Zephyr_IOMICO/zephyr-course/app/modules/ring_buf
  root         /home/sufyan/Zephyr_IOMICO/zephyr-course/app/modules/ring_buf
  starting_dir /home/sufyan/Zephyr_IOMICO/zephyr-course
  obj_dir      None
  gcda_fname   ../../../twister-out/native_sim_native/host/homework.unit.ring_buf/zephyr/kernel/CMakeFiles/kernel.dir/condvar.c.gcno
  --> fname    /home/sufyan/Zephyr_IOMICO/deps/zephyr/kernel/include/ksched.h
(DEBUG) Check if /home/sufyan/Zephyr_IOMICO/deps/zephyr/kernel/include/ksched.h is included (source file)...
(DEBUG)   No filter matched.
(DEBUG) --> File is excluded.
(DEBUG) Check if /home/sufyan/Zephyr_IOMICO/zephyr-course/app/modules/ring_buf/kobject_internal.h##d9e662f1f754d31d24eb20c0b43248dd.gcov is included (trace)...
(DEBUG)   No filter matched.
(DEBUG) --> File is excluded.
(DEBUG) Finding source file corresponding to a gcov data file
  gcov_fname   /home/sufyan/Zephyr_IOMICO/zephyr-course/app/modules/ring_buf/kobject_internal.h##d9e662f1f754d31d24eb20c0b43248dd.gcov
  current_dir  /home/sufyan/Zephyr_IOMICO/zephyr-course/app/modules/ring_buf
  root         /home/sufyan/Zephyr_IOMICO/zephyr-course/app/modules/ring_buf
  starting_dir /home/sufyan/Zephyr_IOMICO/zephyr-course
  obj_dir      None
  gcda_fname   ../../../twister-out/native_sim_native/host/homework.unit.ring_buf/zephyr/kernel/CMakeFiles/kernel.dir/condvar.c.gcno
  --> fname    /home/sufyan/Zephyr_IOMICO/deps/zephyr/include/zephyr/sys/internal/kobject_internal.h
(DEBUG) Check if /home/sufyan/Zephyr_IOMICO/deps/zephyr/include/zephyr/sys/internal/kobject_internal.h is included (source file)...
(DEBUG)   No filter matched.
(DEBUG) --> File is excluded.
(DEBUG) Check if /home/sufyan/Zephyr_IOMICO/zephyr-course/app/modules/ring_buf/kernel_arch_func.h##88c66a408d50fc91e01e60b8add8a403.gcov is included (trace)...
(DEBUG)   No filter matched.
(DEBUG) --> File is excluded.
(DEBUG) Finding source file corresponding to a gcov data file
  gcov_fname   /home/sufyan/Zephyr_IOMICO/zephyr-course/app/modules/ring_buf/kernel_arch_func.h##88c66a408d50fc91e01e60b8add8a403.gcov
  current_dir  /home/sufyan/Zephyr_IOMICO/zephyr-course/app/modules/ring_buf
  root         /home/sufyan/Zephyr_IOMICO/zephyr-course/app/modules/ring_buf
  starting_dir /home/sufyan/Zephyr_IOMICO/zephyr-course
  obj_dir      None
  gcda_fname   ../../../twister-out/native_sim_native/host/homework.unit.ring_buf/zephyr/kernel/CMakeFiles/kernel.dir/condvar.c.gcno
  --> fname    /home/sufyan/Zephyr_IOMICO/deps/zephyr/arch/posix/include/kernel_arch_func.h
(DEBUG) Check if /home/sufyan/Zephyr_IOMICO/deps/zephyr/arch/posix/include/kernel_arch_func.h is included (source file)...
(DEBUG)   No filter matched.
(DEBUG) --> File is excluded.
(DEBUG) Check if /home/sufyan/Zephyr_IOMICO/zephyr-course/app/modules/ring_buf/arch.h##dc70e81a221e00a96b5b011e55795c6f.gcov is included (trace)...
(DEBUG) --> File is excluded.
(DEBUG) Finding source file corresponding to a gcov data file
  gcov_fname   /home/sufyan/Zephyr_IOMICO/zephyr-course/app/modules/ring_buf/arch.h##dc70e81a221e00a96b5b011e55795c6f.gcov
  current_dir  /home/sufyan/Zephyr_IOMICO/zephyr-course/app/modules/ring_buf
  root         /home/sufyan/Zephyr_IOMICO/zephyr-course/app/modules/ring_buf
  starting_dir /home/sufyan/Zephyr_IOMICO/zephyr-course
  obj_dir      None
  gcda_fname   ../../../twister-out/native_sim_native/host/homework.unit.ring_buf/zephyr/kernel/CMakeFiles/kernel.dir/condvar.c.gcno
  --> fname    /home/sufyan/Zephyr_IOMICO/deps/zephyr/include/zephyr/arch/posix/arch.h
(DEBUG) Check if /home/sufyan/Zephyr_IOMICO/deps/zephyr/include/zephyr/arch/posix/arch.h is included (source file)...
(DEBUG) --> File is excluded.
(DEBUG) Check if /home/sufyan/Zephyr_IOMICO/zephyr-course/app/modules/ring_buf/spinlock.h##ac54c28a46b90c889de3665abac3ef1a.gcov is included (trace)...
(DEBUG) --> File is excluded.
(DEBUG) Finding source file corresponding to a gcov data file
  gcov_fname   /home/sufyan/Zephyr_IOMICO/zephyr-course/app/modules/ring_buf/spinlock.h##ac54c28a46b90c889de3665abac3ef1a.gcov
  current_dir  /home/sufyan/Zephyr_IOMICO/zephyr-course/app/modules/ring_buf
  root         /home/sufyan/Zephyr_IOMICO/zephyr-course/app/modules/ring_buf
  starting_dir /home/sufyan/Zephyr_IOMICO/zephyr-course
  obj_dir      None
  gcda_fname   ../../../twister-out/native_sim_native/host/homework.unit.ring_buf/zephyr/kernel/CMakeFiles/kernel.dir/condvar.c.gcno
  --> fname    /home/sufyan/Zephyr_IOMICO/deps/zephyr/include/zephyr/spinlock.h
(DEBUG) Check if /home/sufyan/Zephyr_IOMICO/deps/zephyr/include/zephyr/spinlock.h is included (source file)...
(DEBUG) --> File is excluded.
(DEBUG) Check if /home/sufyan/Zephyr_IOMICO/zephyr-course/app/modules/ring_buf/condvar.c##48bb0cd335b759ca4233aeda68aeacfe.gcov is included (trace)...
(DEBUG)   No filter matched.
(DEBUG) --> File is excluded.
(DEBUG) Finding source file corresponding to a gcov data file
  gcov_fname   /home/sufyan/Zephyr_IOMICO/zephyr-course/app/modules/ring_buf/condvar.c##48bb0cd335b759ca4233aeda68aeacfe.gcov
  current_dir  /home/sufyan/Zephyr_IOMICO/zephyr-course/app/modules/ring_buf
  root         /home/sufyan/Zephyr_IOMICO/zephyr-course/app/modules/ring_buf
  starting_dir /home/sufyan/Zephyr_IOMICO/zephyr-course
  obj_dir      None
  gcda_fname   ../../../twister-out/native_sim_native/host/homework.unit.ring_buf/zephyr/kernel/CMakeFiles/kernel.dir/condvar.c.gcno
  --> fname    /home/sufyan/Zephyr_IOMICO/deps/zephyr/kernel/condvar.c
(DEBUG) Check if /home/sufyan/Zephyr_IOMICO/deps/zephyr/kernel/condvar.c is included (source file)...
(DEBUG)   No filter matched.
(DEBUG) --> File is excluded.
(DEBUG) Check if /home/sufyan/Zephyr_IOMICO/zephyr-course/app/modules/ring_buf/timeout_q.h##569a3e528a9234fdc294fc6409c26869.gcov is included (trace)...
(DEBUG)   No filter matched.
(DEBUG) --> File is excluded.
(DEBUG) Finding source file corresponding to a gcov data file
  gcov_fname   /home/sufyan/Zephyr_IOMICO/zephyr-course/app/modules/ring_buf/timeout_q.h##569a3e528a9234fdc294fc6409c26869.gcov
  current_dir  /home/sufyan/Zephyr_IOMICO/zephyr-course/app/modules/ring_buf
  root         /home/sufyan/Zephyr_IOMICO/zephyr-course/app/modules/ring_buf
  starting_dir /home/sufyan/Zephyr_IOMICO/zephyr-course
  obj_dir      None
  gcda_fname   ../../../twister-out/native_sim_native/host/homework.unit.ring_buf/zephyr/kernel/CMakeFiles/kernel.dir/condvar.c.gcno
  --> fname    /home/sufyan/Zephyr_IOMICO/deps/zephyr/kernel/include/timeout_q.h
(DEBUG) Check if /home/sufyan/Zephyr_IOMICO/deps/zephyr/kernel/include/timeout_q.h is included (source file)...
(DEBUG)   No filter matched.
(DEBUG) --> File is excluded.
(DEBUG) Check if /home/sufyan/Zephyr_IOMICO/zephyr-course/app/modules/ring_buf/kernel.h##613194e766979d51f14f46fda6f8f0e6.gcov is included (trace)...
(DEBUG) --> File is excluded.
(DEBUG) Finding source file corresponding to a gcov data file
  gcov_fname   /home/sufyan/Zephyr_IOMICO/zephyr-course/app/modules/ring_buf/kernel.h##613194e766979d51f14f46fda6f8f0e6.gcov
  current_dir  /home/sufyan/Zephyr_IOMICO/zephyr-course/app/modules/ring_buf
  root         /home/sufyan/Zephyr_IOMICO/zephyr-course/app/modules/ring_buf
  starting_dir /home/sufyan/Zephyr_IOMICO/zephyr-course
  obj_dir      None
  gcda_fname   ../../../twister-out/native_sim_native/host/homework.unit.ring_buf/zephyr/kernel/CMakeFiles/kernel.dir/condvar.c.gcno
  --> fname    /home/sufyan/Zephyr_IOMICO/zephyr-course/twister-out/native_sim_native/host/homework.unit.ring_buf/zephyr/include/generated/zephyr/syscalls/kernel.h
(DEBUG) Check if /home/sufyan/Zephyr_IOMICO/zephyr-course/twister-out/native_sim_native/host/homework.unit.ring_buf/zephyr/include/generated/zephyr/syscalls/kernel.h is included (source file)...
(DEBUG) --> File is excluded.
(DEBUG) Check if /home/sufyan/Zephyr_IOMICO/zephyr-course/app/modules/ring_buf/wait_q.h##139d40669c3ee194b82a2646c4f8e821.gcov is included (trace)...
(DEBUG)   No filter matched.
(DEBUG) --> File is excluded.
(DEBUG) Finding source file corresponding to a gcov data file
  gcov_fname   /home/sufyan/Zephyr_IOMICO/zephyr-course/app/modules/ring_buf/wait_q.h##139d40669c3ee194b82a2646c4f8e821.gcov
  current_dir  /home/sufyan/Zephyr_IOMICO/zephyr-course/app/modules/ring_buf
  root         /home/sufyan/Zephyr_IOMICO/zephyr-course/app/modules/ring_buf
  starting_dir /home/sufyan/Zephyr_IOMICO/zephyr-course
  obj_dir      None
  gcda_fname   ../../../twister-out/native_sim_native/host/homework.unit.ring_buf/zephyr/kernel/CMakeFiles/kernel.dir/condvar.c.gcno
  --> fname    /home/sufyan/Zephyr_IOMICO/deps/zephyr/kernel/include/wait_q.h
(DEBUG) Check if /home/sufyan/Zephyr_IOMICO/deps/zephyr/kernel/include/wait_q.h is included (source file)...
(DEBUG)   No filter matched.
(DEBUG) --> File is excluded.
(DEBUG) Check if /home/sufyan/Zephyr_IOMICO/zephyr-course/app/modules/ring_buf/dlist.h##8b38c32f07439f20ffdd7079fc0c40eb.gcov is included (trace)...
(DEBUG)   No filter matched.
(DEBUG) --> File is excluded.
(DEBUG) Finding source file corresponding to a gcov data file
  gcov_fname   /home/sufyan/Zephyr_IOMICO/zephyr-course/app/modules/ring_buf/dlist.h##8b38c32f07439f20ffdd7079fc0c40eb.gcov
  current_dir  /home/sufyan/Zephyr_IOMICO/zephyr-course/app/modules/ring_buf
  root         /home/sufyan/Zephyr_IOMICO/zephyr-course/app/modules/ring_buf
  starting_dir /home/sufyan/Zephyr_IOMICO/zephyr-course
  obj_dir      None
  gcda_fname   ../../../twister-out/native_sim_native/host/homework.unit.ring_buf/zephyr/kernel/CMakeFiles/kernel.dir/condvar.c.gcno
  --> fname    /home/sufyan/Zephyr_IOMICO/deps/zephyr/include/zephyr/sys/dlist.h
(DEBUG) Check if /home/sufyan/Zephyr_IOMICO/deps/zephyr/include/zephyr/sys/dlist.h is included (source file)...
(DEBUG)   No filter matched.
(DEBUG) --> File is excluded.
(DEBUG) Check if /home/sufyan/Zephyr_IOMICO/zephyr-course/twister-out/native_sim_native/host/homework.unit.ring_buf/zephyr/kernel/CMakeFiles/kernel.dir/device.c.gcda is included (trace)...
(DEBUG)   No filter matched.
(DEBUG) --> File is excluded.
(DEBUG) Check if /home/sufyan/Zephyr_IOMICO/zephyr-course/twister-out/native_sim_native/host/homework.unit.ring_buf/zephyr/kernel/CMakeFiles/kernel.dir/device.c.gcda is included (trace)...
(DEBUG) --> File is excluded.
(DEBUG) Check if device.c##d2bdc0ccf67bafc62b75629fec7ece0c.gcov is included (gcov file)...
(DEBUG)   Filter AlwaysMatchFilter() matched.
(DEBUG) --> File is included.
(DEBUG) Check if kobject_internal.h##d9e662f1f754d31d24eb20c0b43248dd.gcov is included (gcov file)...
(DEBUG) --> File is included.
(DEBUG) Check if /home/sufyan/Zephyr_IOMICO/zephyr-course/app/modules/ring_buf/kobject_internal.h##d9e662f1f754d31d24eb20c0b43248dd.gcov is included (trace)...
(DEBUG) --> File is excluded.
(DEBUG) Finding source file corresponding to a gcov data file
  gcov_fname   /home/sufyan/Zephyr_IOMICO/zephyr-course/app/modules/ring_buf/kobject_internal.h##d9e662f1f754d31d24eb20c0b43248dd.gcov
  current_dir  /home/sufyan/Zephyr_IOMICO/zephyr-course/app/modules/ring_buf
  root         /home/sufyan/Zephyr_IOMICO/zephyr-course/app/modules/ring_buf
  starting_dir /home/sufyan/Zephyr_IOMICO/zephyr-course
  obj_dir      None
  gcda_fname   ../../../twister-out/native_sim_native/host/homework.unit.ring_buf/zephyr/kernel/CMakeFiles/kernel.dir/device.c.gcda
  --> fname    /home/sufyan/Zephyr_IOMICO/deps/zephyr/include/zephyr/sys/internal/kobject_internal.h
(DEBUG) Check if /home/sufyan/Zephyr_IOMICO/deps/zephyr/include/zephyr/sys/internal/kobject_internal.h is included (source file)...
(DEBUG) --> File is excluded.
(DEBUG) Check if /home/sufyan/Zephyr_IOMICO/zephyr-course/app/modules/ring_buf/device.c##d2bdc0ccf67bafc62b75629fec7ece0c.gcov is included (trace)...
(DEBUG)   No filter matched.
(DEBUG) --> File is excluded.
(DEBUG) Finding source file corresponding to a gcov data file
  gcov_fname   /home/sufyan/Zephyr_IOMICO/zephyr-course/app/modules/ring_buf/device.c##d2bdc0ccf67bafc62b75629fec7ece0c.gcov
  current_dir  /home/sufyan/Zephyr_IOMICO/zephyr-course/app/modules/ring_buf
  root         /home/sufyan/Zephyr_IOMICO/zephyr-course/app/modules/ring_buf
  starting_dir /home/sufyan/Zephyr_IOMICO/zephyr-course
  obj_dir      None
  gcda_fname   ../../../twister-out/native_sim_native/host/homework.unit.ring_buf/zephyr/kernel/CMakeFiles/kernel.dir/device.c.gcda
  --> fname    /home/sufyan/Zephyr_IOMICO/deps/zephyr/kernel/device.c
(DEBUG) Check if /home/sufyan/Zephyr_IOMICO/deps/zephyr/kernel/device.c is included (source file)...
(DEBUG)   No filter matched.
(DEBUG) --> File is excluded.
(DEBUG) Check if /home/sufyan/Zephyr_IOMICO/zephyr-course/twister-out/native_sim_native/host/homework.unit.ring_buf/zephyr/kernel/CMakeFiles/kernel.dir/dynamic_disabled.c.gcno is included (trace)...
(DEBUG)   No filter matched.
(DEBUG) --> File is excluded.
(DEBUG) Check if /home/sufyan/Zephyr_IOMICO/zephyr-course/twister-out/native_sim_native/host/homework.unit.ring_buf/zephyr/kernel/CMakeFiles/kernel.dir/dynamic_disabled.c.gcno is included (trace)...
(DEBUG) --> File is excluded.
(DEBUG) Check if dynamic_disabled.c##67f5e9953f69f6a5b5ecd6648a6174c2.gcov is included (gcov file)...
(DEBUG)   Filter AlwaysMatchFilter() matched.
(DEBUG) --> File is included.
(DEBUG) Check if /home/sufyan/Zephyr_IOMICO/zephyr-course/app/modules/ring_buf/dynamic_disabled.c##67f5e9953f69f6a5b5ecd6648a6174c2.gcov is included (trace)...
(DEBUG)   No filter matched.
(DEBUG) --> File is excluded.
(DEBUG) Finding source file corresponding to a gcov data file
  gcov_fname   /home/sufyan/Zephyr_IOMICO/zephyr-course/app/modules/ring_buf/dynamic_disabled.c##67f5e9953f69f6a5b5ecd6648a6174c2.gcov
  current_dir  /home/sufyan/Zephyr_IOMICO/zephyr-course/app/modules/ring_buf
  root         /home/sufyan/Zephyr_IOMICO/zephyr-course/app/modules/ring_buf
  starting_dir /home/sufyan/Zephyr_IOMICO/zephyr-course
  obj_dir      None
  gcda_fname   ../../../twister-out/native_sim_native/host/homework.unit.ring_buf/zephyr/kernel/CMakeFiles/kernel.dir/dynamic_disabled.c.gcno
  --> fname    /home/sufyan/Zephyr_IOMICO/deps/zephyr/kernel/dynamic_disabled.c
(DEBUG) Check if /home/sufyan/Zephyr_IOMICO/deps/zephyr/kernel/dynamic_disabled.c is included (source file)...
(DEBUG)   No filter matched.
(DEBUG) --> File is excluded.
(DEBUG) Check if /home/sufyan/Zephyr_IOMICO/zephyr-course/twister-out/native_sim_native/host/homework.unit.ring_buf/zephyr/kernel/CMakeFiles/kernel.dir/errno.c.gcno is included (trace)...
(DEBUG)   No filter matched.
(DEBUG) --> File is excluded.
(DEBUG) Check if /home/sufyan/Zephyr_IOMICO/zephyr-course/twister-out/native_sim_native/host/homework.unit.ring_buf/zephyr/kernel/CMakeFiles/kernel.dir/errno.c.gcno is included (trace)...
(DEBUG) --> File is excluded.
(DEBUG) Check if errno.c##2d1b1942f311266fa759bdacdaa72ec4.gcov is included (gcov file)...
(DEBUG)   Filter AlwaysMatchFilter() matched.
(DEBUG) --> File is included.
(DEBUG) Check if /home/sufyan/Zephyr_IOMICO/zephyr-course/app/modules/ring_buf/errno.c##2d1b1942f311266fa759bdacdaa72ec4.gcov is included (trace)...
(DEBUG)   No filter matched.
(DEBUG) --> File is excluded.
(DEBUG) Finding source file corresponding to a gcov data file
  gcov_fname   /home/sufyan/Zephyr_IOMICO/zephyr-course/app/modules/ring_buf/errno.c##2d1b1942f311266fa759bdacdaa72ec4.gcov
  current_dir  /home/sufyan/Zephyr_IOMICO/zephyr-course/app/modules/ring_buf
  root         /home/sufyan/Zephyr_IOMICO/zephyr-course/app/modules/ring_buf
  starting_dir /home/sufyan/Zephyr_IOMICO/zephyr-course
  obj_dir      None
  gcda_fname   ../../../twister-out/native_sim_native/host/homework.unit.ring_buf/zephyr/kernel/CMakeFiles/kernel.dir/errno.c.gcno
  --> fname    /home/sufyan/Zephyr_IOMICO/deps/zephyr/kernel/errno.c
(DEBUG) Check if /home/sufyan/Zephyr_IOMICO/deps/zephyr/kernel/errno.c is included (source file)...
(DEBUG)   No filter matched.
(DEBUG) --> File is excluded.
(DEBUG) Check if /home/sufyan/Zephyr_IOMICO/zephyr-course/twister-out/native_sim_native/host/homework.unit.ring_buf/zephyr/kernel/CMakeFiles/kernel.dir/fatal.c.gcda is included (trace)...
(DEBUG)   No filter matched.
(DEBUG) --> File is excluded.
(DEBUG) Check if /home/sufyan/Zephyr_IOMICO/zephyr-course/twister-out/native_sim_native/host/homework.unit.ring_buf/zephyr/kernel/CMakeFiles/kernel.dir/fatal.c.gcda is included (trace)...
(DEBUG) --> File is excluded.
(DEBUG) Check if fatal.c##169b0991ec724d366d3708ca6a476212.gcov is included (gcov file)...
(DEBUG)   Filter AlwaysMatchFilter() matched.
(DEBUG) --> File is included.
(DEBUG) Check if coredump.h##7e5a8c6e7d004370995bf6a6a559a021.gcov is included (gcov file)...
(DEBUG)   Filter AlwaysMatchFilter() matched.
(DEBUG) --> File is included.
(DEBUG) Check if log_ctrl.h##57b6e6ed29bc9abbe1cfe0da87527331.gcov is included (gcov file)...
(DEBUG) --> File is included.
(DEBUG) Check if log_msg.h##c3d7a43353dd151ee47d3c13d66651b3.gcov is included (gcov file)...
(DEBUG) --> File is included.
(DEBUG) Check if kernel.h##613194e766979d51f14f46fda6f8f0e6.gcov is included (gcov file)...
(DEBUG) --> File is included.
(DEBUG) Check if arch.h##dc70e81a221e00a96b5b011e55795c6f.gcov is included (gcov file)...
(DEBUG) --> File is included.
(DEBUG) Check if /home/sufyan/Zephyr_IOMICO/zephyr-course/app/modules/ring_buf/fatal.c##169b0991ec724d366d3708ca6a476212.gcov is included (trace)...
(DEBUG)   No filter matched.
(DEBUG) --> File is excluded.
(DEBUG) Finding source file corresponding to a gcov data file
  gcov_fname   /home/sufyan/Zephyr_IOMICO/zephyr-course/app/modules/ring_buf/fatal.c##169b0991ec724d366d3708ca6a476212.gcov
  current_dir  /home/sufyan/Zephyr_IOMICO/zephyr-course/app/modules/ring_buf
  root         /home/sufyan/Zephyr_IOMICO/zephyr-course/app/modules/ring_buf
  starting_dir /home/sufyan/Zephyr_IOMICO/zephyr-course
  obj_dir      None
  gcda_fname   ../../../twister-out/native_sim_native/host/homework.unit.ring_buf/zephyr/kernel/CMakeFiles/kernel.dir/fatal.c.gcda
  --> fname    /home/sufyan/Zephyr_IOMICO/deps/zephyr/kernel/fatal.c
(DEBUG) Check if /home/sufyan/Zephyr_IOMICO/deps/zephyr/kernel/fatal.c is included (source file)...
(DEBUG)   No filter matched.
(DEBUG) --> File is excluded.
(DEBUG) Check if /home/sufyan/Zephyr_IOMICO/zephyr-course/app/modules/ring_buf/log_ctrl.h##57b6e6ed29bc9abbe1cfe0da87527331.gcov is included (trace)...
(DEBUG) --> File is excluded.
(DEBUG) Finding source file corresponding to a gcov data file
  gcov_fname   /home/sufyan/Zephyr_IOMICO/zephyr-course/app/modules/ring_buf/log_ctrl.h##57b6e6ed29bc9abbe1cfe0da87527331.gcov
  current_dir  /home/sufyan/Zephyr_IOMICO/zephyr-course/app/modules/ring_buf
  root         /home/sufyan/Zephyr_IOMICO/zephyr-course/app/modules/ring_buf
  starting_dir /home/sufyan/Zephyr_IOMICO/zephyr-course
  obj_dir      None
  gcda_fname   ../../../twister-out/native_sim_native/host/homework.unit.ring_buf/zephyr/kernel/CMakeFiles/kernel.dir/fatal.c.gcda
  --> fname    /home/sufyan/Zephyr_IOMICO/zephyr-course/twister-out/native_sim_native/host/homework.unit.ring_buf/zephyr/include/generated/zephyr/syscalls/log_ctrl.h
(DEBUG) Check if /home/sufyan/Zephyr_IOMICO/zephyr-course/twister-out/native_sim_native/host/homework.unit.ring_buf/zephyr/include/generated/zephyr/syscalls/log_ctrl.h is included (source file)...
(DEBUG) --> File is excluded.
(DEBUG) Check if /home/sufyan/Zephyr_IOMICO/zephyr-course/app/modules/ring_buf/arch.h##dc70e81a221e00a96b5b011e55795c6f.gcov is included (trace)...
(DEBUG) --> File is excluded.
(DEBUG) Finding source file corresponding to a gcov data file
  gcov_fname   /home/sufyan/Zephyr_IOMICO/zephyr-course/app/modules/ring_buf/arch.h##dc70e81a221e00a96b5b011e55795c6f.gcov
  current_dir  /home/sufyan/Zephyr_IOMICO/zephyr-course/app/modules/ring_buf
  root         /home/sufyan/Zephyr_IOMICO/zephyr-course/app/modules/ring_buf
  starting_dir /home/sufyan/Zephyr_IOMICO/zephyr-course
  obj_dir      None
  gcda_fname   ../../../twister-out/native_sim_native/host/homework.unit.ring_buf/zephyr/kernel/CMakeFiles/kernel.dir/fatal.c.gcda
  --> fname    /home/sufyan/Zephyr_IOMICO/deps/zephyr/include/zephyr/arch/posix/arch.h
(DEBUG) Check if /home/sufyan/Zephyr_IOMICO/deps/zephyr/include/zephyr/arch/posix/arch.h is included (source file)...
(DEBUG) --> File is excluded.
(DEBUG) Check if /home/sufyan/Zephyr_IOMICO/zephyr-course/app/modules/ring_buf/coredump.h##7e5a8c6e7d004370995bf6a6a559a021.gcov is included (trace)...
(DEBUG)   No filter matched.
(DEBUG) --> File is excluded.
(DEBUG) Finding source file corresponding to a gcov data file
  gcov_fname   /home/sufyan/Zephyr_IOMICO/zephyr-course/app/modules/ring_buf/coredump.h##7e5a8c6e7d004370995bf6a6a559a021.gcov
  current_dir  /home/sufyan/Zephyr_IOMICO/zephyr-course/app/modules/ring_buf
  root         /home/sufyan/Zephyr_IOMICO/zephyr-course/app/modules/ring_buf
  starting_dir /home/sufyan/Zephyr_IOMICO/zephyr-course
  obj_dir      None
  gcda_fname   ../../../twister-out/native_sim_native/host/homework.unit.ring_buf/zephyr/kernel/CMakeFiles/kernel.dir/fatal.c.gcda
  --> fname    /home/sufyan/Zephyr_IOMICO/deps/zephyr/include/zephyr/debug/coredump.h
(DEBUG) Check if /home/sufyan/Zephyr_IOMICO/deps/zephyr/include/zephyr/debug/coredump.h is included (source file)...
(DEBUG)   No filter matched.
(DEBUG) --> File is excluded.
(DEBUG) Check if /home/sufyan/Zephyr_IOMICO/zephyr-course/app/modules/ring_buf/kernel.h##613194e766979d51f14f46fda6f8f0e6.gcov is included (trace)...
(DEBUG) --> File is excluded.
(DEBUG) Finding source file corresponding to a gcov data file
  gcov_fname   /home/sufyan/Zephyr_IOMICO/zephyr-course/app/modules/ring_buf/kernel.h##613194e766979d51f14f46fda6f8f0e6.gcov
  current_dir  /home/sufyan/Zephyr_IOMICO/zephyr-course/app/modules/ring_buf
  root         /home/sufyan/Zephyr_IOMICO/zephyr-course/app/modules/ring_buf
  starting_dir /home/sufyan/Zephyr_IOMICO/zephyr-course
  obj_dir      None
  gcda_fname   ../../../twister-out/native_sim_native/host/homework.unit.ring_buf/zephyr/kernel/CMakeFiles/kernel.dir/fatal.c.gcda
  --> fname    /home/sufyan/Zephyr_IOMICO/zephyr-course/twister-out/native_sim_native/host/homework.unit.ring_buf/zephyr/include/generated/zephyr/syscalls/kernel.h
(DEBUG) Check if /home/sufyan/Zephyr_IOMICO/zephyr-course/twister-out/native_sim_native/host/homework.unit.ring_buf/zephyr/include/generated/zephyr/syscalls/kernel.h is included (source file)...
(DEBUG) --> File is excluded.
(DEBUG) Check if /home/sufyan/Zephyr_IOMICO/zephyr-course/app/modules/ring_buf/log_msg.h##c3d7a43353dd151ee47d3c13d66651b3.gcov is included (trace)...
(DEBUG) --> File is excluded.
(DEBUG) Finding source file corresponding to a gcov data file
  gcov_fname   /home/sufyan/Zephyr_IOMICO/zephyr-course/app/modules/ring_buf/log_msg.h##c3d7a43353dd151ee47d3c13d66651b3.gcov
  current_dir  /home/sufyan/Zephyr_IOMICO/zephyr-course/app/modules/ring_buf
  root         /home/sufyan/Zephyr_IOMICO/zephyr-course/app/modules/ring_buf
  starting_dir /home/sufyan/Zephyr_IOMICO/zephyr-course
  obj_dir      None
  gcda_fname   ../../../twister-out/native_sim_native/host/homework.unit.ring_buf/zephyr/kernel/CMakeFiles/kernel.dir/fatal.c.gcda
  --> fname    /home/sufyan/Zephyr_IOMICO/deps/zephyr/include/zephyr/logging/log_msg.h
(DEBUG) Check if /home/sufyan/Zephyr_IOMICO/deps/zephyr/include/zephyr/logging/log_msg.h is included (source file)...
(DEBUG) --> File is excluded.
(DEBUG) Check if /home/sufyan/Zephyr_IOMICO/zephyr-course/twister-out/native_sim_native/host/homework.unit.ring_buf/zephyr/kernel/CMakeFiles/kernel.dir/float.c.gcno is included (trace)...
(DEBUG)   No filter matched.
(DEBUG) --> File is excluded.
(DEBUG) Check if /home/sufyan/Zephyr_IOMICO/zephyr-course/twister-out/native_sim_native/host/homework.unit.ring_buf/zephyr/kernel/CMakeFiles/kernel.dir/float.c.gcno is included (trace)...
(DEBUG) --> File is excluded.
(DEBUG) Check if float.c##90efa62879a66e4cce5f0b2b45e89440.gcov is included (gcov file)...
(DEBUG)   Filter AlwaysMatchFilter() matched.
(DEBUG) --> File is included.
(DEBUG) Check if /home/sufyan/Zephyr_IOMICO/zephyr-course/app/modules/ring_buf/float.c##90efa62879a66e4cce5f0b2b45e89440.gcov is included (trace)...
(DEBUG)   No filter matched.
(DEBUG) --> File is excluded.
(DEBUG) Finding source file corresponding to a gcov data file
  gcov_fname   /home/sufyan/Zephyr_IOMICO/zephyr-course/app/modules/ring_buf/float.c##90efa62879a66e4cce5f0b2b45e89440.gcov
  current_dir  /home/sufyan/Zephyr_IOMICO/zephyr-course/app/modules/ring_buf
  root         /home/sufyan/Zephyr_IOMICO/zephyr-course/app/modules/ring_buf
  starting_dir /home/sufyan/Zephyr_IOMICO/zephyr-course
  obj_dir      None
  gcda_fname   ../../../twister-out/native_sim_native/host/homework.unit.ring_buf/zephyr/kernel/CMakeFiles/kernel.dir/float.c.gcno
  --> fname    /home/sufyan/Zephyr_IOMICO/deps/zephyr/kernel/float.c
(DEBUG) Check if /home/sufyan/Zephyr_IOMICO/deps/zephyr/kernel/float.c is included (source file)...
(DEBUG)   No filter matched.
(DEBUG) --> File is excluded.
(DEBUG) Check if /home/sufyan/Zephyr_IOMICO/zephyr-course/twister-out/native_sim_native/host/homework.unit.ring_buf/zephyr/kernel/CMakeFiles/kernel.dir/idle.c.gcda is included (trace)...
(DEBUG)   No filter matched.
(DEBUG) --> File is excluded.
(DEBUG) Check if /home/sufyan/Zephyr_IOMICO/zephyr-course/twister-out/native_sim_native/host/homework.unit.ring_buf/zephyr/kernel/CMakeFiles/kernel.dir/idle.c.gcda is included (trace)...
(DEBUG) --> File is excluded.
(DEBUG) Check if idle.c##e504c4fbf0b7c81330f6ed0d5045848f.gcov is included (gcov file)...
(DEBUG)   Filter AlwaysMatchFilter() matched.
(DEBUG) --> File is included.
(DEBUG) Check if kernel.h##0603b591ac855b4a2926257de0e213f1.gcov is included (gcov file)...
(DEBUG) --> File is included.
(DEBUG) Check if arch.h##dc70e81a221e00a96b5b011e55795c6f.gcov is included (gcov file)...
(DEBUG) --> File is included.
(DEBUG) Check if /home/sufyan/Zephyr_IOMICO/zephyr-course/app/modules/ring_buf/arch.h##dc70e81a221e00a96b5b011e55795c6f.gcov is included (trace)...
(DEBUG) --> File is excluded.
(DEBUG) Finding source file corresponding to a gcov data file
  gcov_fname   /home/sufyan/Zephyr_IOMICO/zephyr-course/app/modules/ring_buf/arch.h##dc70e81a221e00a96b5b011e55795c6f.gcov
  current_dir  /home/sufyan/Zephyr_IOMICO/zephyr-course/app/modules/ring_buf
  root         /home/sufyan/Zephyr_IOMICO/zephyr-course/app/modules/ring_buf
  starting_dir /home/sufyan/Zephyr_IOMICO/zephyr-course
  obj_dir      None
  gcda_fname   ../../../twister-out/native_sim_native/host/homework.unit.ring_buf/zephyr/kernel/CMakeFiles/kernel.dir/idle.c.gcda
  --> fname    /home/sufyan/Zephyr_IOMICO/deps/zephyr/include/zephyr/arch/posix/arch.h
(DEBUG) Check if /home/sufyan/Zephyr_IOMICO/deps/zephyr/include/zephyr/arch/posix/arch.h is included (source file)...
(DEBUG) --> File is excluded.
(DEBUG) Check if /home/sufyan/Zephyr_IOMICO/zephyr-course/app/modules/ring_buf/idle.c##e504c4fbf0b7c81330f6ed0d5045848f.gcov is included (trace)...
(DEBUG)   No filter matched.
(DEBUG) --> File is excluded.
(DEBUG) Finding source file corresponding to a gcov data file
  gcov_fname   /home/sufyan/Zephyr_IOMICO/zephyr-course/app/modules/ring_buf/idle.c##e504c4fbf0b7c81330f6ed0d5045848f.gcov
  current_dir  /home/sufyan/Zephyr_IOMICO/zephyr-course/app/modules/ring_buf
  root         /home/sufyan/Zephyr_IOMICO/zephyr-course/app/modules/ring_buf
  starting_dir /home/sufyan/Zephyr_IOMICO/zephyr-course
  obj_dir      None
  gcda_fname   ../../../twister-out/native_sim_native/host/homework.unit.ring_buf/zephyr/kernel/CMakeFiles/kernel.dir/idle.c.gcda
  --> fname    /home/sufyan/Zephyr_IOMICO/deps/zephyr/kernel/idle.c
(DEBUG) Check if /home/sufyan/Zephyr_IOMICO/deps/zephyr/kernel/idle.c is included (source file)...
(DEBUG)   No filter matched.
(DEBUG) --> File is excluded.
(DEBUG) Check if /home/sufyan/Zephyr_IOMICO/zephyr-course/app/modules/ring_buf/kernel.h##0603b591ac855b4a2926257de0e213f1.gcov is included (trace)...
(DEBUG) --> File is excluded.
(DEBUG) Finding source file corresponding to a gcov data file
  gcov_fname   /home/sufyan/Zephyr_IOMICO/zephyr-course/app/modules/ring_buf/kernel.h##0603b591ac855b4a2926257de0e213f1.gcov
  current_dir  /home/sufyan/Zephyr_IOMICO/zephyr-course/app/modules/ring_buf
  root         /home/sufyan/Zephyr_IOMICO/zephyr-course/app/modules/ring_buf
  starting_dir /home/sufyan/Zephyr_IOMICO/zephyr-course
  obj_dir      None
  gcda_fname   ../../../twister-out/native_sim_native/host/homework.unit.ring_buf/zephyr/kernel/CMakeFiles/kernel.dir/idle.c.gcda
  --> fname    /home/sufyan/Zephyr_IOMICO/deps/zephyr/include/zephyr/kernel.h
(DEBUG) Check if /home/sufyan/Zephyr_IOMICO/deps/zephyr/include/zephyr/kernel.h is included (source file)...
(DEBUG) --> File is excluded.
(DEBUG) Check if /home/sufyan/Zephyr_IOMICO/zephyr-course/twister-out/native_sim_native/host/homework.unit.ring_buf/zephyr/kernel/CMakeFiles/kernel.dir/init.c.gcda is included (trace)...
(DEBUG)   No filter matched.
(DEBUG) --> File is excluded.
(DEBUG) Check if /home/sufyan/Zephyr_IOMICO/zephyr-course/twister-out/native_sim_native/host/homework.unit.ring_buf/zephyr/kernel/CMakeFiles/kernel.dir/init.c.gcda is included (trace)...
(DEBUG) --> File is excluded.
(DEBUG) Check if init.c##c4aff2273e3756c070e56e7d48746a11.gcov is included (gcov file)...
(DEBUG)   Filter AlwaysMatchFilter() matched.
(DEBUG) --> File is included.
(DEBUG) Check if device_runtime.h##75e2b27aba5bf278d7a0a8cb4ca7e689.gcov is included (gcov file)...
(DEBUG)   Filter AlwaysMatchFilter() matched.
(DEBUG) --> File is included.
(DEBUG) Check if gcov.h##1499709cb5afd033e1e60dd64faec361.gcov is included (gcov file)...
(DEBUG)   Filter AlwaysMatchFilter() matched.
(DEBUG) --> File is included.
(DEBUG) Check if kthread.h##b13e19e9523584ac2e7cfe73fddb2b9b.gcov is included (gcov file)...
(DEBUG) --> File is included.
(DEBUG) Check if timeout_q.h##569a3e528a9234fdc294fc6409c26869.gcov is included (gcov file)...
(DEBUG) --> File is included.
(DEBUG) Check if kernel_arch_func.h##88c66a408d50fc91e01e60b8add8a403.gcov is included (gcov file)...
(DEBUG) --> File is included.
(DEBUG) Check if kernel.h##613194e766979d51f14f46fda6f8f0e6.gcov is included (gcov file)...
(DEBUG) --> File is included.
(DEBUG) Check if kernel.h##0603b591ac855b4a2926257de0e213f1.gcov is included (gcov file)...
(DEBUG) --> File is included.
(DEBUG) Check if thread_stack.h##8c9d6a5b1f176717a73e8c6028066b21.gcov is included (gcov file)...
(DEBUG)   Filter AlwaysMatchFilter() matched.
(DEBUG) --> File is included.
(DEBUG) Check if arch.h##dc70e81a221e00a96b5b011e55795c6f.gcov is included (gcov file)...
(DEBUG) --> File is included.
(DEBUG) Check if /home/sufyan/Zephyr_IOMICO/zephyr-course/app/modules/ring_buf/kthread.h##b13e19e9523584ac2e7cfe73fddb2b9b.gcov is included (trace)...
(DEBUG) --> File is excluded.
(DEBUG) Finding source file corresponding to a gcov data file
  gcov_fname   /home/sufyan/Zephyr_IOMICO/zephyr-course/app/modules/ring_buf/kthread.h##b13e19e9523584ac2e7cfe73fddb2b9b.gcov
  current_dir  /home/sufyan/Zephyr_IOMICO/zephyr-course/app/modules/ring_buf
  root         /home/sufyan/Zephyr_IOMICO/zephyr-course/app/modules/ring_buf
  starting_dir /home/sufyan/Zephyr_IOMICO/zephyr-course
  obj_dir      None
  gcda_fname   ../../../twister-out/native_sim_native/host/homework.unit.ring_buf/zephyr/kernel/CMakeFiles/kernel.dir/init.c.gcda
  --> fname    /home/sufyan/Zephyr_IOMICO/deps/zephyr/kernel/include/kthread.h
(DEBUG) Check if /home/sufyan/Zephyr_IOMICO/deps/zephyr/kernel/include/kthread.h is included (source file)...
(DEBUG) --> File is excluded.
(DEBUG) Check if /home/sufyan/Zephyr_IOMICO/zephyr-course/app/modules/ring_buf/init.c##c4aff2273e3756c070e56e7d48746a11.gcov is included (trace)...
(DEBUG)   No filter matched.
(DEBUG) --> File is excluded.
(DEBUG) Finding source file corresponding to a gcov data file
  gcov_fname   /home/sufyan/Zephyr_IOMICO/zephyr-course/app/modules/ring_buf/init.c##c4aff2273e3756c070e56e7d48746a11.gcov
  current_dir  /home/sufyan/Zephyr_IOMICO/zephyr-course/app/modules/ring_buf
  root         /home/sufyan/Zephyr_IOMICO/zephyr-course/app/modules/ring_buf
  starting_dir /home/sufyan/Zephyr_IOMICO/zephyr-course
  obj_dir      None
  gcda_fname   ../../../twister-out/native_sim_native/host/homework.unit.ring_buf/zephyr/kernel/CMakeFiles/kernel.dir/init.c.gcda
  --> fname    /home/sufyan/Zephyr_IOMICO/deps/zephyr/kernel/init.c
(DEBUG) Check if /home/sufyan/Zephyr_IOMICO/deps/zephyr/kernel/init.c is included (source file)...
(DEBUG)   No filter matched.
(DEBUG) --> File is excluded.
(DEBUG) Check if /home/sufyan/Zephyr_IOMICO/zephyr-course/app/modules/ring_buf/kernel_arch_func.h##88c66a408d50fc91e01e60b8add8a403.gcov is included (trace)...
(DEBUG) --> File is excluded.
(DEBUG) Finding source file corresponding to a gcov data file
  gcov_fname   /home/sufyan/Zephyr_IOMICO/zephyr-course/app/modules/ring_buf/kernel_arch_func.h##88c66a408d50fc91e01e60b8add8a403.gcov
  current_dir  /home/sufyan/Zephyr_IOMICO/zephyr-course/app/modules/ring_buf
  root         /home/sufyan/Zephyr_IOMICO/zephyr-course/app/modules/ring_buf
  starting_dir /home/sufyan/Zephyr_IOMICO/zephyr-course
  obj_dir      None
  gcda_fname   ../../../twister-out/native_sim_native/host/homework.unit.ring_buf/zephyr/kernel/CMakeFiles/kernel.dir/init.c.gcda
  --> fname    /home/sufyan/Zephyr_IOMICO/deps/zephyr/arch/posix/include/kernel_arch_func.h
(DEBUG) Check if /home/sufyan/Zephyr_IOMICO/deps/zephyr/arch/posix/include/kernel_arch_func.h is included (source file)...
(DEBUG) --> File is excluded.
(DEBUG) Check if /home/sufyan/Zephyr_IOMICO/zephyr-course/app/modules/ring_buf/thread_stack.h##8c9d6a5b1f176717a73e8c6028066b21.gcov is included (trace)...
(DEBUG)   No filter matched.
(DEBUG) --> File is excluded.
(DEBUG) Finding source file corresponding to a gcov data file
  gcov_fname   /home/sufyan/Zephyr_IOMICO/zephyr-course/app/modules/ring_buf/thread_stack.h##8c9d6a5b1f176717a73e8c6028066b21.gcov
  current_dir  /home/sufyan/Zephyr_IOMICO/zephyr-course/app/modules/ring_buf
  root         /home/sufyan/Zephyr_IOMICO/zephyr-course/app/modules/ring_buf
  starting_dir /home/sufyan/Zephyr_IOMICO/zephyr-course
  obj_dir      None
  gcda_fname   ../../../twister-out/native_sim_native/host/homework.unit.ring_buf/zephyr/kernel/CMakeFiles/kernel.dir/init.c.gcda
  --> fname    /home/sufyan/Zephyr_IOMICO/deps/zephyr/include/zephyr/kernel/thread_stack.h
(DEBUG) Check if /home/sufyan/Zephyr_IOMICO/deps/zephyr/include/zephyr/kernel/thread_stack.h is included (source file)...
(DEBUG)   No filter matched.
(DEBUG) --> File is excluded.
(DEBUG) Check if /home/sufyan/Zephyr_IOMICO/zephyr-course/app/modules/ring_buf/arch.h##dc70e81a221e00a96b5b011e55795c6f.gcov is included (trace)...
(DEBUG) --> File is excluded.
(DEBUG) Finding source file corresponding to a gcov data file
  gcov_fname   /home/sufyan/Zephyr_IOMICO/zephyr-course/app/modules/ring_buf/arch.h##dc70e81a221e00a96b5b011e55795c6f.gcov
  current_dir  /home/sufyan/Zephyr_IOMICO/zephyr-course/app/modules/ring_buf
  root         /home/sufyan/Zephyr_IOMICO/zephyr-course/app/modules/ring_buf
  starting_dir /home/sufyan/Zephyr_IOMICO/zephyr-course
  obj_dir      None
  gcda_fname   ../../../twister-out/native_sim_native/host/homework.unit.ring_buf/zephyr/kernel/CMakeFiles/kernel.dir/init.c.gcda
  --> fname    /home/sufyan/Zephyr_IOMICO/deps/zephyr/include/zephyr/arch/posix/arch.h
(DEBUG) Check if /home/sufyan/Zephyr_IOMICO/deps/zephyr/include/zephyr/arch/posix/arch.h is included (source file)...
(DEBUG) --> File is excluded.
(DEBUG) Check if /home/sufyan/Zephyr_IOMICO/zephyr-course/app/modules/ring_buf/device_runtime.h##75e2b27aba5bf278d7a0a8cb4ca7e689.gcov is included (trace)...
(DEBUG)   No filter matched.
(DEBUG) --> File is excluded.
(DEBUG) Finding source file corresponding to a gcov data file
  gcov_fname   /home/sufyan/Zephyr_IOMICO/zephyr-course/app/modules/ring_buf/device_runtime.h##75e2b27aba5bf278d7a0a8cb4ca7e689.gcov
  current_dir  /home/sufyan/Zephyr_IOMICO/zephyr-course/app/modules/ring_buf
  root         /home/sufyan/Zephyr_IOMICO/zephyr-course/app/modules/ring_buf
  starting_dir /home/sufyan/Zephyr_IOMICO/zephyr-course
  obj_dir      None
  gcda_fname   ../../../twister-out/native_sim_native/host/homework.unit.ring_buf/zephyr/kernel/CMakeFiles/kernel.dir/init.c.gcda
  --> fname    /home/sufyan/Zephyr_IOMICO/deps/zephyr/include/zephyr/pm/device_runtime.h
(DEBUG) Check if /home/sufyan/Zephyr_IOMICO/deps/zephyr/include/zephyr/pm/device_runtime.h is included (source file)...
(DEBUG)   No filter matched.
(DEBUG) --> File is excluded.
(DEBUG) Check if /home/sufyan/Zephyr_IOMICO/zephyr-course/app/modules/ring_buf/gcov.h##1499709cb5afd033e1e60dd64faec361.gcov is included (trace)...
(DEBUG)   No filter matched.
(DEBUG) --> File is excluded.
(DEBUG) Finding source file corresponding to a gcov data file
  gcov_fname   /home/sufyan/Zephyr_IOMICO/zephyr-course/app/modules/ring_buf/gcov.h##1499709cb5afd033e1e60dd64faec361.gcov
  current_dir  /home/sufyan/Zephyr_IOMICO/zephyr-course/app/modules/ring_buf
  root         /home/sufyan/Zephyr_IOMICO/zephyr-course/app/modules/ring_buf
  starting_dir /home/sufyan/Zephyr_IOMICO/zephyr-course
  obj_dir      None
  gcda_fname   ../../../twister-out/native_sim_native/host/homework.unit.ring_buf/zephyr/kernel/CMakeFiles/kernel.dir/init.c.gcda
  --> fname    /home/sufyan/Zephyr_IOMICO/deps/zephyr/include/zephyr/debug/gcov.h
(DEBUG) Check if /home/sufyan/Zephyr_IOMICO/deps/zephyr/include/zephyr/debug/gcov.h is included (source file)...
(DEBUG)   No filter matched.
(DEBUG) --> File is excluded.
(DEBUG) Check if /home/sufyan/Zephyr_IOMICO/zephyr-course/app/modules/ring_buf/timeout_q.h##569a3e528a9234fdc294fc6409c26869.gcov is included (trace)...
(DEBUG) --> File is excluded.
(DEBUG) Finding source file corresponding to a gcov data file
  gcov_fname   /home/sufyan/Zephyr_IOMICO/zephyr-course/app/modules/ring_buf/timeout_q.h##569a3e528a9234fdc294fc6409c26869.gcov
  current_dir  /home/sufyan/Zephyr_IOMICO/zephyr-course/app/modules/ring_buf
  root         /home/sufyan/Zephyr_IOMICO/zephyr-course/app/modules/ring_buf
  starting_dir /home/sufyan/Zephyr_IOMICO/zephyr-course
  obj_dir      None
  gcda_fname   ../../../twister-out/native_sim_native/host/homework.unit.ring_buf/zephyr/kernel/CMakeFiles/kernel.dir/init.c.gcda
  --> fname    /home/sufyan/Zephyr_IOMICO/deps/zephyr/kernel/include/timeout_q.h
(DEBUG) Check if /home/sufyan/Zephyr_IOMICO/deps/zephyr/kernel/include/timeout_q.h is included (source file)...
(DEBUG) --> File is excluded.
(DEBUG) Check if /home/sufyan/Zephyr_IOMICO/zephyr-course/app/modules/ring_buf/kernel.h##613194e766979d51f14f46fda6f8f0e6.gcov is included (trace)...
(DEBUG) --> File is excluded.
(DEBUG) Finding source file corresponding to a gcov data file
  gcov_fname   /home/sufyan/Zephyr_IOMICO/zephyr-course/app/modules/ring_buf/kernel.h##613194e766979d51f14f46fda6f8f0e6.gcov
  current_dir  /home/sufyan/Zephyr_IOMICO/zephyr-course/app/modules/ring_buf
  root         /home/sufyan/Zephyr_IOMICO/zephyr-course/app/modules/ring_buf
  starting_dir /home/sufyan/Zephyr_IOMICO/zephyr-course
  obj_dir      None
  gcda_fname   ../../../twister-out/native_sim_native/host/homework.unit.ring_buf/zephyr/kernel/CMakeFiles/kernel.dir/init.c.gcda
  --> fname    /home/sufyan/Zephyr_IOMICO/zephyr-course/twister-out/native_sim_native/host/homework.unit.ring_buf/zephyr/include/generated/zephyr/syscalls/kernel.h
(DEBUG) Check if /home/sufyan/Zephyr_IOMICO/zephyr-course/twister-out/native_sim_native/host/homework.unit.ring_buf/zephyr/include/generated/zephyr/syscalls/kernel.h is included (source file)...
(DEBUG) --> File is excluded.
(DEBUG) Check if /home/sufyan/Zephyr_IOMICO/zephyr-course/app/modules/ring_buf/kernel.h##0603b591ac855b4a2926257de0e213f1.gcov is included (trace)...
(DEBUG) --> File is excluded.
(DEBUG) Finding source file corresponding to a gcov data file
  gcov_fname   /home/sufyan/Zephyr_IOMICO/zephyr-course/app/modules/ring_buf/kernel.h##0603b591ac855b4a2926257de0e213f1.gcov
  current_dir  /home/sufyan/Zephyr_IOMICO/zephyr-course/app/modules/ring_buf
  root         /home/sufyan/Zephyr_IOMICO/zephyr-course/app/modules/ring_buf
  starting_dir /home/sufyan/Zephyr_IOMICO/zephyr-course
  obj_dir      None
  gcda_fname   ../../../twister-out/native_sim_native/host/homework.unit.ring_buf/zephyr/kernel/CMakeFiles/kernel.dir/init.c.gcda
  --> fname    /home/sufyan/Zephyr_IOMICO/deps/zephyr/include/zephyr/kernel.h
(DEBUG) Check if /home/sufyan/Zephyr_IOMICO/deps/zephyr/include/zephyr/kernel.h is included (source file)...
(DEBUG) --> File is excluded.
(DEBUG) Check if /home/sufyan/Zephyr_IOMICO/zephyr-course/twister-out/native_sim_native/host/homework.unit.ring_buf/zephyr/kernel/CMakeFiles/kernel.dir/kheap.c.gcno is included (trace)...
(DEBUG)   No filter matched.
(DEBUG) --> File is excluded.
(DEBUG) Check if /home/sufyan/Zephyr_IOMICO/zephyr-course/twister-out/native_sim_native/host/homework.unit.ring_buf/zephyr/kernel/CMakeFiles/kernel.dir/kheap.c.gcno is included (trace)...
(DEBUG) --> File is excluded.
(DEBUG) Check if kheap.c##c2637a0a8e51e2e9212999e5e967063f.gcov is included (gcov file)...
(DEBUG)   Filter AlwaysMatchFilter() matched.
(DEBUG) --> File is included.
(DEBUG) Check if wait_q.h##139d40669c3ee194b82a2646c4f8e821.gcov is included (gcov file)...
(DEBUG) --> File is included.
(DEBUG) Check if math_extras_impl.h##fd1fd6cd1812167b7644b3f8f3fe8aa2.gcov is included (gcov file)...
(DEBUG)   Filter AlwaysMatchFilter() matched.
(DEBUG) --> File is included.
(DEBUG) Check if kernel_arch_func.h##88c66a408d50fc91e01e60b8add8a403.gcov is included (gcov file)...
(DEBUG) --> File is included.
(DEBUG) Check if spinlock.h##ac54c28a46b90c889de3665abac3ef1a.gcov is included (gcov file)...
(DEBUG) --> File is included.
(DEBUG) Check if arch.h##dc70e81a221e00a96b5b011e55795c6f.gcov is included (gcov file)...
(DEBUG) --> File is included.
(DEBUG) Check if dlist.h##8b38c32f07439f20ffdd7079fc0c40eb.gcov is included (gcov file)...
(DEBUG) --> File is included.
(DEBUG) Check if /home/sufyan/Zephyr_IOMICO/zephyr-course/app/modules/ring_buf/kernel_arch_func.h##88c66a408d50fc91e01e60b8add8a403.gcov is included (trace)...
(DEBUG) --> File is excluded.
(DEBUG) Finding source file corresponding to a gcov data file
  gcov_fname   /home/sufyan/Zephyr_IOMICO/zephyr-course/app/modules/ring_buf/kernel_arch_func.h##88c66a408d50fc91e01e60b8add8a403.gcov
  current_dir  /home/sufyan/Zephyr_IOMICO/zephyr-course/app/modules/ring_buf
  root         /home/sufyan/Zephyr_IOMICO/zephyr-course/app/modules/ring_buf
  starting_dir /home/sufyan/Zephyr_IOMICO/zephyr-course
  obj_dir      None
  gcda_fname   ../../../twister-out/native_sim_native/host/homework.unit.ring_buf/zephyr/kernel/CMakeFiles/kernel.dir/kheap.c.gcno
  --> fname    /home/sufyan/Zephyr_IOMICO/deps/zephyr/arch/posix/include/kernel_arch_func.h
(DEBUG) Check if /home/sufyan/Zephyr_IOMICO/deps/zephyr/arch/posix/include/kernel_arch_func.h is included (source file)...
(DEBUG) --> File is excluded.
(DEBUG) Check if /home/sufyan/Zephyr_IOMICO/zephyr-course/app/modules/ring_buf/arch.h##dc70e81a221e00a96b5b011e55795c6f.gcov is included (trace)...
(DEBUG) --> File is excluded.
(DEBUG) Finding source file corresponding to a gcov data file
  gcov_fname   /home/sufyan/Zephyr_IOMICO/zephyr-course/app/modules/ring_buf/arch.h##dc70e81a221e00a96b5b011e55795c6f.gcov
  current_dir  /home/sufyan/Zephyr_IOMICO/zephyr-course/app/modules/ring_buf
  root         /home/sufyan/Zephyr_IOMICO/zephyr-course/app/modules/ring_buf
  starting_dir /home/sufyan/Zephyr_IOMICO/zephyr-course
  obj_dir      None
  gcda_fname   ../../../twister-out/native_sim_native/host/homework.unit.ring_buf/zephyr/kernel/CMakeFiles/kernel.dir/kheap.c.gcno
  --> fname    /home/sufyan/Zephyr_IOMICO/deps/zephyr/include/zephyr/arch/posix/arch.h
(DEBUG) Check if /home/sufyan/Zephyr_IOMICO/deps/zephyr/include/zephyr/arch/posix/arch.h is included (source file)...
(DEBUG) --> File is excluded.
(DEBUG) Check if /home/sufyan/Zephyr_IOMICO/zephyr-course/app/modules/ring_buf/spinlock.h##ac54c28a46b90c889de3665abac3ef1a.gcov is included (trace)...
(DEBUG) --> File is excluded.
(DEBUG) Finding source file corresponding to a gcov data file
  gcov_fname   /home/sufyan/Zephyr_IOMICO/zephyr-course/app/modules/ring_buf/spinlock.h##ac54c28a46b90c889de3665abac3ef1a.gcov
  current_dir  /home/sufyan/Zephyr_IOMICO/zephyr-course/app/modules/ring_buf
  root         /home/sufyan/Zephyr_IOMICO/zephyr-course/app/modules/ring_buf
  starting_dir /home/sufyan/Zephyr_IOMICO/zephyr-course
  obj_dir      None
  gcda_fname   ../../../twister-out/native_sim_native/host/homework.unit.ring_buf/zephyr/kernel/CMakeFiles/kernel.dir/kheap.c.gcno
  --> fname    /home/sufyan/Zephyr_IOMICO/deps/zephyr/include/zephyr/spinlock.h
(DEBUG) Check if /home/sufyan/Zephyr_IOMICO/deps/zephyr/include/zephyr/spinlock.h is included (source file)...
(DEBUG) --> File is excluded.
(DEBUG) Check if /home/sufyan/Zephyr_IOMICO/zephyr-course/app/modules/ring_buf/math_extras_impl.h##fd1fd6cd1812167b7644b3f8f3fe8aa2.gcov is included (trace)...
(DEBUG)   No filter matched.
(DEBUG) --> File is excluded.
(DEBUG) Finding source file corresponding to a gcov data file
  gcov_fname   /home/sufyan/Zephyr_IOMICO/zephyr-course/app/modules/ring_buf/math_extras_impl.h##fd1fd6cd1812167b7644b3f8f3fe8aa2.gcov
  current_dir  /home/sufyan/Zephyr_IOMICO/zephyr-course/app/modules/ring_buf
  root         /home/sufyan/Zephyr_IOMICO/zephyr-course/app/modules/ring_buf
  starting_dir /home/sufyan/Zephyr_IOMICO/zephyr-course
  obj_dir      None
  gcda_fname   ../../../twister-out/native_sim_native/host/homework.unit.ring_buf/zephyr/kernel/CMakeFiles/kernel.dir/kheap.c.gcno
  --> fname    /home/sufyan/Zephyr_IOMICO/deps/zephyr/include/zephyr/sys/math_extras_impl.h
(DEBUG) Check if /home/sufyan/Zephyr_IOMICO/deps/zephyr/include/zephyr/sys/math_extras_impl.h is included (source file)...
(DEBUG)   No filter matched.
(DEBUG) --> File is excluded.
(DEBUG) Check if /home/sufyan/Zephyr_IOMICO/zephyr-course/app/modules/ring_buf/wait_q.h##139d40669c3ee194b82a2646c4f8e821.gcov is included (trace)...
(DEBUG) --> File is excluded.
(DEBUG) Finding source file corresponding to a gcov data file
  gcov_fname   /home/sufyan/Zephyr_IOMICO/zephyr-course/app/modules/ring_buf/wait_q.h##139d40669c3ee194b82a2646c4f8e821.gcov
  current_dir  /home/sufyan/Zephyr_IOMICO/zephyr-course/app/modules/ring_buf
  root         /home/sufyan/Zephyr_IOMICO/zephyr-course/app/modules/ring_buf
  starting_dir /home/sufyan/Zephyr_IOMICO/zephyr-course
  obj_dir      None
  gcda_fname   ../../../twister-out/native_sim_native/host/homework.unit.ring_buf/zephyr/kernel/CMakeFiles/kernel.dir/kheap.c.gcno
  --> fname    /home/sufyan/Zephyr_IOMICO/deps/zephyr/kernel/include/wait_q.h
(DEBUG) Check if /home/sufyan/Zephyr_IOMICO/deps/zephyr/kernel/include/wait_q.h is included (source file)...
(DEBUG) --> File is excluded.
(DEBUG) Check if /home/sufyan/Zephyr_IOMICO/zephyr-course/app/modules/ring_buf/dlist.h##8b38c32f07439f20ffdd7079fc0c40eb.gcov is included (trace)...
(DEBUG) --> File is excluded.
(DEBUG) Finding source file corresponding to a gcov data file
  gcov_fname   /home/sufyan/Zephyr_IOMICO/zephyr-course/app/modules/ring_buf/dlist.h##8b38c32f07439f20ffdd7079fc0c40eb.gcov
  current_dir  /home/sufyan/Zephyr_IOMICO/zephyr-course/app/modules/ring_buf
  root         /home/sufyan/Zephyr_IOMICO/zephyr-course/app/modules/ring_buf
  starting_dir /home/sufyan/Zephyr_IOMICO/zephyr-course
  obj_dir      None
  gcda_fname   ../../../twister-out/native_sim_native/host/homework.unit.ring_buf/zephyr/kernel/CMakeFiles/kernel.dir/kheap.c.gcno
  --> fname    /home/sufyan/Zephyr_IOMICO/deps/zephyr/include/zephyr/sys/dlist.h
(DEBUG) Check if /home/sufyan/Zephyr_IOMICO/deps/zephyr/include/zephyr/sys/dlist.h is included (source file)...
(DEBUG) --> File is excluded.
(DEBUG) Check if /home/sufyan/Zephyr_IOMICO/zephyr-course/app/modules/ring_buf/kheap.c##c2637a0a8e51e2e9212999e5e967063f.gcov is included (trace)...
(DEBUG)   No filter matched.
(DEBUG) --> File is excluded.
(DEBUG) Finding source file corresponding to a gcov data file
  gcov_fname   /home/sufyan/Zephyr_IOMICO/zephyr-course/app/modules/ring_buf/kheap.c##c2637a0a8e51e2e9212999e5e967063f.gcov
  current_dir  /home/sufyan/Zephyr_IOMICO/zephyr-course/app/modules/ring_buf
  root         /home/sufyan/Zephyr_IOMICO/zephyr-course/app/modules/ring_buf
  starting_dir /home/sufyan/Zephyr_IOMICO/zephyr-course
  obj_dir      None
  gcda_fname   ../../../twister-out/native_sim_native/host/homework.unit.ring_buf/zephyr/kernel/CMakeFiles/kernel.dir/kheap.c.gcno
  --> fname    /home/sufyan/Zephyr_IOMICO/deps/zephyr/kernel/kheap.c
(DEBUG) Check if /home/sufyan/Zephyr_IOMICO/deps/zephyr/kernel/kheap.c is included (source file)...
(DEBUG)   No filter matched.
(DEBUG) --> File is excluded.
(DEBUG) Check if /home/sufyan/Zephyr_IOMICO/zephyr-course/twister-out/native_sim_native/host/homework.unit.ring_buf/zephyr/kernel/CMakeFiles/kernel.dir/mailbox.c.gcno is included (trace)...
(DEBUG)   No filter matched.
(DEBUG) --> File is excluded.
(DEBUG) Check if /home/sufyan/Zephyr_IOMICO/zephyr-course/twister-out/native_sim_native/host/homework.unit.ring_buf/zephyr/kernel/CMakeFiles/kernel.dir/mailbox.c.gcno is included (trace)...
(DEBUG) --> File is excluded.
(DEBUG) Check if mailbox.c##e4961d78a39f8b7f43eb0734163c27bd.gcov is included (gcov file)...
(DEBUG)   Filter AlwaysMatchFilter() matched.
(DEBUG) --> File is included.
(DEBUG) Check if wait_q.h##139d40669c3ee194b82a2646c4f8e821.gcov is included (gcov file)...
(DEBUG) --> File is included.
(DEBUG) Check if ksched.h##ef11ea29545001937978f4e3e23cbf23.gcov is included (gcov file)...
(DEBUG) --> File is included.
(DEBUG) Check if kthread.h##b13e19e9523584ac2e7cfe73fddb2b9b.gcov is included (gcov file)...
(DEBUG) --> File is included.
(DEBUG) Check if kernel_arch_func.h##88c66a408d50fc91e01e60b8add8a403.gcov is included (gcov file)...
(DEBUG) --> File is included.
(DEBUG) Check if kernel.h##613194e766979d51f14f46fda6f8f0e6.gcov is included (gcov file)...
(DEBUG) --> File is included.
(DEBUG) Check if spinlock.h##ac54c28a46b90c889de3665abac3ef1a.gcov is included (gcov file)...
(DEBUG) --> File is included.
(DEBUG) Check if arch.h##dc70e81a221e00a96b5b011e55795c6f.gcov is included (gcov file)...
(DEBUG) --> File is included.
(DEBUG) Check if dlist.h##8b38c32f07439f20ffdd7079fc0c40eb.gcov is included (gcov file)...
(DEBUG) --> File is included.
(DEBUG) Check if /home/sufyan/Zephyr_IOMICO/zephyr-course/app/modules/ring_buf/kthread.h##b13e19e9523584ac2e7cfe73fddb2b9b.gcov is included (trace)...
(DEBUG) --> File is excluded.
(DEBUG) Finding source file corresponding to a gcov data file
  gcov_fname   /home/sufyan/Zephyr_IOMICO/zephyr-course/app/modules/ring_buf/kthread.h##b13e19e9523584ac2e7cfe73fddb2b9b.gcov
  current_dir  /home/sufyan/Zephyr_IOMICO/zephyr-course/app/modules/ring_buf
  root         /home/sufyan/Zephyr_IOMICO/zephyr-course/app/modules/ring_buf
  starting_dir /home/sufyan/Zephyr_IOMICO/zephyr-course
  obj_dir      None
  gcda_fname   ../../../twister-out/native_sim_native/host/homework.unit.ring_buf/zephyr/kernel/CMakeFiles/kernel.dir/mailbox.c.gcno
  --> fname    /home/sufyan/Zephyr_IOMICO/deps/zephyr/kernel/include/kthread.h
(DEBUG) Check if /home/sufyan/Zephyr_IOMICO/deps/zephyr/kernel/include/kthread.h is included (source file)...
(DEBUG) --> File is excluded.
(DEBUG) Check if /home/sufyan/Zephyr_IOMICO/zephyr-course/app/modules/ring_buf/ksched.h##ef11ea29545001937978f4e3e23cbf23.gcov is included (trace)...
(DEBUG) --> File is excluded.
(DEBUG) Finding source file corresponding to a gcov data file
  gcov_fname   /home/sufyan/Zephyr_IOMICO/zephyr-course/app/modules/ring_buf/ksched.h##ef11ea29545001937978f4e3e23cbf23.gcov
  current_dir  /home/sufyan/Zephyr_IOMICO/zephyr-course/app/modules/ring_buf
  root         /home/sufyan/Zephyr_IOMICO/zephyr-course/app/modules/ring_buf
  starting_dir /home/sufyan/Zephyr_IOMICO/zephyr-course
  obj_dir      None
  gcda_fname   ../../../twister-out/native_sim_native/host/homework.unit.ring_buf/zephyr/kernel/CMakeFiles/kernel.dir/mailbox.c.gcno
  --> fname    /home/sufyan/Zephyr_IOMICO/deps/zephyr/kernel/include/ksched.h
(DEBUG) Check if /home/sufyan/Zephyr_IOMICO/deps/zephyr/kernel/include/ksched.h is included (source file)...
(DEBUG) --> File is excluded.
(DEBUG) Check if /home/sufyan/Zephyr_IOMICO/zephyr-course/app/modules/ring_buf/kernel_arch_func.h##88c66a408d50fc91e01e60b8add8a403.gcov is included (trace)...
(DEBUG) --> File is excluded.
(DEBUG) Finding source file corresponding to a gcov data file
  gcov_fname   /home/sufyan/Zephyr_IOMICO/zephyr-course/app/modules/ring_buf/kernel_arch_func.h##88c66a408d50fc91e01e60b8add8a403.gcov
  current_dir  /home/sufyan/Zephyr_IOMICO/zephyr-course/app/modules/ring_buf
  root         /home/sufyan/Zephyr_IOMICO/zephyr-course/app/modules/ring_buf
  starting_dir /home/sufyan/Zephyr_IOMICO/zephyr-course
  obj_dir      None
  gcda_fname   ../../../twister-out/native_sim_native/host/homework.unit.ring_buf/zephyr/kernel/CMakeFiles/kernel.dir/mailbox.c.gcno
  --> fname    /home/sufyan/Zephyr_IOMICO/deps/zephyr/arch/posix/include/kernel_arch_func.h
(DEBUG) Check if /home/sufyan/Zephyr_IOMICO/deps/zephyr/arch/posix/include/kernel_arch_func.h is included (source file)...
(DEBUG) --> File is excluded.
(DEBUG) Check if /home/sufyan/Zephyr_IOMICO/zephyr-course/app/modules/ring_buf/arch.h##dc70e81a221e00a96b5b011e55795c6f.gcov is included (trace)...
(DEBUG) --> File is excluded.
(DEBUG) Finding source file corresponding to a gcov data file
  gcov_fname   /home/sufyan/Zephyr_IOMICO/zephyr-course/app/modules/ring_buf/arch.h##dc70e81a221e00a96b5b011e55795c6f.gcov
  current_dir  /home/sufyan/Zephyr_IOMICO/zephyr-course/app/modules/ring_buf
  root         /home/sufyan/Zephyr_IOMICO/zephyr-course/app/modules/ring_buf
  starting_dir /home/sufyan/Zephyr_IOMICO/zephyr-course
  obj_dir      None
  gcda_fname   ../../../twister-out/native_sim_native/host/homework.unit.ring_buf/zephyr/kernel/CMakeFiles/kernel.dir/mailbox.c.gcno
  --> fname    /home/sufyan/Zephyr_IOMICO/deps/zephyr/include/zephyr/arch/posix/arch.h
(DEBUG) Check if /home/sufyan/Zephyr_IOMICO/deps/zephyr/include/zephyr/arch/posix/arch.h is included (source file)...
(DEBUG) --> File is excluded.
(DEBUG) Check if /home/sufyan/Zephyr_IOMICO/zephyr-course/app/modules/ring_buf/mailbox.c##e4961d78a39f8b7f43eb0734163c27bd.gcov is included (trace)...
(DEBUG)   No filter matched.
(DEBUG) --> File is excluded.
(DEBUG) Finding source file corresponding to a gcov data file
  gcov_fname   /home/sufyan/Zephyr_IOMICO/zephyr-course/app/modules/ring_buf/mailbox.c##e4961d78a39f8b7f43eb0734163c27bd.gcov
  current_dir  /home/sufyan/Zephyr_IOMICO/zephyr-course/app/modules/ring_buf
  root         /home/sufyan/Zephyr_IOMICO/zephyr-course/app/modules/ring_buf
  starting_dir /home/sufyan/Zephyr_IOMICO/zephyr-course
  obj_dir      None
  gcda_fname   ../../../twister-out/native_sim_native/host/homework.unit.ring_buf/zephyr/kernel/CMakeFiles/kernel.dir/mailbox.c.gcno
  --> fname    /home/sufyan/Zephyr_IOMICO/deps/zephyr/kernel/mailbox.c
(DEBUG) Check if /home/sufyan/Zephyr_IOMICO/deps/zephyr/kernel/mailbox.c is included (source file)...
(DEBUG)   No filter matched.
(DEBUG) --> File is excluded.
(DEBUG) Check if /home/sufyan/Zephyr_IOMICO/zephyr-course/app/modules/ring_buf/spinlock.h##ac54c28a46b90c889de3665abac3ef1a.gcov is included (trace)...
(DEBUG) --> File is excluded.
(DEBUG) Finding source file corresponding to a gcov data file
  gcov_fname   /home/sufyan/Zephyr_IOMICO/zephyr-course/app/modules/ring_buf/spinlock.h##ac54c28a46b90c889de3665abac3ef1a.gcov
  current_dir  /home/sufyan/Zephyr_IOMICO/zephyr-course/app/modules/ring_buf
  root         /home/sufyan/Zephyr_IOMICO/zephyr-course/app/modules/ring_buf
  starting_dir /home/sufyan/Zephyr_IOMICO/zephyr-course
  obj_dir      None
  gcda_fname   ../../../twister-out/native_sim_native/host/homework.unit.ring_buf/zephyr/kernel/CMakeFiles/kernel.dir/mailbox.c.gcno
  --> fname    /home/sufyan/Zephyr_IOMICO/deps/zephyr/include/zephyr/spinlock.h
(DEBUG) Check if /home/sufyan/Zephyr_IOMICO/deps/zephyr/include/zephyr/spinlock.h is included (source file)...
(DEBUG) --> File is excluded.
(DEBUG) Check if /home/sufyan/Zephyr_IOMICO/zephyr-course/app/modules/ring_buf/kernel.h##613194e766979d51f14f46fda6f8f0e6.gcov is included (trace)...
(DEBUG) --> File is excluded.
(DEBUG) Finding source file corresponding to a gcov data file
  gcov_fname   /home/sufyan/Zephyr_IOMICO/zephyr-course/app/modules/ring_buf/kernel.h##613194e766979d51f14f46fda6f8f0e6.gcov
  current_dir  /home/sufyan/Zephyr_IOMICO/zephyr-course/app/modules/ring_buf
  root         /home/sufyan/Zephyr_IOMICO/zephyr-course/app/modules/ring_buf
  starting_dir /home/sufyan/Zephyr_IOMICO/zephyr-course
  obj_dir      None
  gcda_fname   ../../../twister-out/native_sim_native/host/homework.unit.ring_buf/zephyr/kernel/CMakeFiles/kernel.dir/mailbox.c.gcno
  --> fname    /home/sufyan/Zephyr_IOMICO/zephyr-course/twister-out/native_sim_native/host/homework.unit.ring_buf/zephyr/include/generated/zephyr/syscalls/kernel.h
(DEBUG) Check if /home/sufyan/Zephyr_IOMICO/zephyr-course/twister-out/native_sim_native/host/homework.unit.ring_buf/zephyr/include/generated/zephyr/syscalls/kernel.h is included (source file)...
(DEBUG) --> File is excluded.
(DEBUG) Check if /home/sufyan/Zephyr_IOMICO/zephyr-course/app/modules/ring_buf/wait_q.h##139d40669c3ee194b82a2646c4f8e821.gcov is included (trace)...
(DEBUG) --> File is excluded.
(DEBUG) Finding source file corresponding to a gcov data file
  gcov_fname   /home/sufyan/Zephyr_IOMICO/zephyr-course/app/modules/ring_buf/wait_q.h##139d40669c3ee194b82a2646c4f8e821.gcov
  current_dir  /home/sufyan/Zephyr_IOMICO/zephyr-course/app/modules/ring_buf
  root         /home/sufyan/Zephyr_IOMICO/zephyr-course/app/modules/ring_buf
  starting_dir /home/sufyan/Zephyr_IOMICO/zephyr-course
  obj_dir      None
  gcda_fname   ../../../twister-out/native_sim_native/host/homework.unit.ring_buf/zephyr/kernel/CMakeFiles/kernel.dir/mailbox.c.gcno
  --> fname    /home/sufyan/Zephyr_IOMICO/deps/zephyr/kernel/include/wait_q.h
(DEBUG) Check if /home/sufyan/Zephyr_IOMICO/deps/zephyr/kernel/include/wait_q.h is included (source file)...
(DEBUG) --> File is excluded.
(DEBUG) Check if /home/sufyan/Zephyr_IOMICO/zephyr-course/app/modules/ring_buf/dlist.h##8b38c32f07439f20ffdd7079fc0c40eb.gcov is included (trace)...
(DEBUG) --> File is excluded.
(DEBUG) Finding source file corresponding to a gcov data file
  gcov_fname   /home/sufyan/Zephyr_IOMICO/zephyr-course/app/modules/ring_buf/dlist.h##8b38c32f07439f20ffdd7079fc0c40eb.gcov
  current_dir  /home/sufyan/Zephyr_IOMICO/zephyr-course/app/modules/ring_buf
  root         /home/sufyan/Zephyr_IOMICO/zephyr-course/app/modules/ring_buf
  starting_dir /home/sufyan/Zephyr_IOMICO/zephyr-course
  obj_dir      None
  gcda_fname   ../../../twister-out/native_sim_native/host/homework.unit.ring_buf/zephyr/kernel/CMakeFiles/kernel.dir/mailbox.c.gcno
  --> fname    /home/sufyan/Zephyr_IOMICO/deps/zephyr/include/zephyr/sys/dlist.h
(DEBUG) Check if /home/sufyan/Zephyr_IOMICO/deps/zephyr/include/zephyr/sys/dlist.h is included (source file)...
(DEBUG) --> File is excluded.
(DEBUG) Check if /home/sufyan/Zephyr_IOMICO/zephyr-course/twister-out/native_sim_native/host/homework.unit.ring_buf/zephyr/kernel/CMakeFiles/kernel.dir/main_weak.c.gcno is included (trace)...
(DEBUG)   No filter matched.
(DEBUG) --> File is excluded.
(DEBUG) Check if /home/sufyan/Zephyr_IOMICO/zephyr-course/twister-out/native_sim_native/host/homework.unit.ring_buf/zephyr/kernel/CMakeFiles/kernel.dir/main_weak.c.gcno is included (trace)...
(DEBUG) --> File is excluded.
(DEBUG) Check if main_weak.c##602d21d6f38b491b6f4f9324cf2e8845.gcov is included (gcov file)...
(DEBUG)   Filter AlwaysMatchFilter() matched.
(DEBUG) --> File is included.
(DEBUG) Check if arch.h##dc70e81a221e00a96b5b011e55795c6f.gcov is included (gcov file)...
(DEBUG) --> File is included.
(DEBUG) Check if /home/sufyan/Zephyr_IOMICO/zephyr-course/app/modules/ring_buf/main_weak.c##602d21d6f38b491b6f4f9324cf2e8845.gcov is included (trace)...
(DEBUG)   No filter matched.
(DEBUG) --> File is excluded.
(DEBUG) Finding source file corresponding to a gcov data file
  gcov_fname   /home/sufyan/Zephyr_IOMICO/zephyr-course/app/modules/ring_buf/main_weak.c##602d21d6f38b491b6f4f9324cf2e8845.gcov
  current_dir  /home/sufyan/Zephyr_IOMICO/zephyr-course/app/modules/ring_buf
  root         /home/sufyan/Zephyr_IOMICO/zephyr-course/app/modules/ring_buf
  starting_dir /home/sufyan/Zephyr_IOMICO/zephyr-course
  obj_dir      None
  gcda_fname   ../../../twister-out/native_sim_native/host/homework.unit.ring_buf/zephyr/kernel/CMakeFiles/kernel.dir/main_weak.c.gcno
  --> fname    /home/sufyan/Zephyr_IOMICO/deps/zephyr/kernel/main_weak.c
(DEBUG) Check if /home/sufyan/Zephyr_IOMICO/deps/zephyr/kernel/main_weak.c is included (source file)...
(DEBUG)   No filter matched.
(DEBUG) --> File is excluded.
(DEBUG) Check if /home/sufyan/Zephyr_IOMICO/zephyr-course/app/modules/ring_buf/arch.h##dc70e81a221e00a96b5b011e55795c6f.gcov is included (trace)...
(DEBUG) --> File is excluded.
(DEBUG) Finding source file corresponding to a gcov data file
  gcov_fname   /home/sufyan/Zephyr_IOMICO/zephyr-course/app/modules/ring_buf/arch.h##dc70e81a221e00a96b5b011e55795c6f.gcov
  current_dir  /home/sufyan/Zephyr_IOMICO/zephyr-course/app/modules/ring_buf
  root         /home/sufyan/Zephyr_IOMICO/zephyr-course/app/modules/ring_buf
  starting_dir /home/sufyan/Zephyr_IOMICO/zephyr-course
  obj_dir      None
  gcda_fname   ../../../twister-out/native_sim_native/host/homework.unit.ring_buf/zephyr/kernel/CMakeFiles/kernel.dir/main_weak.c.gcno
  --> fname    /home/sufyan/Zephyr_IOMICO/deps/zephyr/include/zephyr/arch/posix/arch.h
(DEBUG) Check if /home/sufyan/Zephyr_IOMICO/deps/zephyr/include/zephyr/arch/posix/arch.h is included (source file)...
(DEBUG) --> File is excluded.
(DEBUG) Check if /home/sufyan/Zephyr_IOMICO/zephyr-course/twister-out/native_sim_native/host/homework.unit.ring_buf/zephyr/kernel/CMakeFiles/kernel.dir/mem_slab.c.gcno is included (trace)...
(DEBUG)   No filter matched.
(DEBUG) --> File is excluded.
(DEBUG) Check if /home/sufyan/Zephyr_IOMICO/zephyr-course/twister-out/native_sim_native/host/homework.unit.ring_buf/zephyr/kernel/CMakeFiles/kernel.dir/mem_slab.c.gcno is included (trace)...
(DEBUG) --> File is excluded.
(DEBUG) Check if mem_slab.c##c7528636736c31176f0acbd49747cf3d.gcov is included (gcov file)...
(DEBUG)   Filter AlwaysMatchFilter() matched.
(DEBUG) --> File is included.
(DEBUG) Check if wait_q.h##139d40669c3ee194b82a2646c4f8e821.gcov is included (gcov file)...
(DEBUG) --> File is included.
(DEBUG) Check if ksched.h##ef11ea29545001937978f4e3e23cbf23.gcov is included (gcov file)...
(DEBUG) --> File is included.
(DEBUG) Check if priority_q.h##e09451b433d85721cb295db4cbfe45f5.gcov is included (gcov file)...
(DEBUG) --> File is included.
(DEBUG) Check if kthread.h##b13e19e9523584ac2e7cfe73fddb2b9b.gcov is included (gcov file)...
(DEBUG) --> File is included.
(DEBUG) Check if timeout_q.h##569a3e528a9234fdc294fc6409c26869.gcov is included (gcov file)...
(DEBUG) --> File is included.
(DEBUG) Check if kernel_internal.h##d53f9a5de702617b658ebe7dd715cfb5.gcov is included (gcov file)...
(DEBUG)   Filter AlwaysMatchFilter() matched.
(DEBUG) --> File is included.
(DEBUG) Check if kernel_arch_func.h##88c66a408d50fc91e01e60b8add8a403.gcov is included (gcov file)...
(DEBUG) --> File is included.
(DEBUG) Check if kobject_internal.h##d9e662f1f754d31d24eb20c0b43248dd.gcov is included (gcov file)...
(DEBUG) --> File is included.
(DEBUG) Check if spinlock.h##ac54c28a46b90c889de3665abac3ef1a.gcov is included (gcov file)...
(DEBUG) --> File is included.
(DEBUG) Check if arch.h##dc70e81a221e00a96b5b011e55795c6f.gcov is included (gcov file)...
(DEBUG) --> File is included.
(DEBUG) Check if dlist.h##8b38c32f07439f20ffdd7079fc0c40eb.gcov is included (gcov file)...
(DEBUG) --> File is included.
(DEBUG) Check if /home/sufyan/Zephyr_IOMICO/zephyr-course/app/modules/ring_buf/priority_q.h##e09451b433d85721cb295db4cbfe45f5.gcov is included (trace)...
(DEBUG) --> File is excluded.
(DEBUG) Finding source file corresponding to a gcov data file
  gcov_fname   /home/sufyan/Zephyr_IOMICO/zephyr-course/app/modules/ring_buf/priority_q.h##e09451b433d85721cb295db4cbfe45f5.gcov
  current_dir  /home/sufyan/Zephyr_IOMICO/zephyr-course/app/modules/ring_buf
  root         /home/sufyan/Zephyr_IOMICO/zephyr-course/app/modules/ring_buf
  starting_dir /home/sufyan/Zephyr_IOMICO/zephyr-course
  obj_dir      None
  gcda_fname   ../../../twister-out/native_sim_native/host/homework.unit.ring_buf/zephyr/kernel/CMakeFiles/kernel.dir/mem_slab.c.gcno
  --> fname    /home/sufyan/Zephyr_IOMICO/deps/zephyr/kernel/include/priority_q.h
(DEBUG) Check if /home/sufyan/Zephyr_IOMICO/deps/zephyr/kernel/include/priority_q.h is included (source file)...
(DEBUG) --> File is excluded.
(DEBUG) Check if /home/sufyan/Zephyr_IOMICO/zephyr-course/app/modules/ring_buf/kernel_internal.h##d53f9a5de702617b658ebe7dd715cfb5.gcov is included (trace)...
(DEBUG)   No filter matched.
(DEBUG) --> File is excluded.
(DEBUG) Finding source file corresponding to a gcov data file
  gcov_fname   /home/sufyan/Zephyr_IOMICO/zephyr-course/app/modules/ring_buf/kernel_internal.h##d53f9a5de702617b658ebe7dd715cfb5.gcov
  current_dir  /home/sufyan/Zephyr_IOMICO/zephyr-course/app/modules/ring_buf
  root         /home/sufyan/Zephyr_IOMICO/zephyr-course/app/modules/ring_buf
  starting_dir /home/sufyan/Zephyr_IOMICO/zephyr-course
  obj_dir      None
  gcda_fname   ../../../twister-out/native_sim_native/host/homework.unit.ring_buf/zephyr/kernel/CMakeFiles/kernel.dir/mem_slab.c.gcno
  --> fname    /home/sufyan/Zephyr_IOMICO/deps/zephyr/kernel/include/kernel_internal.h
(DEBUG) Check if /home/sufyan/Zephyr_IOMICO/deps/zephyr/kernel/include/kernel_internal.h is included (source file)...
(DEBUG)   No filter matched.
(DEBUG) --> File is excluded.
(DEBUG) Check if /home/sufyan/Zephyr_IOMICO/zephyr-course/app/modules/ring_buf/kthread.h##b13e19e9523584ac2e7cfe73fddb2b9b.gcov is included (trace)...
(DEBUG) --> File is excluded.
(DEBUG) Finding source file corresponding to a gcov data file
  gcov_fname   /home/sufyan/Zephyr_IOMICO/zephyr-course/app/modules/ring_buf/kthread.h##b13e19e9523584ac2e7cfe73fddb2b9b.gcov
  current_dir  /home/sufyan/Zephyr_IOMICO/zephyr-course/app/modules/ring_buf
  root         /home/sufyan/Zephyr_IOMICO/zephyr-course/app/modules/ring_buf
  starting_dir /home/sufyan/Zephyr_IOMICO/zephyr-course
  obj_dir      None
  gcda_fname   ../../../twister-out/native_sim_native/host/homework.unit.ring_buf/zephyr/kernel/CMakeFiles/kernel.dir/mem_slab.c.gcno
  --> fname    /home/sufyan/Zephyr_IOMICO/deps/zephyr/kernel/include/kthread.h
(DEBUG) Check if /home/sufyan/Zephyr_IOMICO/deps/zephyr/kernel/include/kthread.h is included (source file)...
(DEBUG) --> File is excluded.
(DEBUG) Check if /home/sufyan/Zephyr_IOMICO/zephyr-course/app/modules/ring_buf/ksched.h##ef11ea29545001937978f4e3e23cbf23.gcov is included (trace)...
(DEBUG) --> File is excluded.
(DEBUG) Finding source file corresponding to a gcov data file
  gcov_fname   /home/sufyan/Zephyr_IOMICO/zephyr-course/app/modules/ring_buf/ksched.h##ef11ea29545001937978f4e3e23cbf23.gcov
  current_dir  /home/sufyan/Zephyr_IOMICO/zephyr-course/app/modules/ring_buf
  root         /home/sufyan/Zephyr_IOMICO/zephyr-course/app/modules/ring_buf
  starting_dir /home/sufyan/Zephyr_IOMICO/zephyr-course
  obj_dir      None
  gcda_fname   ../../../twister-out/native_sim_native/host/homework.unit.ring_buf/zephyr/kernel/CMakeFiles/kernel.dir/mem_slab.c.gcno
  --> fname    /home/sufyan/Zephyr_IOMICO/deps/zephyr/kernel/include/ksched.h
(DEBUG) Check if /home/sufyan/Zephyr_IOMICO/deps/zephyr/kernel/include/ksched.h is included (source file)...
(DEBUG) --> File is excluded.
(DEBUG) Check if /home/sufyan/Zephyr_IOMICO/zephyr-course/app/modules/ring_buf/kobject_internal.h##d9e662f1f754d31d24eb20c0b43248dd.gcov is included (trace)...
(DEBUG) --> File is excluded.
(DEBUG) Finding source file corresponding to a gcov data file
  gcov_fname   /home/sufyan/Zephyr_IOMICO/zephyr-course/app/modules/ring_buf/kobject_internal.h##d9e662f1f754d31d24eb20c0b43248dd.gcov
  current_dir  /home/sufyan/Zephyr_IOMICO/zephyr-course/app/modules/ring_buf
  root         /home/sufyan/Zephyr_IOMICO/zephyr-course/app/modules/ring_buf
  starting_dir /home/sufyan/Zephyr_IOMICO/zephyr-course
  obj_dir      None
  gcda_fname   ../../../twister-out/native_sim_native/host/homework.unit.ring_buf/zephyr/kernel/CMakeFiles/kernel.dir/mem_slab.c.gcno
  --> fname    /home/sufyan/Zephyr_IOMICO/deps/zephyr/include/zephyr/sys/internal/kobject_internal.h
(DEBUG) Check if /home/sufyan/Zephyr_IOMICO/deps/zephyr/include/zephyr/sys/internal/kobject_internal.h is included (source file)...
(DEBUG) --> File is excluded.
(DEBUG) Check if /home/sufyan/Zephyr_IOMICO/zephyr-course/app/modules/ring_buf/kernel_arch_func.h##88c66a408d50fc91e01e60b8add8a403.gcov is included (trace)...
(DEBUG) --> File is excluded.
(DEBUG) Finding source file corresponding to a gcov data file
  gcov_fname   /home/sufyan/Zephyr_IOMICO/zephyr-course/app/modules/ring_buf/kernel_arch_func.h##88c66a408d50fc91e01e60b8add8a403.gcov
  current_dir  /home/sufyan/Zephyr_IOMICO/zephyr-course/app/modules/ring_buf
  root         /home/sufyan/Zephyr_IOMICO/zephyr-course/app/modules/ring_buf
  starting_dir /home/sufyan/Zephyr_IOMICO/zephyr-course
  obj_dir      None
  gcda_fname   ../../../twister-out/native_sim_native/host/homework.unit.ring_buf/zephyr/kernel/CMakeFiles/kernel.dir/mem_slab.c.gcno
  --> fname    /home/sufyan/Zephyr_IOMICO/deps/zephyr/arch/posix/include/kernel_arch_func.h
(DEBUG) Check if /home/sufyan/Zephyr_IOMICO/deps/zephyr/arch/posix/include/kernel_arch_func.h is included (source file)...
(DEBUG) --> File is excluded.
(DEBUG) Check if /home/sufyan/Zephyr_IOMICO/zephyr-course/app/modules/ring_buf/arch.h##dc70e81a221e00a96b5b011e55795c6f.gcov is included (trace)...
(DEBUG) --> File is excluded.
(DEBUG) Finding source file corresponding to a gcov data file
  gcov_fname   /home/sufyan/Zephyr_IOMICO/zephyr-course/app/modules/ring_buf/arch.h##dc70e81a221e00a96b5b011e55795c6f.gcov
  current_dir  /home/sufyan/Zephyr_IOMICO/zephyr-course/app/modules/ring_buf
  root         /home/sufyan/Zephyr_IOMICO/zephyr-course/app/modules/ring_buf
  starting_dir /home/sufyan/Zephyr_IOMICO/zephyr-course
  obj_dir      None
  gcda_fname   ../../../twister-out/native_sim_native/host/homework.unit.ring_buf/zephyr/kernel/CMakeFiles/kernel.dir/mem_slab.c.gcno
  --> fname    /home/sufyan/Zephyr_IOMICO/deps/zephyr/include/zephyr/arch/posix/arch.h
(DEBUG) Check if /home/sufyan/Zephyr_IOMICO/deps/zephyr/include/zephyr/arch/posix/arch.h is included (source file)...
(DEBUG) --> File is excluded.
(DEBUG) Check if /home/sufyan/Zephyr_IOMICO/zephyr-course/app/modules/ring_buf/spinlock.h##ac54c28a46b90c889de3665abac3ef1a.gcov is included (trace)...
(DEBUG) --> File is excluded.
(DEBUG) Finding source file corresponding to a gcov data file
  gcov_fname   /home/sufyan/Zephyr_IOMICO/zephyr-course/app/modules/ring_buf/spinlock.h##ac54c28a46b90c889de3665abac3ef1a.gcov
  current_dir  /home/sufyan/Zephyr_IOMICO/zephyr-course/app/modules/ring_buf
  root         /home/sufyan/Zephyr_IOMICO/zephyr-course/app/modules/ring_buf
  starting_dir /home/sufyan/Zephyr_IOMICO/zephyr-course
  obj_dir      None
  gcda_fname   ../../../twister-out/native_sim_native/host/homework.unit.ring_buf/zephyr/kernel/CMakeFiles/kernel.dir/mem_slab.c.gcno
  --> fname    /home/sufyan/Zephyr_IOMICO/deps/zephyr/include/zephyr/spinlock.h
(DEBUG) Check if /home/sufyan/Zephyr_IOMICO/deps/zephyr/include/zephyr/spinlock.h is included (source file)...
(DEBUG) --> File is excluded.
(DEBUG) Check if /home/sufyan/Zephyr_IOMICO/zephyr-course/app/modules/ring_buf/mem_slab.c##c7528636736c31176f0acbd49747cf3d.gcov is included (trace)...
(DEBUG)   No filter matched.
(DEBUG) --> File is excluded.
(DEBUG) Finding source file corresponding to a gcov data file
  gcov_fname   /home/sufyan/Zephyr_IOMICO/zephyr-course/app/modules/ring_buf/mem_slab.c##c7528636736c31176f0acbd49747cf3d.gcov
  current_dir  /home/sufyan/Zephyr_IOMICO/zephyr-course/app/modules/ring_buf
  root         /home/sufyan/Zephyr_IOMICO/zephyr-course/app/modules/ring_buf
  starting_dir /home/sufyan/Zephyr_IOMICO/zephyr-course
  obj_dir      None
  gcda_fname   ../../../twister-out/native_sim_native/host/homework.unit.ring_buf/zephyr/kernel/CMakeFiles/kernel.dir/mem_slab.c.gcno
  --> fname    /home/sufyan/Zephyr_IOMICO/deps/zephyr/kernel/mem_slab.c
(DEBUG) Check if /home/sufyan/Zephyr_IOMICO/deps/zephyr/kernel/mem_slab.c is included (source file)...
(DEBUG)   No filter matched.
(DEBUG) --> File is excluded.
(DEBUG) Check if /home/sufyan/Zephyr_IOMICO/zephyr-course/app/modules/ring_buf/timeout_q.h##569a3e528a9234fdc294fc6409c26869.gcov is included (trace)...
(DEBUG) --> File is excluded.
(DEBUG) Finding source file corresponding to a gcov data file
  gcov_fname   /home/sufyan/Zephyr_IOMICO/zephyr-course/app/modules/ring_buf/timeout_q.h##569a3e528a9234fdc294fc6409c26869.gcov
  current_dir  /home/sufyan/Zephyr_IOMICO/zephyr-course/app/modules/ring_buf
  root         /home/sufyan/Zephyr_IOMICO/zephyr-course/app/modules/ring_buf
  starting_dir /home/sufyan/Zephyr_IOMICO/zephyr-course
  obj_dir      None
  gcda_fname   ../../../twister-out/native_sim_native/host/homework.unit.ring_buf/zephyr/kernel/CMakeFiles/kernel.dir/mem_slab.c.gcno
  --> fname    /home/sufyan/Zephyr_IOMICO/deps/zephyr/kernel/include/timeout_q.h
(DEBUG) Check if /home/sufyan/Zephyr_IOMICO/deps/zephyr/kernel/include/timeout_q.h is included (source file)...
(DEBUG) --> File is excluded.
(DEBUG) Check if /home/sufyan/Zephyr_IOMICO/zephyr-course/app/modules/ring_buf/wait_q.h##139d40669c3ee194b82a2646c4f8e821.gcov is included (trace)...
(DEBUG) --> File is excluded.
(DEBUG) Finding source file corresponding to a gcov data file
  gcov_fname   /home/sufyan/Zephyr_IOMICO/zephyr-course/app/modules/ring_buf/wait_q.h##139d40669c3ee194b82a2646c4f8e821.gcov
  current_dir  /home/sufyan/Zephyr_IOMICO/zephyr-course/app/modules/ring_buf
  root         /home/sufyan/Zephyr_IOMICO/zephyr-course/app/modules/ring_buf
  starting_dir /home/sufyan/Zephyr_IOMICO/zephyr-course
  obj_dir      None
  gcda_fname   ../../../twister-out/native_sim_native/host/homework.unit.ring_buf/zephyr/kernel/CMakeFiles/kernel.dir/mem_slab.c.gcno
  --> fname    /home/sufyan/Zephyr_IOMICO/deps/zephyr/kernel/include/wait_q.h
(DEBUG) Check if /home/sufyan/Zephyr_IOMICO/deps/zephyr/kernel/include/wait_q.h is included (source file)...
(DEBUG) --> File is excluded.
(DEBUG) Check if /home/sufyan/Zephyr_IOMICO/zephyr-course/app/modules/ring_buf/dlist.h##8b38c32f07439f20ffdd7079fc0c40eb.gcov is included (trace)...
(DEBUG) --> File is excluded.
(DEBUG) Finding source file corresponding to a gcov data file
  gcov_fname   /home/sufyan/Zephyr_IOMICO/zephyr-course/app/modules/ring_buf/dlist.h##8b38c32f07439f20ffdd7079fc0c40eb.gcov
  current_dir  /home/sufyan/Zephyr_IOMICO/zephyr-course/app/modules/ring_buf
  root         /home/sufyan/Zephyr_IOMICO/zephyr-course/app/modules/ring_buf
  starting_dir /home/sufyan/Zephyr_IOMICO/zephyr-course
  obj_dir      None
  gcda_fname   ../../../twister-out/native_sim_native/host/homework.unit.ring_buf/zephyr/kernel/CMakeFiles/kernel.dir/mem_slab.c.gcno
  --> fname    /home/sufyan/Zephyr_IOMICO/deps/zephyr/include/zephyr/sys/dlist.h
(DEBUG) Check if /home/sufyan/Zephyr_IOMICO/deps/zephyr/include/zephyr/sys/dlist.h is included (source file)...
(DEBUG) --> File is excluded.
(DEBUG) Check if /home/sufyan/Zephyr_IOMICO/zephyr-course/twister-out/native_sim_native/host/homework.unit.ring_buf/zephyr/kernel/CMakeFiles/kernel.dir/mempool.c.gcno is included (trace)...
(DEBUG)   No filter matched.
(DEBUG) --> File is excluded.
(DEBUG) Check if /home/sufyan/Zephyr_IOMICO/zephyr-course/twister-out/native_sim_native/host/homework.unit.ring_buf/zephyr/kernel/CMakeFiles/kernel.dir/mempool.c.gcno is included (trace)...
(DEBUG) --> File is excluded.
(DEBUG) Check if mempool.c##2276b9bdad549c2cbbe5e0b18e11f6c0.gcov is included (gcov file)...
(DEBUG)   Filter AlwaysMatchFilter() matched.
(DEBUG) --> File is included.
(DEBUG) Check if math_extras_impl.h##fd1fd6cd1812167b7644b3f8f3fe8aa2.gcov is included (gcov file)...
(DEBUG) --> File is included.
(DEBUG) Check if spinlock.h##ac54c28a46b90c889de3665abac3ef1a.gcov is included (gcov file)...
(DEBUG) --> File is included.
(DEBUG) Check if arch.h##dc70e81a221e00a96b5b011e55795c6f.gcov is included (gcov file)...
(DEBUG) --> File is included.
(DEBUG) Check if /home/sufyan/Zephyr_IOMICO/zephyr-course/app/modules/ring_buf/spinlock.h##ac54c28a46b90c889de3665abac3ef1a.gcov is included (trace)...
(DEBUG) --> File is excluded.
(DEBUG) Finding source file corresponding to a gcov data file
  gcov_fname   /home/sufyan/Zephyr_IOMICO/zephyr-course/app/modules/ring_buf/spinlock.h##ac54c28a46b90c889de3665abac3ef1a.gcov
  current_dir  /home/sufyan/Zephyr_IOMICO/zephyr-course/app/modules/ring_buf
  root         /home/sufyan/Zephyr_IOMICO/zephyr-course/app/modules/ring_buf
  starting_dir /home/sufyan/Zephyr_IOMICO/zephyr-course
  obj_dir      None
  gcda_fname   ../../../twister-out/native_sim_native/host/homework.unit.ring_buf/zephyr/kernel/CMakeFiles/kernel.dir/mempool.c.gcno
  --> fname    /home/sufyan/Zephyr_IOMICO/deps/zephyr/include/zephyr/spinlock.h
(DEBUG) Check if /home/sufyan/Zephyr_IOMICO/deps/zephyr/include/zephyr/spinlock.h is included (source file)...
(DEBUG) --> File is excluded.
(DEBUG) Check if /home/sufyan/Zephyr_IOMICO/zephyr-course/app/modules/ring_buf/arch.h##dc70e81a221e00a96b5b011e55795c6f.gcov is included (trace)...
(DEBUG) --> File is excluded.
(DEBUG) Finding source file corresponding to a gcov data file
  gcov_fname   /home/sufyan/Zephyr_IOMICO/zephyr-course/app/modules/ring_buf/arch.h##dc70e81a221e00a96b5b011e55795c6f.gcov
  current_dir  /home/sufyan/Zephyr_IOMICO/zephyr-course/app/modules/ring_buf
  root         /home/sufyan/Zephyr_IOMICO/zephyr-course/app/modules/ring_buf
  starting_dir /home/sufyan/Zephyr_IOMICO/zephyr-course
  obj_dir      None
  gcda_fname   ../../../twister-out/native_sim_native/host/homework.unit.ring_buf/zephyr/kernel/CMakeFiles/kernel.dir/mempool.c.gcno
  --> fname    /home/sufyan/Zephyr_IOMICO/deps/zephyr/include/zephyr/arch/posix/arch.h
(DEBUG) Check if /home/sufyan/Zephyr_IOMICO/deps/zephyr/include/zephyr/arch/posix/arch.h is included (source file)...
(DEBUG) --> File is excluded.
(DEBUG) Check if /home/sufyan/Zephyr_IOMICO/zephyr-course/app/modules/ring_buf/mempool.c##2276b9bdad549c2cbbe5e0b18e11f6c0.gcov is included (trace)...
(DEBUG)   No filter matched.
(DEBUG) --> File is excluded.
(DEBUG) Finding source file corresponding to a gcov data file
  gcov_fname   /home/sufyan/Zephyr_IOMICO/zephyr-course/app/modules/ring_buf/mempool.c##2276b9bdad549c2cbbe5e0b18e11f6c0.gcov
  current_dir  /home/sufyan/Zephyr_IOMICO/zephyr-course/app/modules/ring_buf
  root         /home/sufyan/Zephyr_IOMICO/zephyr-course/app/modules/ring_buf
  starting_dir /home/sufyan/Zephyr_IOMICO/zephyr-course
  obj_dir      None
  gcda_fname   ../../../twister-out/native_sim_native/host/homework.unit.ring_buf/zephyr/kernel/CMakeFiles/kernel.dir/mempool.c.gcno
  --> fname    /home/sufyan/Zephyr_IOMICO/deps/zephyr/kernel/mempool.c
(DEBUG) Check if /home/sufyan/Zephyr_IOMICO/deps/zephyr/kernel/mempool.c is included (source file)...
(DEBUG)   No filter matched.
(DEBUG) --> File is excluded.
(DEBUG) Check if /home/sufyan/Zephyr_IOMICO/zephyr-course/app/modules/ring_buf/math_extras_impl.h##fd1fd6cd1812167b7644b3f8f3fe8aa2.gcov is included (trace)...
(DEBUG) --> File is excluded.
(DEBUG) Finding source file corresponding to a gcov data file
  gcov_fname   /home/sufyan/Zephyr_IOMICO/zephyr-course/app/modules/ring_buf/math_extras_impl.h##fd1fd6cd1812167b7644b3f8f3fe8aa2.gcov
  current_dir  /home/sufyan/Zephyr_IOMICO/zephyr-course/app/modules/ring_buf
  root         /home/sufyan/Zephyr_IOMICO/zephyr-course/app/modules/ring_buf
  starting_dir /home/sufyan/Zephyr_IOMICO/zephyr-course
  obj_dir      None
  gcda_fname   ../../../twister-out/native_sim_native/host/homework.unit.ring_buf/zephyr/kernel/CMakeFiles/kernel.dir/mempool.c.gcno
  --> fname    /home/sufyan/Zephyr_IOMICO/deps/zephyr/include/zephyr/sys/math_extras_impl.h
(DEBUG) Check if /home/sufyan/Zephyr_IOMICO/deps/zephyr/include/zephyr/sys/math_extras_impl.h is included (source file)...
(DEBUG) --> File is excluded.
(DEBUG) Check if /home/sufyan/Zephyr_IOMICO/zephyr-course/twister-out/native_sim_native/host/homework.unit.ring_buf/zephyr/kernel/CMakeFiles/kernel.dir/msg_q.c.gcno is included (trace)...
(DEBUG)   No filter matched.
(DEBUG) --> File is excluded.
(DEBUG) Check if /home/sufyan/Zephyr_IOMICO/zephyr-course/twister-out/native_sim_native/host/homework.unit.ring_buf/zephyr/kernel/CMakeFiles/kernel.dir/msg_q.c.gcno is included (trace)...
(DEBUG) --> File is excluded.
(DEBUG) Check if msg_q.c##8ffa9e860ed3a23e7101a23143ecc8e3.gcov is included (gcov file)...
(DEBUG)   Filter AlwaysMatchFilter() matched.
(DEBUG) --> File is included.
(DEBUG) Check if wait_q.h##139d40669c3ee194b82a2646c4f8e821.gcov is included (gcov file)...
(DEBUG) --> File is included.
(DEBUG) Check if ksched.h##ef11ea29545001937978f4e3e23cbf23.gcov is included (gcov file)...
(DEBUG) --> File is included.
(DEBUG) Check if priority_q.h##e09451b433d85721cb295db4cbfe45f5.gcov is included (gcov file)...
(DEBUG) --> File is included.
(DEBUG) Check if math_extras_impl.h##fd1fd6cd1812167b7644b3f8f3fe8aa2.gcov is included (gcov file)...
(DEBUG) --> File is included.
(DEBUG) Check if kthread.h##b13e19e9523584ac2e7cfe73fddb2b9b.gcov is included (gcov file)...
(DEBUG) --> File is included.
(DEBUG) Check if timeout_q.h##569a3e528a9234fdc294fc6409c26869.gcov is included (gcov file)...
(DEBUG) --> File is included.
(DEBUG) Check if kernel_arch_func.h##88c66a408d50fc91e01e60b8add8a403.gcov is included (gcov file)...
(DEBUG) --> File is included.
(DEBUG) Check if kobject_internal.h##d9e662f1f754d31d24eb20c0b43248dd.gcov is included (gcov file)...
(DEBUG) --> File is included.
(DEBUG) Check if spinlock.h##ac54c28a46b90c889de3665abac3ef1a.gcov is included (gcov file)...
(DEBUG) --> File is included.
(DEBUG) Check if arch.h##dc70e81a221e00a96b5b011e55795c6f.gcov is included (gcov file)...
(DEBUG) --> File is included.
(DEBUG) Check if dlist.h##8b38c32f07439f20ffdd7079fc0c40eb.gcov is included (gcov file)...
(DEBUG) --> File is included.
(DEBUG) Check if /home/sufyan/Zephyr_IOMICO/zephyr-course/app/modules/ring_buf/priority_q.h##e09451b433d85721cb295db4cbfe45f5.gcov is included (trace)...
(DEBUG) --> File is excluded.
(DEBUG) Finding source file corresponding to a gcov data file
  gcov_fname   /home/sufyan/Zephyr_IOMICO/zephyr-course/app/modules/ring_buf/priority_q.h##e09451b433d85721cb295db4cbfe45f5.gcov
  current_dir  /home/sufyan/Zephyr_IOMICO/zephyr-course/app/modules/ring_buf
  root         /home/sufyan/Zephyr_IOMICO/zephyr-course/app/modules/ring_buf
  starting_dir /home/sufyan/Zephyr_IOMICO/zephyr-course
  obj_dir      None
  gcda_fname   ../../../twister-out/native_sim_native/host/homework.unit.ring_buf/zephyr/kernel/CMakeFiles/kernel.dir/msg_q.c.gcno
  --> fname    /home/sufyan/Zephyr_IOMICO/deps/zephyr/kernel/include/priority_q.h
(DEBUG) Check if /home/sufyan/Zephyr_IOMICO/deps/zephyr/kernel/include/priority_q.h is included (source file)...
(DEBUG) --> File is excluded.
(DEBUG) Check if /home/sufyan/Zephyr_IOMICO/zephyr-course/app/modules/ring_buf/dlist.h##8b38c32f07439f20ffdd7079fc0c40eb.gcov is included (trace)...
(DEBUG) --> File is excluded.
(DEBUG) Finding source file corresponding to a gcov data file
  gcov_fname   /home/sufyan/Zephyr_IOMICO/zephyr-course/app/modules/ring_buf/dlist.h##8b38c32f07439f20ffdd7079fc0c40eb.gcov
  current_dir  /home/sufyan/Zephyr_IOMICO/zephyr-course/app/modules/ring_buf
  root         /home/sufyan/Zephyr_IOMICO/zephyr-course/app/modules/ring_buf
  starting_dir /home/sufyan/Zephyr_IOMICO/zephyr-course
  obj_dir      None
  gcda_fname   ../../../twister-out/native_sim_native/host/homework.unit.ring_buf/zephyr/kernel/CMakeFiles/kernel.dir/msg_q.c.gcno
  --> fname    /home/sufyan/Zephyr_IOMICO/deps/zephyr/include/zephyr/sys/dlist.h
(DEBUG) Check if /home/sufyan/Zephyr_IOMICO/deps/zephyr/include/zephyr/sys/dlist.h is included (source file)...
(DEBUG) --> File is excluded.
(DEBUG) Check if /home/sufyan/Zephyr_IOMICO/zephyr-course/app/modules/ring_buf/kthread.h##b13e19e9523584ac2e7cfe73fddb2b9b.gcov is included (trace)...
(DEBUG) --> File is excluded.
(DEBUG) Finding source file corresponding to a gcov data file
  gcov_fname   /home/sufyan/Zephyr_IOMICO/zephyr-course/app/modules/ring_buf/kthread.h##b13e19e9523584ac2e7cfe73fddb2b9b.gcov
  current_dir  /home/sufyan/Zephyr_IOMICO/zephyr-course/app/modules/ring_buf
  root         /home/sufyan/Zephyr_IOMICO/zephyr-course/app/modules/ring_buf
  starting_dir /home/sufyan/Zephyr_IOMICO/zephyr-course
  obj_dir      None
  gcda_fname   ../../../twister-out/native_sim_native/host/homework.unit.ring_buf/zephyr/kernel/CMakeFiles/kernel.dir/msg_q.c.gcno
  --> fname    /home/sufyan/Zephyr_IOMICO/deps/zephyr/kernel/include/kthread.h
(DEBUG) Check if /home/sufyan/Zephyr_IOMICO/deps/zephyr/kernel/include/kthread.h is included (source file)...
(DEBUG) --> File is excluded.
(DEBUG) Check if /home/sufyan/Zephyr_IOMICO/zephyr-course/app/modules/ring_buf/ksched.h##ef11ea29545001937978f4e3e23cbf23.gcov is included (trace)...
(DEBUG) --> File is excluded.
(DEBUG) Finding source file corresponding to a gcov data file
  gcov_fname   /home/sufyan/Zephyr_IOMICO/zephyr-course/app/modules/ring_buf/ksched.h##ef11ea29545001937978f4e3e23cbf23.gcov
  current_dir  /home/sufyan/Zephyr_IOMICO/zephyr-course/app/modules/ring_buf
  root         /home/sufyan/Zephyr_IOMICO/zephyr-course/app/modules/ring_buf
  starting_dir /home/sufyan/Zephyr_IOMICO/zephyr-course
  obj_dir      None
  gcda_fname   ../../../twister-out/native_sim_native/host/homework.unit.ring_buf/zephyr/kernel/CMakeFiles/kernel.dir/msg_q.c.gcno
  --> fname    /home/sufyan/Zephyr_IOMICO/deps/zephyr/kernel/include/ksched.h
(DEBUG) Check if /home/sufyan/Zephyr_IOMICO/deps/zephyr/kernel/include/ksched.h is included (source file)...
(DEBUG) --> File is excluded.
(DEBUG) Check if /home/sufyan/Zephyr_IOMICO/zephyr-course/app/modules/ring_buf/kobject_internal.h##d9e662f1f754d31d24eb20c0b43248dd.gcov is included (trace)...
(DEBUG) --> File is excluded.
(DEBUG) Finding source file corresponding to a gcov data file
  gcov_fname   /home/sufyan/Zephyr_IOMICO/zephyr-course/app/modules/ring_buf/kobject_internal.h##d9e662f1f754d31d24eb20c0b43248dd.gcov
  current_dir  /home/sufyan/Zephyr_IOMICO/zephyr-course/app/modules/ring_buf
  root         /home/sufyan/Zephyr_IOMICO/zephyr-course/app/modules/ring_buf
  starting_dir /home/sufyan/Zephyr_IOMICO/zephyr-course
  obj_dir      None
  gcda_fname   ../../../twister-out/native_sim_native/host/homework.unit.ring_buf/zephyr/kernel/CMakeFiles/kernel.dir/msg_q.c.gcno
  --> fname    /home/sufyan/Zephyr_IOMICO/deps/zephyr/include/zephyr/sys/internal/kobject_internal.h
(DEBUG) Check if /home/sufyan/Zephyr_IOMICO/deps/zephyr/include/zephyr/sys/internal/kobject_internal.h is included (source file)...
(DEBUG) --> File is excluded.
(DEBUG) Check if /home/sufyan/Zephyr_IOMICO/zephyr-course/app/modules/ring_buf/kernel_arch_func.h##88c66a408d50fc91e01e60b8add8a403.gcov is included (trace)...
(DEBUG) --> File is excluded.
(DEBUG) Finding source file corresponding to a gcov data file
  gcov_fname   /home/sufyan/Zephyr_IOMICO/zephyr-course/app/modules/ring_buf/kernel_arch_func.h##88c66a408d50fc91e01e60b8add8a403.gcov
  current_dir  /home/sufyan/Zephyr_IOMICO/zephyr-course/app/modules/ring_buf
  root         /home/sufyan/Zephyr_IOMICO/zephyr-course/app/modules/ring_buf
  starting_dir /home/sufyan/Zephyr_IOMICO/zephyr-course
  obj_dir      None
  gcda_fname   ../../../twister-out/native_sim_native/host/homework.unit.ring_buf/zephyr/kernel/CMakeFiles/kernel.dir/msg_q.c.gcno
  --> fname    /home/sufyan/Zephyr_IOMICO/deps/zephyr/arch/posix/include/kernel_arch_func.h
(DEBUG) Check if /home/sufyan/Zephyr_IOMICO/deps/zephyr/arch/posix/include/kernel_arch_func.h is included (source file)...
(DEBUG) --> File is excluded.
(DEBUG) Check if /home/sufyan/Zephyr_IOMICO/zephyr-course/app/modules/ring_buf/arch.h##dc70e81a221e00a96b5b011e55795c6f.gcov is included (trace)...
(DEBUG) --> File is excluded.
(DEBUG) Finding source file corresponding to a gcov data file
  gcov_fname   /home/sufyan/Zephyr_IOMICO/zephyr-course/app/modules/ring_buf/arch.h##dc70e81a221e00a96b5b011e55795c6f.gcov
  current_dir  /home/sufyan/Zephyr_IOMICO/zephyr-course/app/modules/ring_buf
  root         /home/sufyan/Zephyr_IOMICO/zephyr-course/app/modules/ring_buf
  starting_dir /home/sufyan/Zephyr_IOMICO/zephyr-course
  obj_dir      None
  gcda_fname   ../../../twister-out/native_sim_native/host/homework.unit.ring_buf/zephyr/kernel/CMakeFiles/kernel.dir/msg_q.c.gcno
  --> fname    /home/sufyan/Zephyr_IOMICO/deps/zephyr/include/zephyr/arch/posix/arch.h
(DEBUG) Check if /home/sufyan/Zephyr_IOMICO/deps/zephyr/include/zephyr/arch/posix/arch.h is included (source file)...
(DEBUG) --> File is excluded.
(DEBUG) Check if /home/sufyan/Zephyr_IOMICO/zephyr-course/app/modules/ring_buf/spinlock.h##ac54c28a46b90c889de3665abac3ef1a.gcov is included (trace)...
(DEBUG) --> File is excluded.
(DEBUG) Finding source file corresponding to a gcov data file
  gcov_fname   /home/sufyan/Zephyr_IOMICO/zephyr-course/app/modules/ring_buf/spinlock.h##ac54c28a46b90c889de3665abac3ef1a.gcov
  current_dir  /home/sufyan/Zephyr_IOMICO/zephyr-course/app/modules/ring_buf
  root         /home/sufyan/Zephyr_IOMICO/zephyr-course/app/modules/ring_buf
  starting_dir /home/sufyan/Zephyr_IOMICO/zephyr-course
  obj_dir      None
  gcda_fname   ../../../twister-out/native_sim_native/host/homework.unit.ring_buf/zephyr/kernel/CMakeFiles/kernel.dir/msg_q.c.gcno
  --> fname    /home/sufyan/Zephyr_IOMICO/deps/zephyr/include/zephyr/spinlock.h
(DEBUG) Check if /home/sufyan/Zephyr_IOMICO/deps/zephyr/include/zephyr/spinlock.h is included (source file)...
(DEBUG) --> File is excluded.
(DEBUG) Check if /home/sufyan/Zephyr_IOMICO/zephyr-course/app/modules/ring_buf/math_extras_impl.h##fd1fd6cd1812167b7644b3f8f3fe8aa2.gcov is included (trace)...
(DEBUG) --> File is excluded.
(DEBUG) Finding source file corresponding to a gcov data file
  gcov_fname   /home/sufyan/Zephyr_IOMICO/zephyr-course/app/modules/ring_buf/math_extras_impl.h##fd1fd6cd1812167b7644b3f8f3fe8aa2.gcov
  current_dir  /home/sufyan/Zephyr_IOMICO/zephyr-course/app/modules/ring_buf
  root         /home/sufyan/Zephyr_IOMICO/zephyr-course/app/modules/ring_buf
  starting_dir /home/sufyan/Zephyr_IOMICO/zephyr-course
  obj_dir      None
  gcda_fname   ../../../twister-out/native_sim_native/host/homework.unit.ring_buf/zephyr/kernel/CMakeFiles/kernel.dir/msg_q.c.gcno
  --> fname    /home/sufyan/Zephyr_IOMICO/deps/zephyr/include/zephyr/sys/math_extras_impl.h
(DEBUG) Check if /home/sufyan/Zephyr_IOMICO/deps/zephyr/include/zephyr/sys/math_extras_impl.h is included (source file)...
(DEBUG) --> File is excluded.
(DEBUG) Check if /home/sufyan/Zephyr_IOMICO/zephyr-course/app/modules/ring_buf/timeout_q.h##569a3e528a9234fdc294fc6409c26869.gcov is included (trace)...
(DEBUG) --> File is excluded.
(DEBUG) Finding source file corresponding to a gcov data file
  gcov_fname   /home/sufyan/Zephyr_IOMICO/zephyr-course/app/modules/ring_buf/timeout_q.h##569a3e528a9234fdc294fc6409c26869.gcov
  current_dir  /home/sufyan/Zephyr_IOMICO/zephyr-course/app/modules/ring_buf
  root         /home/sufyan/Zephyr_IOMICO/zephyr-course/app/modules/ring_buf
  starting_dir /home/sufyan/Zephyr_IOMICO/zephyr-course
  obj_dir      None
  gcda_fname   ../../../twister-out/native_sim_native/host/homework.unit.ring_buf/zephyr/kernel/CMakeFiles/kernel.dir/msg_q.c.gcno
  --> fname    /home/sufyan/Zephyr_IOMICO/deps/zephyr/kernel/include/timeout_q.h
(DEBUG) Check if /home/sufyan/Zephyr_IOMICO/deps/zephyr/kernel/include/timeout_q.h is included (source file)...
(DEBUG) --> File is excluded.
(DEBUG) Check if /home/sufyan/Zephyr_IOMICO/zephyr-course/app/modules/ring_buf/wait_q.h##139d40669c3ee194b82a2646c4f8e821.gcov is included (trace)...
(DEBUG) --> File is excluded.
(DEBUG) Finding source file corresponding to a gcov data file
  gcov_fname   /home/sufyan/Zephyr_IOMICO/zephyr-course/app/modules/ring_buf/wait_q.h##139d40669c3ee194b82a2646c4f8e821.gcov
  current_dir  /home/sufyan/Zephyr_IOMICO/zephyr-course/app/modules/ring_buf
  root         /home/sufyan/Zephyr_IOMICO/zephyr-course/app/modules/ring_buf
  starting_dir /home/sufyan/Zephyr_IOMICO/zephyr-course
  obj_dir      None
  gcda_fname   ../../../twister-out/native_sim_native/host/homework.unit.ring_buf/zephyr/kernel/CMakeFiles/kernel.dir/msg_q.c.gcno
  --> fname    /home/sufyan/Zephyr_IOMICO/deps/zephyr/kernel/include/wait_q.h
(DEBUG) Check if /home/sufyan/Zephyr_IOMICO/deps/zephyr/kernel/include/wait_q.h is included (source file)...
(DEBUG) --> File is excluded.
(DEBUG) Check if /home/sufyan/Zephyr_IOMICO/zephyr-course/app/modules/ring_buf/msg_q.c##8ffa9e860ed3a23e7101a23143ecc8e3.gcov is included (trace)...
(DEBUG)   No filter matched.
(DEBUG) --> File is excluded.
(DEBUG) Finding source file corresponding to a gcov data file
  gcov_fname   /home/sufyan/Zephyr_IOMICO/zephyr-course/app/modules/ring_buf/msg_q.c##8ffa9e860ed3a23e7101a23143ecc8e3.gcov
  current_dir  /home/sufyan/Zephyr_IOMICO/zephyr-course/app/modules/ring_buf
  root         /home/sufyan/Zephyr_IOMICO/zephyr-course/app/modules/ring_buf
  starting_dir /home/sufyan/Zephyr_IOMICO/zephyr-course
  obj_dir      None
  gcda_fname   ../../../twister-out/native_sim_native/host/homework.unit.ring_buf/zephyr/kernel/CMakeFiles/kernel.dir/msg_q.c.gcno
  --> fname    /home/sufyan/Zephyr_IOMICO/deps/zephyr/kernel/msg_q.c
(DEBUG) Check if /home/sufyan/Zephyr_IOMICO/deps/zephyr/kernel/msg_q.c is included (source file)...
(DEBUG)   No filter matched.
(DEBUG) --> File is excluded.
(DEBUG) Check if /home/sufyan/Zephyr_IOMICO/zephyr-course/twister-out/native_sim_native/host/homework.unit.ring_buf/zephyr/kernel/CMakeFiles/kernel.dir/mutex.c.gcno is included (trace)...
(DEBUG)   No filter matched.
(DEBUG) --> File is excluded.
(DEBUG) Check if /home/sufyan/Zephyr_IOMICO/zephyr-course/twister-out/native_sim_native/host/homework.unit.ring_buf/zephyr/kernel/CMakeFiles/kernel.dir/mutex.c.gcno is included (trace)...
(DEBUG) --> File is excluded.
(DEBUG) Check if mutex.c##fcccd212ae7727b883ce2fb2fef9cd54.gcov is included (gcov file)...
(DEBUG)   Filter AlwaysMatchFilter() matched.
(DEBUG) --> File is included.
(DEBUG) Check if log_msg.h##c3d7a43353dd151ee47d3c13d66651b3.gcov is included (gcov file)...
(DEBUG) --> File is included.
(DEBUG) Check if wait_q.h##139d40669c3ee194b82a2646c4f8e821.gcov is included (gcov file)...
(DEBUG) --> File is included.
(DEBUG) Check if ksched.h##ef11ea29545001937978f4e3e23cbf23.gcov is included (gcov file)...
(DEBUG) --> File is included.
(DEBUG) Check if priority_q.h##e09451b433d85721cb295db4cbfe45f5.gcov is included (gcov file)...
(DEBUG) --> File is included.
(DEBUG) Check if kthread.h##b13e19e9523584ac2e7cfe73fddb2b9b.gcov is included (gcov file)...
(DEBUG) --> File is included.
(DEBUG) Check if timeout_q.h##569a3e528a9234fdc294fc6409c26869.gcov is included (gcov file)...
(DEBUG) --> File is included.
(DEBUG) Check if kernel_arch_func.h##88c66a408d50fc91e01e60b8add8a403.gcov is included (gcov file)...
(DEBUG) --> File is included.
(DEBUG) Check if kobject_internal.h##d9e662f1f754d31d24eb20c0b43248dd.gcov is included (gcov file)...
(DEBUG) --> File is included.
(DEBUG) Check if spinlock.h##ac54c28a46b90c889de3665abac3ef1a.gcov is included (gcov file)...
(DEBUG) --> File is included.
(DEBUG) Check if arch.h##dc70e81a221e00a96b5b011e55795c6f.gcov is included (gcov file)...
(DEBUG) --> File is included.
(DEBUG) Check if dlist.h##8b38c32f07439f20ffdd7079fc0c40eb.gcov is included (gcov file)...
(DEBUG) --> File is included.
(DEBUG) Check if /home/sufyan/Zephyr_IOMICO/zephyr-course/app/modules/ring_buf/priority_q.h##e09451b433d85721cb295db4cbfe45f5.gcov is included (trace)...
(DEBUG) --> File is excluded.
(DEBUG) Finding source file corresponding to a gcov data file
  gcov_fname   /home/sufyan/Zephyr_IOMICO/zephyr-course/app/modules/ring_buf/priority_q.h##e09451b433d85721cb295db4cbfe45f5.gcov
  current_dir  /home/sufyan/Zephyr_IOMICO/zephyr-course/app/modules/ring_buf
  root         /home/sufyan/Zephyr_IOMICO/zephyr-course/app/modules/ring_buf
  starting_dir /home/sufyan/Zephyr_IOMICO/zephyr-course
  obj_dir      None
  gcda_fname   ../../../twister-out/native_sim_native/host/homework.unit.ring_buf/zephyr/kernel/CMakeFiles/kernel.dir/mutex.c.gcno
  --> fname    /home/sufyan/Zephyr_IOMICO/deps/zephyr/kernel/include/priority_q.h
(DEBUG) Check if /home/sufyan/Zephyr_IOMICO/deps/zephyr/kernel/include/priority_q.h is included (source file)...
(DEBUG) --> File is excluded.
(DEBUG) Check if /home/sufyan/Zephyr_IOMICO/zephyr-course/app/modules/ring_buf/kthread.h##b13e19e9523584ac2e7cfe73fddb2b9b.gcov is included (trace)...
(DEBUG) --> File is excluded.
(DEBUG) Finding source file corresponding to a gcov data file
  gcov_fname   /home/sufyan/Zephyr_IOMICO/zephyr-course/app/modules/ring_buf/kthread.h##b13e19e9523584ac2e7cfe73fddb2b9b.gcov
  current_dir  /home/sufyan/Zephyr_IOMICO/zephyr-course/app/modules/ring_buf
  root         /home/sufyan/Zephyr_IOMICO/zephyr-course/app/modules/ring_buf
  starting_dir /home/sufyan/Zephyr_IOMICO/zephyr-course
  obj_dir      None
  gcda_fname   ../../../twister-out/native_sim_native/host/homework.unit.ring_buf/zephyr/kernel/CMakeFiles/kernel.dir/mutex.c.gcno
  --> fname    /home/sufyan/Zephyr_IOMICO/deps/zephyr/kernel/include/kthread.h
(DEBUG) Check if /home/sufyan/Zephyr_IOMICO/deps/zephyr/kernel/include/kthread.h is included (source file)...
(DEBUG) --> File is excluded.
(DEBUG) Check if /home/sufyan/Zephyr_IOMICO/zephyr-course/app/modules/ring_buf/mutex.c##fcccd212ae7727b883ce2fb2fef9cd54.gcov is included (trace)...
(DEBUG)   No filter matched.
(DEBUG) --> File is excluded.
(DEBUG) Finding source file corresponding to a gcov data file
  gcov_fname   /home/sufyan/Zephyr_IOMICO/zephyr-course/app/modules/ring_buf/mutex.c##fcccd212ae7727b883ce2fb2fef9cd54.gcov
  current_dir  /home/sufyan/Zephyr_IOMICO/zephyr-course/app/modules/ring_buf
  root         /home/sufyan/Zephyr_IOMICO/zephyr-course/app/modules/ring_buf
  starting_dir /home/sufyan/Zephyr_IOMICO/zephyr-course
  obj_dir      None
  gcda_fname   ../../../twister-out/native_sim_native/host/homework.unit.ring_buf/zephyr/kernel/CMakeFiles/kernel.dir/mutex.c.gcno
  --> fname    /home/sufyan/Zephyr_IOMICO/deps/zephyr/kernel/mutex.c
(DEBUG) Check if /home/sufyan/Zephyr_IOMICO/deps/zephyr/kernel/mutex.c is included (source file)...
(DEBUG)   No filter matched.
(DEBUG) --> File is excluded.
(DEBUG) Check if /home/sufyan/Zephyr_IOMICO/zephyr-course/app/modules/ring_buf/ksched.h##ef11ea29545001937978f4e3e23cbf23.gcov is included (trace)...
(DEBUG) --> File is excluded.
(DEBUG) Finding source file corresponding to a gcov data file
  gcov_fname   /home/sufyan/Zephyr_IOMICO/zephyr-course/app/modules/ring_buf/ksched.h##ef11ea29545001937978f4e3e23cbf23.gcov
  current_dir  /home/sufyan/Zephyr_IOMICO/zephyr-course/app/modules/ring_buf
  root         /home/sufyan/Zephyr_IOMICO/zephyr-course/app/modules/ring_buf
  starting_dir /home/sufyan/Zephyr_IOMICO/zephyr-course
  obj_dir      None
  gcda_fname   ../../../twister-out/native_sim_native/host/homework.unit.ring_buf/zephyr/kernel/CMakeFiles/kernel.dir/mutex.c.gcno
  --> fname    /home/sufyan/Zephyr_IOMICO/deps/zephyr/kernel/include/ksched.h
(DEBUG) Check if /home/sufyan/Zephyr_IOMICO/deps/zephyr/kernel/include/ksched.h is included (source file)...
(DEBUG) --> File is excluded.
(DEBUG) Check if /home/sufyan/Zephyr_IOMICO/zephyr-course/app/modules/ring_buf/kobject_internal.h##d9e662f1f754d31d24eb20c0b43248dd.gcov is included (trace)...
(DEBUG) --> File is excluded.
(DEBUG) Finding source file corresponding to a gcov data file
  gcov_fname   /home/sufyan/Zephyr_IOMICO/zephyr-course/app/modules/ring_buf/kobject_internal.h##d9e662f1f754d31d24eb20c0b43248dd.gcov
  current_dir  /home/sufyan/Zephyr_IOMICO/zephyr-course/app/modules/ring_buf
  root         /home/sufyan/Zephyr_IOMICO/zephyr-course/app/modules/ring_buf
  starting_dir /home/sufyan/Zephyr_IOMICO/zephyr-course
  obj_dir      None
  gcda_fname   ../../../twister-out/native_sim_native/host/homework.unit.ring_buf/zephyr/kernel/CMakeFiles/kernel.dir/mutex.c.gcno
  --> fname    /home/sufyan/Zephyr_IOMICO/deps/zephyr/include/zephyr/sys/internal/kobject_internal.h
(DEBUG) Check if /home/sufyan/Zephyr_IOMICO/deps/zephyr/include/zephyr/sys/internal/kobject_internal.h is included (source file)...
(DEBUG) --> File is excluded.
(DEBUG) Check if /home/sufyan/Zephyr_IOMICO/zephyr-course/app/modules/ring_buf/kernel_arch_func.h##88c66a408d50fc91e01e60b8add8a403.gcov is included (trace)...
(DEBUG) --> File is excluded.
(DEBUG) Finding source file corresponding to a gcov data file
  gcov_fname   /home/sufyan/Zephyr_IOMICO/zephyr-course/app/modules/ring_buf/kernel_arch_func.h##88c66a408d50fc91e01e60b8add8a403.gcov
  current_dir  /home/sufyan/Zephyr_IOMICO/zephyr-course/app/modules/ring_buf
  root         /home/sufyan/Zephyr_IOMICO/zephyr-course/app/modules/ring_buf
  starting_dir /home/sufyan/Zephyr_IOMICO/zephyr-course
  obj_dir      None
  gcda_fname   ../../../twister-out/native_sim_native/host/homework.unit.ring_buf/zephyr/kernel/CMakeFiles/kernel.dir/mutex.c.gcno
  --> fname    /home/sufyan/Zephyr_IOMICO/deps/zephyr/arch/posix/include/kernel_arch_func.h
(DEBUG) Check if /home/sufyan/Zephyr_IOMICO/deps/zephyr/arch/posix/include/kernel_arch_func.h is included (source file)...
(DEBUG) --> File is excluded.
(DEBUG) Check if /home/sufyan/Zephyr_IOMICO/zephyr-course/app/modules/ring_buf/arch.h##dc70e81a221e00a96b5b011e55795c6f.gcov is included (trace)...
(DEBUG) --> File is excluded.
(DEBUG) Finding source file corresponding to a gcov data file
  gcov_fname   /home/sufyan/Zephyr_IOMICO/zephyr-course/app/modules/ring_buf/arch.h##dc70e81a221e00a96b5b011e55795c6f.gcov
  current_dir  /home/sufyan/Zephyr_IOMICO/zephyr-course/app/modules/ring_buf
  root         /home/sufyan/Zephyr_IOMICO/zephyr-course/app/modules/ring_buf
  starting_dir /home/sufyan/Zephyr_IOMICO/zephyr-course
  obj_dir      None
  gcda_fname   ../../../twister-out/native_sim_native/host/homework.unit.ring_buf/zephyr/kernel/CMakeFiles/kernel.dir/mutex.c.gcno
  --> fname    /home/sufyan/Zephyr_IOMICO/deps/zephyr/include/zephyr/arch/posix/arch.h
(DEBUG) Check if /home/sufyan/Zephyr_IOMICO/deps/zephyr/include/zephyr/arch/posix/arch.h is included (source file)...
(DEBUG) --> File is excluded.
(DEBUG) Check if /home/sufyan/Zephyr_IOMICO/zephyr-course/app/modules/ring_buf/spinlock.h##ac54c28a46b90c889de3665abac3ef1a.gcov is included (trace)...
(DEBUG) --> File is excluded.
(DEBUG) Finding source file corresponding to a gcov data file
  gcov_fname   /home/sufyan/Zephyr_IOMICO/zephyr-course/app/modules/ring_buf/spinlock.h##ac54c28a46b90c889de3665abac3ef1a.gcov
  current_dir  /home/sufyan/Zephyr_IOMICO/zephyr-course/app/modules/ring_buf
  root         /home/sufyan/Zephyr_IOMICO/zephyr-course/app/modules/ring_buf
  starting_dir /home/sufyan/Zephyr_IOMICO/zephyr-course
  obj_dir      None
  gcda_fname   ../../../twister-out/native_sim_native/host/homework.unit.ring_buf/zephyr/kernel/CMakeFiles/kernel.dir/mutex.c.gcno
  --> fname    /home/sufyan/Zephyr_IOMICO/deps/zephyr/include/zephyr/spinlock.h
(DEBUG) Check if /home/sufyan/Zephyr_IOMICO/deps/zephyr/include/zephyr/spinlock.h is included (source file)...
(DEBUG) --> File is excluded.
(DEBUG) Check if /home/sufyan/Zephyr_IOMICO/zephyr-course/app/modules/ring_buf/timeout_q.h##569a3e528a9234fdc294fc6409c26869.gcov is included (trace)...
(DEBUG) --> File is excluded.
(DEBUG) Finding source file corresponding to a gcov data file
  gcov_fname   /home/sufyan/Zephyr_IOMICO/zephyr-course/app/modules/ring_buf/timeout_q.h##569a3e528a9234fdc294fc6409c26869.gcov
  current_dir  /home/sufyan/Zephyr_IOMICO/zephyr-course/app/modules/ring_buf
  root         /home/sufyan/Zephyr_IOMICO/zephyr-course/app/modules/ring_buf
  starting_dir /home/sufyan/Zephyr_IOMICO/zephyr-course
  obj_dir      None
  gcda_fname   ../../../twister-out/native_sim_native/host/homework.unit.ring_buf/zephyr/kernel/CMakeFiles/kernel.dir/mutex.c.gcno
  --> fname    /home/sufyan/Zephyr_IOMICO/deps/zephyr/kernel/include/timeout_q.h
(DEBUG) Check if /home/sufyan/Zephyr_IOMICO/deps/zephyr/kernel/include/timeout_q.h is included (source file)...
(DEBUG) --> File is excluded.
(DEBUG) Check if /home/sufyan/Zephyr_IOMICO/zephyr-course/app/modules/ring_buf/wait_q.h##139d40669c3ee194b82a2646c4f8e821.gcov is included (trace)...
(DEBUG) --> File is excluded.
(DEBUG) Finding source file corresponding to a gcov data file
  gcov_fname   /home/sufyan/Zephyr_IOMICO/zephyr-course/app/modules/ring_buf/wait_q.h##139d40669c3ee194b82a2646c4f8e821.gcov
  current_dir  /home/sufyan/Zephyr_IOMICO/zephyr-course/app/modules/ring_buf
  root         /home/sufyan/Zephyr_IOMICO/zephyr-course/app/modules/ring_buf
  starting_dir /home/sufyan/Zephyr_IOMICO/zephyr-course
  obj_dir      None
  gcda_fname   ../../../twister-out/native_sim_native/host/homework.unit.ring_buf/zephyr/kernel/CMakeFiles/kernel.dir/mutex.c.gcno
  --> fname    /home/sufyan/Zephyr_IOMICO/deps/zephyr/kernel/include/wait_q.h
(DEBUG) Check if /home/sufyan/Zephyr_IOMICO/deps/zephyr/kernel/include/wait_q.h is included (source file)...
(DEBUG) --> File is excluded.
(DEBUG) Check if /home/sufyan/Zephyr_IOMICO/zephyr-course/app/modules/ring_buf/dlist.h##8b38c32f07439f20ffdd7079fc0c40eb.gcov is included (trace)...
(DEBUG) --> File is excluded.
(DEBUG) Finding source file corresponding to a gcov data file
  gcov_fname   /home/sufyan/Zephyr_IOMICO/zephyr-course/app/modules/ring_buf/dlist.h##8b38c32f07439f20ffdd7079fc0c40eb.gcov
  current_dir  /home/sufyan/Zephyr_IOMICO/zephyr-course/app/modules/ring_buf
  root         /home/sufyan/Zephyr_IOMICO/zephyr-course/app/modules/ring_buf
  starting_dir /home/sufyan/Zephyr_IOMICO/zephyr-course
  obj_dir      None
  gcda_fname   ../../../twister-out/native_sim_native/host/homework.unit.ring_buf/zephyr/kernel/CMakeFiles/kernel.dir/mutex.c.gcno
  --> fname    /home/sufyan/Zephyr_IOMICO/deps/zephyr/include/zephyr/sys/dlist.h
(DEBUG) Check if /home/sufyan/Zephyr_IOMICO/deps/zephyr/include/zephyr/sys/dlist.h is included (source file)...
(DEBUG) --> File is excluded.
(DEBUG) Check if /home/sufyan/Zephyr_IOMICO/zephyr-course/app/modules/ring_buf/log_msg.h##c3d7a43353dd151ee47d3c13d66651b3.gcov is included (trace)...
(DEBUG) --> File is excluded.
(DEBUG) Finding source file corresponding to a gcov data file
  gcov_fname   /home/sufyan/Zephyr_IOMICO/zephyr-course/app/modules/ring_buf/log_msg.h##c3d7a43353dd151ee47d3c13d66651b3.gcov
  current_dir  /home/sufyan/Zephyr_IOMICO/zephyr-course/app/modules/ring_buf
  root         /home/sufyan/Zephyr_IOMICO/zephyr-course/app/modules/ring_buf
  starting_dir /home/sufyan/Zephyr_IOMICO/zephyr-course
  obj_dir      None
  gcda_fname   ../../../twister-out/native_sim_native/host/homework.unit.ring_buf/zephyr/kernel/CMakeFiles/kernel.dir/mutex.c.gcno
  --> fname    /home/sufyan/Zephyr_IOMICO/deps/zephyr/include/zephyr/logging/log_msg.h
(DEBUG) Check if /home/sufyan/Zephyr_IOMICO/deps/zephyr/include/zephyr/logging/log_msg.h is included (source file)...
(DEBUG) --> File is excluded.
(DEBUG) Check if /home/sufyan/Zephyr_IOMICO/zephyr-course/twister-out/native_sim_native/host/homework.unit.ring_buf/zephyr/kernel/CMakeFiles/kernel.dir/pipe.c.gcno is included (trace)...
(DEBUG)   No filter matched.
(DEBUG) --> File is excluded.
(DEBUG) Check if /home/sufyan/Zephyr_IOMICO/zephyr-course/twister-out/native_sim_native/host/homework.unit.ring_buf/zephyr/kernel/CMakeFiles/kernel.dir/pipe.c.gcno is included (trace)...
(DEBUG) --> File is excluded.
(DEBUG) Check if pipe.c##f686d789e781462daf9b69218f25f092.gcov is included (gcov file)...
(DEBUG)   Filter AlwaysMatchFilter() matched.
(DEBUG) --> File is included.
(DEBUG) Check if wait_q.h##139d40669c3ee194b82a2646c4f8e821.gcov is included (gcov file)...
(DEBUG) --> File is included.
(DEBUG) Check if ksched.h##ef11ea29545001937978f4e3e23cbf23.gcov is included (gcov file)...
(DEBUG) --> File is included.
(DEBUG) Check if priority_q.h##e09451b433d85721cb295db4cbfe45f5.gcov is included (gcov file)...
(DEBUG) --> File is included.
(DEBUG) Check if kthread.h##b13e19e9523584ac2e7cfe73fddb2b9b.gcov is included (gcov file)...
(DEBUG) --> File is included.
(DEBUG) Check if timeout_q.h##569a3e528a9234fdc294fc6409c26869.gcov is included (gcov file)...
(DEBUG) --> File is included.
(DEBUG) Check if kernel_internal.h##d53f9a5de702617b658ebe7dd715cfb5.gcov is included (gcov file)...
(DEBUG) --> File is included.
(DEBUG) Check if kernel_arch_func.h##88c66a408d50fc91e01e60b8add8a403.gcov is included (gcov file)...
(DEBUG) --> File is included.
(DEBUG) Check if ring_buffer.h##779e003f3c4eaffb557c5a0052ac92b2.gcov is included (gcov file)...
(DEBUG) --> File is included.
(DEBUG) Check if kobject_internal.h##d9e662f1f754d31d24eb20c0b43248dd.gcov is included (gcov file)...
(DEBUG) --> File is included.
(DEBUG) Check if spinlock.h##ac54c28a46b90c889de3665abac3ef1a.gcov is included (gcov file)...
(DEBUG) --> File is included.
(DEBUG) Check if arch.h##dc70e81a221e00a96b5b011e55795c6f.gcov is included (gcov file)...
(DEBUG) --> File is included.
(DEBUG) Check if dlist.h##8b38c32f07439f20ffdd7079fc0c40eb.gcov is included (gcov file)...
(DEBUG) --> File is included.
(DEBUG) Check if /home/sufyan/Zephyr_IOMICO/zephyr-course/app/modules/ring_buf/priority_q.h##e09451b433d85721cb295db4cbfe45f5.gcov is included (trace)...
(DEBUG) --> File is excluded.
(DEBUG) Finding source file corresponding to a gcov data file
  gcov_fname   /home/sufyan/Zephyr_IOMICO/zephyr-course/app/modules/ring_buf/priority_q.h##e09451b433d85721cb295db4cbfe45f5.gcov
  current_dir  /home/sufyan/Zephyr_IOMICO/zephyr-course/app/modules/ring_buf
  root         /home/sufyan/Zephyr_IOMICO/zephyr-course/app/modules/ring_buf
  starting_dir /home/sufyan/Zephyr_IOMICO/zephyr-course
  obj_dir      None
  gcda_fname   ../../../twister-out/native_sim_native/host/homework.unit.ring_buf/zephyr/kernel/CMakeFiles/kernel.dir/pipe.c.gcno
  --> fname    /home/sufyan/Zephyr_IOMICO/deps/zephyr/kernel/include/priority_q.h
(DEBUG) Check if /home/sufyan/Zephyr_IOMICO/deps/zephyr/kernel/include/priority_q.h is included (source file)...
(DEBUG) --> File is excluded.
(DEBUG) Check if /home/sufyan/Zephyr_IOMICO/zephyr-course/app/modules/ring_buf/kernel_internal.h##d53f9a5de702617b658ebe7dd715cfb5.gcov is included (trace)...
(DEBUG) --> File is excluded.
(DEBUG) Finding source file corresponding to a gcov data file
  gcov_fname   /home/sufyan/Zephyr_IOMICO/zephyr-course/app/modules/ring_buf/kernel_internal.h##d53f9a5de702617b658ebe7dd715cfb5.gcov
  current_dir  /home/sufyan/Zephyr_IOMICO/zephyr-course/app/modules/ring_buf
  root         /home/sufyan/Zephyr_IOMICO/zephyr-course/app/modules/ring_buf
  starting_dir /home/sufyan/Zephyr_IOMICO/zephyr-course
  obj_dir      None
  gcda_fname   ../../../twister-out/native_sim_native/host/homework.unit.ring_buf/zephyr/kernel/CMakeFiles/kernel.dir/pipe.c.gcno
  --> fname    /home/sufyan/Zephyr_IOMICO/deps/zephyr/kernel/include/kernel_internal.h
(DEBUG) Check if /home/sufyan/Zephyr_IOMICO/deps/zephyr/kernel/include/kernel_internal.h is included (source file)...
(DEBUG) --> File is excluded.
(DEBUG) Check if /home/sufyan/Zephyr_IOMICO/zephyr-course/app/modules/ring_buf/kthread.h##b13e19e9523584ac2e7cfe73fddb2b9b.gcov is included (trace)...
(DEBUG) --> File is excluded.
(DEBUG) Finding source file corresponding to a gcov data file
  gcov_fname   /home/sufyan/Zephyr_IOMICO/zephyr-course/app/modules/ring_buf/kthread.h##b13e19e9523584ac2e7cfe73fddb2b9b.gcov
  current_dir  /home/sufyan/Zephyr_IOMICO/zephyr-course/app/modules/ring_buf
  root         /home/sufyan/Zephyr_IOMICO/zephyr-course/app/modules/ring_buf
  starting_dir /home/sufyan/Zephyr_IOMICO/zephyr-course
  obj_dir      None
  gcda_fname   ../../../twister-out/native_sim_native/host/homework.unit.ring_buf/zephyr/kernel/CMakeFiles/kernel.dir/pipe.c.gcno
  --> fname    /home/sufyan/Zephyr_IOMICO/deps/zephyr/kernel/include/kthread.h
(DEBUG) Check if /home/sufyan/Zephyr_IOMICO/deps/zephyr/kernel/include/kthread.h is included (source file)...
(DEBUG) --> File is excluded.
(DEBUG) Check if /home/sufyan/Zephyr_IOMICO/zephyr-course/app/modules/ring_buf/ksched.h##ef11ea29545001937978f4e3e23cbf23.gcov is included (trace)...
(DEBUG) --> File is excluded.
(DEBUG) Finding source file corresponding to a gcov data file
  gcov_fname   /home/sufyan/Zephyr_IOMICO/zephyr-course/app/modules/ring_buf/ksched.h##ef11ea29545001937978f4e3e23cbf23.gcov
  current_dir  /home/sufyan/Zephyr_IOMICO/zephyr-course/app/modules/ring_buf
  root         /home/sufyan/Zephyr_IOMICO/zephyr-course/app/modules/ring_buf
  starting_dir /home/sufyan/Zephyr_IOMICO/zephyr-course
  obj_dir      None
  gcda_fname   ../../../twister-out/native_sim_native/host/homework.unit.ring_buf/zephyr/kernel/CMakeFiles/kernel.dir/pipe.c.gcno
  --> fname    /home/sufyan/Zephyr_IOMICO/deps/zephyr/kernel/include/ksched.h
(DEBUG) Check if /home/sufyan/Zephyr_IOMICO/deps/zephyr/kernel/include/ksched.h is included (source file)...
(DEBUG) --> File is excluded.
(DEBUG) Check if /home/sufyan/Zephyr_IOMICO/zephyr-course/app/modules/ring_buf/kobject_internal.h##d9e662f1f754d31d24eb20c0b43248dd.gcov is included (trace)...
(DEBUG) --> File is excluded.
(DEBUG) Finding source file corresponding to a gcov data file
  gcov_fname   /home/sufyan/Zephyr_IOMICO/zephyr-course/app/modules/ring_buf/kobject_internal.h##d9e662f1f754d31d24eb20c0b43248dd.gcov
  current_dir  /home/sufyan/Zephyr_IOMICO/zephyr-course/app/modules/ring_buf
  root         /home/sufyan/Zephyr_IOMICO/zephyr-course/app/modules/ring_buf
  starting_dir /home/sufyan/Zephyr_IOMICO/zephyr-course
  obj_dir      None
  gcda_fname   ../../../twister-out/native_sim_native/host/homework.unit.ring_buf/zephyr/kernel/CMakeFiles/kernel.dir/pipe.c.gcno
  --> fname    /home/sufyan/Zephyr_IOMICO/deps/zephyr/include/zephyr/sys/internal/kobject_internal.h
(DEBUG) Check if /home/sufyan/Zephyr_IOMICO/deps/zephyr/include/zephyr/sys/internal/kobject_internal.h is included (source file)...
(DEBUG) --> File is excluded.
(DEBUG) Check if /home/sufyan/Zephyr_IOMICO/zephyr-course/app/modules/ring_buf/kernel_arch_func.h##88c66a408d50fc91e01e60b8add8a403.gcov is included (trace)...
(DEBUG) --> File is excluded.
(DEBUG) Finding source file corresponding to a gcov data file
  gcov_fname   /home/sufyan/Zephyr_IOMICO/zephyr-course/app/modules/ring_buf/kernel_arch_func.h##88c66a408d50fc91e01e60b8add8a403.gcov
  current_dir  /home/sufyan/Zephyr_IOMICO/zephyr-course/app/modules/ring_buf
  root         /home/sufyan/Zephyr_IOMICO/zephyr-course/app/modules/ring_buf
  starting_dir /home/sufyan/Zephyr_IOMICO/zephyr-course
  obj_dir      None
  gcda_fname   ../../../twister-out/native_sim_native/host/homework.unit.ring_buf/zephyr/kernel/CMakeFiles/kernel.dir/pipe.c.gcno
  --> fname    /home/sufyan/Zephyr_IOMICO/deps/zephyr/arch/posix/include/kernel_arch_func.h
(DEBUG) Check if /home/sufyan/Zephyr_IOMICO/deps/zephyr/arch/posix/include/kernel_arch_func.h is included (source file)...
(DEBUG) --> File is excluded.
(DEBUG) Check if /home/sufyan/Zephyr_IOMICO/zephyr-course/app/modules/ring_buf/arch.h##dc70e81a221e00a96b5b011e55795c6f.gcov is included (trace)...
(DEBUG) --> File is excluded.
(DEBUG) Finding source file corresponding to a gcov data file
  gcov_fname   /home/sufyan/Zephyr_IOMICO/zephyr-course/app/modules/ring_buf/arch.h##dc70e81a221e00a96b5b011e55795c6f.gcov
  current_dir  /home/sufyan/Zephyr_IOMICO/zephyr-course/app/modules/ring_buf
  root         /home/sufyan/Zephyr_IOMICO/zephyr-course/app/modules/ring_buf
  starting_dir /home/sufyan/Zephyr_IOMICO/zephyr-course
  obj_dir      None
  gcda_fname   ../../../twister-out/native_sim_native/host/homework.unit.ring_buf/zephyr/kernel/CMakeFiles/kernel.dir/pipe.c.gcno
  --> fname    /home/sufyan/Zephyr_IOMICO/deps/zephyr/include/zephyr/arch/posix/arch.h
(DEBUG) Check if /home/sufyan/Zephyr_IOMICO/deps/zephyr/include/zephyr/arch/posix/arch.h is included (source file)...
(DEBUG) --> File is excluded.
(DEBUG) Check if /home/sufyan/Zephyr_IOMICO/zephyr-course/app/modules/ring_buf/spinlock.h##ac54c28a46b90c889de3665abac3ef1a.gcov is included (trace)...
(DEBUG) --> File is excluded.
(DEBUG) Finding source file corresponding to a gcov data file
  gcov_fname   /home/sufyan/Zephyr_IOMICO/zephyr-course/app/modules/ring_buf/spinlock.h##ac54c28a46b90c889de3665abac3ef1a.gcov
  current_dir  /home/sufyan/Zephyr_IOMICO/zephyr-course/app/modules/ring_buf
  root         /home/sufyan/Zephyr_IOMICO/zephyr-course/app/modules/ring_buf
  starting_dir /home/sufyan/Zephyr_IOMICO/zephyr-course
  obj_dir      None
  gcda_fname   ../../../twister-out/native_sim_native/host/homework.unit.ring_buf/zephyr/kernel/CMakeFiles/kernel.dir/pipe.c.gcno
  --> fname    /home/sufyan/Zephyr_IOMICO/deps/zephyr/include/zephyr/spinlock.h
(DEBUG) Check if /home/sufyan/Zephyr_IOMICO/deps/zephyr/include/zephyr/spinlock.h is included (source file)...
(DEBUG) --> File is excluded.
(DEBUG) Check if /home/sufyan/Zephyr_IOMICO/zephyr-course/app/modules/ring_buf/timeout_q.h##569a3e528a9234fdc294fc6409c26869.gcov is included (trace)...
(DEBUG) --> File is excluded.
(DEBUG) Finding source file corresponding to a gcov data file
  gcov_fname   /home/sufyan/Zephyr_IOMICO/zephyr-course/app/modules/ring_buf/timeout_q.h##569a3e528a9234fdc294fc6409c26869.gcov
  current_dir  /home/sufyan/Zephyr_IOMICO/zephyr-course/app/modules/ring_buf
  root         /home/sufyan/Zephyr_IOMICO/zephyr-course/app/modules/ring_buf
  starting_dir /home/sufyan/Zephyr_IOMICO/zephyr-course
  obj_dir      None
  gcda_fname   ../../../twister-out/native_sim_native/host/homework.unit.ring_buf/zephyr/kernel/CMakeFiles/kernel.dir/pipe.c.gcno
  --> fname    /home/sufyan/Zephyr_IOMICO/deps/zephyr/kernel/include/timeout_q.h
(DEBUG) Check if /home/sufyan/Zephyr_IOMICO/deps/zephyr/kernel/include/timeout_q.h is included (source file)...
(DEBUG) --> File is excluded.
(DEBUG) Check if /home/sufyan/Zephyr_IOMICO/zephyr-course/app/modules/ring_buf/pipe.c##f686d789e781462daf9b69218f25f092.gcov is included (trace)...
(DEBUG)   No filter matched.
(DEBUG) --> File is excluded.
(DEBUG) Finding source file corresponding to a gcov data file
  gcov_fname   /home/sufyan/Zephyr_IOMICO/zephyr-course/app/modules/ring_buf/pipe.c##f686d789e781462daf9b69218f25f092.gcov
  current_dir  /home/sufyan/Zephyr_IOMICO/zephyr-course/app/modules/ring_buf
  root         /home/sufyan/Zephyr_IOMICO/zephyr-course/app/modules/ring_buf
  starting_dir /home/sufyan/Zephyr_IOMICO/zephyr-course
  obj_dir      None
  gcda_fname   ../../../twister-out/native_sim_native/host/homework.unit.ring_buf/zephyr/kernel/CMakeFiles/kernel.dir/pipe.c.gcno
  --> fname    /home/sufyan/Zephyr_IOMICO/deps/zephyr/kernel/pipe.c
(DEBUG) Check if /home/sufyan/Zephyr_IOMICO/deps/zephyr/kernel/pipe.c is included (source file)...
(DEBUG)   No filter matched.
(DEBUG) --> File is excluded.
(DEBUG) Check if /home/sufyan/Zephyr_IOMICO/zephyr-course/app/modules/ring_buf/wait_q.h##139d40669c3ee194b82a2646c4f8e821.gcov is included (trace)...
(DEBUG) --> File is excluded.
(DEBUG) Finding source file corresponding to a gcov data file
  gcov_fname   /home/sufyan/Zephyr_IOMICO/zephyr-course/app/modules/ring_buf/wait_q.h##139d40669c3ee194b82a2646c4f8e821.gcov
  current_dir  /home/sufyan/Zephyr_IOMICO/zephyr-course/app/modules/ring_buf
  root         /home/sufyan/Zephyr_IOMICO/zephyr-course/app/modules/ring_buf
  starting_dir /home/sufyan/Zephyr_IOMICO/zephyr-course
  obj_dir      None
  gcda_fname   ../../../twister-out/native_sim_native/host/homework.unit.ring_buf/zephyr/kernel/CMakeFiles/kernel.dir/pipe.c.gcno
  --> fname    /home/sufyan/Zephyr_IOMICO/deps/zephyr/kernel/include/wait_q.h
(DEBUG) Check if /home/sufyan/Zephyr_IOMICO/deps/zephyr/kernel/include/wait_q.h is included (source file)...
(DEBUG) --> File is excluded.
(DEBUG) Check if /home/sufyan/Zephyr_IOMICO/zephyr-course/app/modules/ring_buf/dlist.h##8b38c32f07439f20ffdd7079fc0c40eb.gcov is included (trace)...
(DEBUG) --> File is excluded.
(DEBUG) Finding source file corresponding to a gcov data file
  gcov_fname   /home/sufyan/Zephyr_IOMICO/zephyr-course/app/modules/ring_buf/dlist.h##8b38c32f07439f20ffdd7079fc0c40eb.gcov
  current_dir  /home/sufyan/Zephyr_IOMICO/zephyr-course/app/modules/ring_buf
  root         /home/sufyan/Zephyr_IOMICO/zephyr-course/app/modules/ring_buf
  starting_dir /home/sufyan/Zephyr_IOMICO/zephyr-course
  obj_dir      None
  gcda_fname   ../../../twister-out/native_sim_native/host/homework.unit.ring_buf/zephyr/kernel/CMakeFiles/kernel.dir/pipe.c.gcno
  --> fname    /home/sufyan/Zephyr_IOMICO/deps/zephyr/include/zephyr/sys/dlist.h
(DEBUG) Check if /home/sufyan/Zephyr_IOMICO/deps/zephyr/include/zephyr/sys/dlist.h is included (source file)...
(DEBUG) --> File is excluded.
(DEBUG) Check if /home/sufyan/Zephyr_IOMICO/zephyr-course/app/modules/ring_buf/ring_buffer.h##779e003f3c4eaffb557c5a0052ac92b2.gcov is included (trace)...
(DEBUG) --> File is excluded.
(DEBUG) Finding source file corresponding to a gcov data file
  gcov_fname   /home/sufyan/Zephyr_IOMICO/zephyr-course/app/modules/ring_buf/ring_buffer.h##779e003f3c4eaffb557c5a0052ac92b2.gcov
  current_dir  /home/sufyan/Zephyr_IOMICO/zephyr-course/app/modules/ring_buf
  root         /home/sufyan/Zephyr_IOMICO/zephyr-course/app/modules/ring_buf
  starting_dir /home/sufyan/Zephyr_IOMICO/zephyr-course
  obj_dir      None
  gcda_fname   ../../../twister-out/native_sim_native/host/homework.unit.ring_buf/zephyr/kernel/CMakeFiles/kernel.dir/pipe.c.gcno
  --> fname    /home/sufyan/Zephyr_IOMICO/deps/zephyr/include/zephyr/sys/ring_buffer.h
(DEBUG) Check if /home/sufyan/Zephyr_IOMICO/deps/zephyr/include/zephyr/sys/ring_buffer.h is included (source file)...
(DEBUG) --> File is excluded.
(DEBUG) Check if /home/sufyan/Zephyr_IOMICO/zephyr-course/twister-out/native_sim_native/host/homework.unit.ring_buf/zephyr/kernel/CMakeFiles/kernel.dir/queue.c.gcno is included (trace)...
(DEBUG)   No filter matched.
(DEBUG) --> File is excluded.
(DEBUG) Check if /home/sufyan/Zephyr_IOMICO/zephyr-course/twister-out/native_sim_native/host/homework.unit.ring_buf/zephyr/kernel/CMakeFiles/kernel.dir/queue.c.gcno is included (trace)...
(DEBUG) --> File is excluded.
(DEBUG) Check if queue.c##559326fe209b5f46eb494efbcb03b4c6.gcov is included (gcov file)...
(DEBUG)   Filter AlwaysMatchFilter() matched.
(DEBUG) --> File is included.
(DEBUG) Check if ksched.h##ef11ea29545001937978f4e3e23cbf23.gcov is included (gcov file)...
(DEBUG) --> File is included.
(DEBUG) Check if kthread.h##b13e19e9523584ac2e7cfe73fddb2b9b.gcov is included (gcov file)...
(DEBUG) --> File is included.
(DEBUG) Check if kernel_internal.h##d53f9a5de702617b658ebe7dd715cfb5.gcov is included (gcov file)...
(DEBUG) --> File is included.
(DEBUG) Check if kernel_arch_func.h##88c66a408d50fc91e01e60b8add8a403.gcov is included (gcov file)...
(DEBUG) --> File is included.
(DEBUG) Check if wait_q.h##139d40669c3ee194b82a2646c4f8e821.gcov is included (gcov file)...
(DEBUG) --> File is included.
(DEBUG) Check if priority_q.h##e09451b433d85721cb295db4cbfe45f5.gcov is included (gcov file)...
(DEBUG) --> File is included.
(DEBUG) Check if timeout_q.h##569a3e528a9234fdc294fc6409c26869.gcov is included (gcov file)...
(DEBUG) --> File is included.
(DEBUG) Check if kobject_internal.h##d9e662f1f754d31d24eb20c0b43248dd.gcov is included (gcov file)...
(DEBUG) --> File is included.
(DEBUG) Check if spinlock.h##ac54c28a46b90c889de3665abac3ef1a.gcov is included (gcov file)...
(DEBUG) --> File is included.
(DEBUG) Check if arch.h##dc70e81a221e00a96b5b011e55795c6f.gcov is included (gcov file)...
(DEBUG) --> File is included.
(DEBUG) Check if sflist.h##a15f91b7aac9281938d4f15f41d459ca.gcov is included (gcov file)...
(DEBUG)   Filter AlwaysMatchFilter() matched.
(DEBUG) --> File is included.
(DEBUG) Check if slist.h##a2be9c325ed0449952d94437f6b2e046.gcov is included (gcov file)...
(DEBUG) --> File is included.
(DEBUG) Check if dlist.h##8b38c32f07439f20ffdd7079fc0c40eb.gcov is included (gcov file)...
(DEBUG) --> File is included.
(DEBUG) Check if /home/sufyan/Zephyr_IOMICO/zephyr-course/app/modules/ring_buf/priority_q.h##e09451b433d85721cb295db4cbfe45f5.gcov is included (trace)...
(DEBUG) --> File is excluded.
(DEBUG) Finding source file corresponding to a gcov data file
  gcov_fname   /home/sufyan/Zephyr_IOMICO/zephyr-course/app/modules/ring_buf/priority_q.h##e09451b433d85721cb295db4cbfe45f5.gcov
  current_dir  /home/sufyan/Zephyr_IOMICO/zephyr-course/app/modules/ring_buf
  root         /home/sufyan/Zephyr_IOMICO/zephyr-course/app/modules/ring_buf
  starting_dir /home/sufyan/Zephyr_IOMICO/zephyr-course
  obj_dir      None
  gcda_fname   ../../../twister-out/native_sim_native/host/homework.unit.ring_buf/zephyr/kernel/CMakeFiles/kernel.dir/queue.c.gcno
  --> fname    /home/sufyan/Zephyr_IOMICO/deps/zephyr/kernel/include/priority_q.h
(DEBUG) Check if /home/sufyan/Zephyr_IOMICO/deps/zephyr/kernel/include/priority_q.h is included (source file)...
(DEBUG) --> File is excluded.
(DEBUG) Check if /home/sufyan/Zephyr_IOMICO/zephyr-course/app/modules/ring_buf/kernel_internal.h##d53f9a5de702617b658ebe7dd715cfb5.gcov is included (trace)...
(DEBUG) --> File is excluded.
(DEBUG) Finding source file corresponding to a gcov data file
  gcov_fname   /home/sufyan/Zephyr_IOMICO/zephyr-course/app/modules/ring_buf/kernel_internal.h##d53f9a5de702617b658ebe7dd715cfb5.gcov
  current_dir  /home/sufyan/Zephyr_IOMICO/zephyr-course/app/modules/ring_buf
  root         /home/sufyan/Zephyr_IOMICO/zephyr-course/app/modules/ring_buf
  starting_dir /home/sufyan/Zephyr_IOMICO/zephyr-course
  obj_dir      None
  gcda_fname   ../../../twister-out/native_sim_native/host/homework.unit.ring_buf/zephyr/kernel/CMakeFiles/kernel.dir/queue.c.gcno
  --> fname    /home/sufyan/Zephyr_IOMICO/deps/zephyr/kernel/include/kernel_internal.h
(DEBUG) Check if /home/sufyan/Zephyr_IOMICO/deps/zephyr/kernel/include/kernel_internal.h is included (source file)...
(DEBUG) --> File is excluded.
(DEBUG) Check if /home/sufyan/Zephyr_IOMICO/zephyr-course/app/modules/ring_buf/kthread.h##b13e19e9523584ac2e7cfe73fddb2b9b.gcov is included (trace)...
(DEBUG) --> File is excluded.
(DEBUG) Finding source file corresponding to a gcov data file
  gcov_fname   /home/sufyan/Zephyr_IOMICO/zephyr-course/app/modules/ring_buf/kthread.h##b13e19e9523584ac2e7cfe73fddb2b9b.gcov
  current_dir  /home/sufyan/Zephyr_IOMICO/zephyr-course/app/modules/ring_buf
  root         /home/sufyan/Zephyr_IOMICO/zephyr-course/app/modules/ring_buf
  starting_dir /home/sufyan/Zephyr_IOMICO/zephyr-course
  obj_dir      None
  gcda_fname   ../../../twister-out/native_sim_native/host/homework.unit.ring_buf/zephyr/kernel/CMakeFiles/kernel.dir/queue.c.gcno
  --> fname    /home/sufyan/Zephyr_IOMICO/deps/zephyr/kernel/include/kthread.h
(DEBUG) Check if /home/sufyan/Zephyr_IOMICO/deps/zephyr/kernel/include/kthread.h is included (source file)...
(DEBUG) --> File is excluded.
(DEBUG) Check if /home/sufyan/Zephyr_IOMICO/zephyr-course/app/modules/ring_buf/ksched.h##ef11ea29545001937978f4e3e23cbf23.gcov is included (trace)...
(DEBUG) --> File is excluded.
(DEBUG) Finding source file corresponding to a gcov data file
  gcov_fname   /home/sufyan/Zephyr_IOMICO/zephyr-course/app/modules/ring_buf/ksched.h##ef11ea29545001937978f4e3e23cbf23.gcov
  current_dir  /home/sufyan/Zephyr_IOMICO/zephyr-course/app/modules/ring_buf
  root         /home/sufyan/Zephyr_IOMICO/zephyr-course/app/modules/ring_buf
  starting_dir /home/sufyan/Zephyr_IOMICO/zephyr-course
  obj_dir      None
  gcda_fname   ../../../twister-out/native_sim_native/host/homework.unit.ring_buf/zephyr/kernel/CMakeFiles/kernel.dir/queue.c.gcno
  --> fname    /home/sufyan/Zephyr_IOMICO/deps/zephyr/kernel/include/ksched.h
(DEBUG) Check if /home/sufyan/Zephyr_IOMICO/deps/zephyr/kernel/include/ksched.h is included (source file)...
(DEBUG) --> File is excluded.
(DEBUG) Check if /home/sufyan/Zephyr_IOMICO/zephyr-course/app/modules/ring_buf/kobject_internal.h##d9e662f1f754d31d24eb20c0b43248dd.gcov is included (trace)...
(DEBUG) --> File is excluded.
(DEBUG) Finding source file corresponding to a gcov data file
  gcov_fname   /home/sufyan/Zephyr_IOMICO/zephyr-course/app/modules/ring_buf/kobject_internal.h##d9e662f1f754d31d24eb20c0b43248dd.gcov
  current_dir  /home/sufyan/Zephyr_IOMICO/zephyr-course/app/modules/ring_buf
  root         /home/sufyan/Zephyr_IOMICO/zephyr-course/app/modules/ring_buf
  starting_dir /home/sufyan/Zephyr_IOMICO/zephyr-course
  obj_dir      None
  gcda_fname   ../../../twister-out/native_sim_native/host/homework.unit.ring_buf/zephyr/kernel/CMakeFiles/kernel.dir/queue.c.gcno
  --> fname    /home/sufyan/Zephyr_IOMICO/deps/zephyr/include/zephyr/sys/internal/kobject_internal.h
(DEBUG) Check if /home/sufyan/Zephyr_IOMICO/deps/zephyr/include/zephyr/sys/internal/kobject_internal.h is included (source file)...
(DEBUG) --> File is excluded.
(DEBUG) Check if /home/sufyan/Zephyr_IOMICO/zephyr-course/app/modules/ring_buf/kernel_arch_func.h##88c66a408d50fc91e01e60b8add8a403.gcov is included (trace)...
(DEBUG) --> File is excluded.
(DEBUG) Finding source file corresponding to a gcov data file
  gcov_fname   /home/sufyan/Zephyr_IOMICO/zephyr-course/app/modules/ring_buf/kernel_arch_func.h##88c66a408d50fc91e01e60b8add8a403.gcov
  current_dir  /home/sufyan/Zephyr_IOMICO/zephyr-course/app/modules/ring_buf
  root         /home/sufyan/Zephyr_IOMICO/zephyr-course/app/modules/ring_buf
  starting_dir /home/sufyan/Zephyr_IOMICO/zephyr-course
  obj_dir      None
  gcda_fname   ../../../twister-out/native_sim_native/host/homework.unit.ring_buf/zephyr/kernel/CMakeFiles/kernel.dir/queue.c.gcno
  --> fname    /home/sufyan/Zephyr_IOMICO/deps/zephyr/arch/posix/include/kernel_arch_func.h
(DEBUG) Check if /home/sufyan/Zephyr_IOMICO/deps/zephyr/arch/posix/include/kernel_arch_func.h is included (source file)...
(DEBUG) --> File is excluded.
(DEBUG) Check if /home/sufyan/Zephyr_IOMICO/zephyr-course/app/modules/ring_buf/arch.h##dc70e81a221e00a96b5b011e55795c6f.gcov is included (trace)...
(DEBUG) --> File is excluded.
(DEBUG) Finding source file corresponding to a gcov data file
  gcov_fname   /home/sufyan/Zephyr_IOMICO/zephyr-course/app/modules/ring_buf/arch.h##dc70e81a221e00a96b5b011e55795c6f.gcov
  current_dir  /home/sufyan/Zephyr_IOMICO/zephyr-course/app/modules/ring_buf
  root         /home/sufyan/Zephyr_IOMICO/zephyr-course/app/modules/ring_buf
  starting_dir /home/sufyan/Zephyr_IOMICO/zephyr-course
  obj_dir      None
  gcda_fname   ../../../twister-out/native_sim_native/host/homework.unit.ring_buf/zephyr/kernel/CMakeFiles/kernel.dir/queue.c.gcno
  --> fname    /home/sufyan/Zephyr_IOMICO/deps/zephyr/include/zephyr/arch/posix/arch.h
(DEBUG) Check if /home/sufyan/Zephyr_IOMICO/deps/zephyr/include/zephyr/arch/posix/arch.h is included (source file)...
(DEBUG) --> File is excluded.
(DEBUG) Check if /home/sufyan/Zephyr_IOMICO/zephyr-course/app/modules/ring_buf/spinlock.h##ac54c28a46b90c889de3665abac3ef1a.gcov is included (trace)...
(DEBUG) --> File is excluded.
(DEBUG) Finding source file corresponding to a gcov data file
  gcov_fname   /home/sufyan/Zephyr_IOMICO/zephyr-course/app/modules/ring_buf/spinlock.h##ac54c28a46b90c889de3665abac3ef1a.gcov
  current_dir  /home/sufyan/Zephyr_IOMICO/zephyr-course/app/modules/ring_buf
  root         /home/sufyan/Zephyr_IOMICO/zephyr-course/app/modules/ring_buf
  starting_dir /home/sufyan/Zephyr_IOMICO/zephyr-course
  obj_dir      None
  gcda_fname   ../../../twister-out/native_sim_native/host/homework.unit.ring_buf/zephyr/kernel/CMakeFiles/kernel.dir/queue.c.gcno
  --> fname    /home/sufyan/Zephyr_IOMICO/deps/zephyr/include/zephyr/spinlock.h
(DEBUG) Check if /home/sufyan/Zephyr_IOMICO/deps/zephyr/include/zephyr/spinlock.h is included (source file)...
(DEBUG) --> File is excluded.
(DEBUG) Check if /home/sufyan/Zephyr_IOMICO/zephyr-course/app/modules/ring_buf/slist.h##a2be9c325ed0449952d94437f6b2e046.gcov is included (trace)...
(DEBUG) --> File is excluded.
(DEBUG) Finding source file corresponding to a gcov data file
  gcov_fname   /home/sufyan/Zephyr_IOMICO/zephyr-course/app/modules/ring_buf/slist.h##a2be9c325ed0449952d94437f6b2e046.gcov
  current_dir  /home/sufyan/Zephyr_IOMICO/zephyr-course/app/modules/ring_buf
  root         /home/sufyan/Zephyr_IOMICO/zephyr-course/app/modules/ring_buf
  starting_dir /home/sufyan/Zephyr_IOMICO/zephyr-course
  obj_dir      None
  gcda_fname   ../../../twister-out/native_sim_native/host/homework.unit.ring_buf/zephyr/kernel/CMakeFiles/kernel.dir/queue.c.gcno
  --> fname    /home/sufyan/Zephyr_IOMICO/deps/zephyr/include/zephyr/sys/slist.h
(DEBUG) Check if /home/sufyan/Zephyr_IOMICO/deps/zephyr/include/zephyr/sys/slist.h is included (source file)...
(DEBUG) --> File is excluded.
(DEBUG) Check if /home/sufyan/Zephyr_IOMICO/zephyr-course/app/modules/ring_buf/timeout_q.h##569a3e528a9234fdc294fc6409c26869.gcov is included (trace)...
(DEBUG) --> File is excluded.
(DEBUG) Finding source file corresponding to a gcov data file
  gcov_fname   /home/sufyan/Zephyr_IOMICO/zephyr-course/app/modules/ring_buf/timeout_q.h##569a3e528a9234fdc294fc6409c26869.gcov
  current_dir  /home/sufyan/Zephyr_IOMICO/zephyr-course/app/modules/ring_buf
  root         /home/sufyan/Zephyr_IOMICO/zephyr-course/app/modules/ring_buf
  starting_dir /home/sufyan/Zephyr_IOMICO/zephyr-course
  obj_dir      None
  gcda_fname   ../../../twister-out/native_sim_native/host/homework.unit.ring_buf/zephyr/kernel/CMakeFiles/kernel.dir/queue.c.gcno
  --> fname    /home/sufyan/Zephyr_IOMICO/deps/zephyr/kernel/include/timeout_q.h
(DEBUG) Check if /home/sufyan/Zephyr_IOMICO/deps/zephyr/kernel/include/timeout_q.h is included (source file)...
(DEBUG) --> File is excluded.
(DEBUG) Check if /home/sufyan/Zephyr_IOMICO/zephyr-course/app/modules/ring_buf/queue.c##559326fe209b5f46eb494efbcb03b4c6.gcov is included (trace)...
(DEBUG)   No filter matched.
(DEBUG) --> File is excluded.
(DEBUG) Finding source file corresponding to a gcov data file
  gcov_fname   /home/sufyan/Zephyr_IOMICO/zephyr-course/app/modules/ring_buf/queue.c##559326fe209b5f46eb494efbcb03b4c6.gcov
  current_dir  /home/sufyan/Zephyr_IOMICO/zephyr-course/app/modules/ring_buf
  root         /home/sufyan/Zephyr_IOMICO/zephyr-course/app/modules/ring_buf
  starting_dir /home/sufyan/Zephyr_IOMICO/zephyr-course
  obj_dir      None
  gcda_fname   ../../../twister-out/native_sim_native/host/homework.unit.ring_buf/zephyr/kernel/CMakeFiles/kernel.dir/queue.c.gcno
  --> fname    /home/sufyan/Zephyr_IOMICO/deps/zephyr/kernel/queue.c
(DEBUG) Check if /home/sufyan/Zephyr_IOMICO/deps/zephyr/kernel/queue.c is included (source file)...
(DEBUG)   No filter matched.
(DEBUG) --> File is excluded.
(DEBUG) Check if /home/sufyan/Zephyr_IOMICO/zephyr-course/app/modules/ring_buf/wait_q.h##139d40669c3ee194b82a2646c4f8e821.gcov is included (trace)...
(DEBUG) --> File is excluded.
(DEBUG) Finding source file corresponding to a gcov data file
  gcov_fname   /home/sufyan/Zephyr_IOMICO/zephyr-course/app/modules/ring_buf/wait_q.h##139d40669c3ee194b82a2646c4f8e821.gcov
  current_dir  /home/sufyan/Zephyr_IOMICO/zephyr-course/app/modules/ring_buf
  root         /home/sufyan/Zephyr_IOMICO/zephyr-course/app/modules/ring_buf
  starting_dir /home/sufyan/Zephyr_IOMICO/zephyr-course
  obj_dir      None
  gcda_fname   ../../../twister-out/native_sim_native/host/homework.unit.ring_buf/zephyr/kernel/CMakeFiles/kernel.dir/queue.c.gcno
  --> fname    /home/sufyan/Zephyr_IOMICO/deps/zephyr/kernel/include/wait_q.h
(DEBUG) Check if /home/sufyan/Zephyr_IOMICO/deps/zephyr/kernel/include/wait_q.h is included (source file)...
(DEBUG) --> File is excluded.
(DEBUG) Check if /home/sufyan/Zephyr_IOMICO/zephyr-course/app/modules/ring_buf/dlist.h##8b38c32f07439f20ffdd7079fc0c40eb.gcov is included (trace)...
(DEBUG) --> File is excluded.
(DEBUG) Finding source file corresponding to a gcov data file
  gcov_fname   /home/sufyan/Zephyr_IOMICO/zephyr-course/app/modules/ring_buf/dlist.h##8b38c32f07439f20ffdd7079fc0c40eb.gcov
  current_dir  /home/sufyan/Zephyr_IOMICO/zephyr-course/app/modules/ring_buf
  root         /home/sufyan/Zephyr_IOMICO/zephyr-course/app/modules/ring_buf
  starting_dir /home/sufyan/Zephyr_IOMICO/zephyr-course
  obj_dir      None
  gcda_fname   ../../../twister-out/native_sim_native/host/homework.unit.ring_buf/zephyr/kernel/CMakeFiles/kernel.dir/queue.c.gcno
  --> fname    /home/sufyan/Zephyr_IOMICO/deps/zephyr/include/zephyr/sys/dlist.h
(DEBUG) Check if /home/sufyan/Zephyr_IOMICO/deps/zephyr/include/zephyr/sys/dlist.h is included (source file)...
(DEBUG) --> File is excluded.
(DEBUG) Check if /home/sufyan/Zephyr_IOMICO/zephyr-course/app/modules/ring_buf/sflist.h##a15f91b7aac9281938d4f15f41d459ca.gcov is included (trace)...
(DEBUG)   No filter matched.
(DEBUG) --> File is excluded.
(DEBUG) Finding source file corresponding to a gcov data file
  gcov_fname   /home/sufyan/Zephyr_IOMICO/zephyr-course/app/modules/ring_buf/sflist.h##a15f91b7aac9281938d4f15f41d459ca.gcov
  current_dir  /home/sufyan/Zephyr_IOMICO/zephyr-course/app/modules/ring_buf
  root         /home/sufyan/Zephyr_IOMICO/zephyr-course/app/modules/ring_buf
  starting_dir /home/sufyan/Zephyr_IOMICO/zephyr-course
  obj_dir      None
  gcda_fname   ../../../twister-out/native_sim_native/host/homework.unit.ring_buf/zephyr/kernel/CMakeFiles/kernel.dir/queue.c.gcno
  --> fname    /home/sufyan/Zephyr_IOMICO/deps/zephyr/include/zephyr/sys/sflist.h
(DEBUG) Check if /home/sufyan/Zephyr_IOMICO/deps/zephyr/include/zephyr/sys/sflist.h is included (source file)...
(DEBUG)   No filter matched.
(DEBUG) --> File is excluded.
(DEBUG) Check if /home/sufyan/Zephyr_IOMICO/zephyr-course/twister-out/native_sim_native/host/homework.unit.ring_buf/zephyr/kernel/CMakeFiles/kernel.dir/sched.c.gcda is included (trace)...
(DEBUG)   No filter matched.
(DEBUG) --> File is excluded.
(DEBUG) Check if /home/sufyan/Zephyr_IOMICO/zephyr-course/twister-out/native_sim_native/host/homework.unit.ring_buf/zephyr/kernel/CMakeFiles/kernel.dir/sched.c.gcda is included (trace)...
(DEBUG) --> File is excluded.
(DEBUG) Check if sched.c##6edb8e8a15c4ff10be8e3724f87e8c62.gcov is included (gcov file)...
(DEBUG)   Filter AlwaysMatchFilter() matched.
(DEBUG) --> File is included.
(DEBUG) Check if log_msg.h##c3d7a43353dd151ee47d3c13d66651b3.gcov is included (gcov file)...
(DEBUG) --> File is included.
(DEBUG) Check if kswap.h##9a5fdfd549e93061b332a272726a5dc5.gcov is included (gcov file)...
(DEBUG) --> File is included.
(DEBUG) Check if wait_q.h##139d40669c3ee194b82a2646c4f8e821.gcov is included (gcov file)...
(DEBUG) --> File is included.
(DEBUG) Check if ksched.h##ef11ea29545001937978f4e3e23cbf23.gcov is included (gcov file)...
(DEBUG) --> File is included.
(DEBUG) Check if priority_q.h##e09451b433d85721cb295db4cbfe45f5.gcov is included (gcov file)...
(DEBUG) --> File is included.
(DEBUG) Check if kthread.h##b13e19e9523584ac2e7cfe73fddb2b9b.gcov is included (gcov file)...
(DEBUG) --> File is included.
(DEBUG) Check if timeout_q.h##569a3e528a9234fdc294fc6409c26869.gcov is included (gcov file)...
(DEBUG) --> File is included.
(DEBUG) Check if kernel_internal.h##d53f9a5de702617b658ebe7dd715cfb5.gcov is included (gcov file)...
(DEBUG) --> File is included.
(DEBUG) Check if kernel_arch_func.h##88c66a408d50fc91e01e60b8add8a403.gcov is included (gcov file)...
(DEBUG) --> File is included.
(DEBUG) Check if kernel.h##613194e766979d51f14f46fda6f8f0e6.gcov is included (gcov file)...
(DEBUG) --> File is included.
(DEBUG) Check if kernel.h##0603b591ac855b4a2926257de0e213f1.gcov is included (gcov file)...
(DEBUG) --> File is included.
(DEBUG) Check if spinlock.h##ac54c28a46b90c889de3665abac3ef1a.gcov is included (gcov file)...
(DEBUG) --> File is included.
(DEBUG) Check if arch.h##dc70e81a221e00a96b5b011e55795c6f.gcov is included (gcov file)...
(DEBUG) --> File is included.
(DEBUG) Check if dlist.h##8b38c32f07439f20ffdd7079fc0c40eb.gcov is included (gcov file)...
(DEBUG) --> File is included.
(DEBUG) Check if /home/sufyan/Zephyr_IOMICO/zephyr-course/app/modules/ring_buf/priority_q.h##e09451b433d85721cb295db4cbfe45f5.gcov is included (trace)...
(DEBUG) --> File is excluded.
(DEBUG) Finding source file corresponding to a gcov data file
  gcov_fname   /home/sufyan/Zephyr_IOMICO/zephyr-course/app/modules/ring_buf/priority_q.h##e09451b433d85721cb295db4cbfe45f5.gcov
  current_dir  /home/sufyan/Zephyr_IOMICO/zephyr-course/app/modules/ring_buf
  root         /home/sufyan/Zephyr_IOMICO/zephyr-course/app/modules/ring_buf
  starting_dir /home/sufyan/Zephyr_IOMICO/zephyr-course
  obj_dir      None
  gcda_fname   ../../../twister-out/native_sim_native/host/homework.unit.ring_buf/zephyr/kernel/CMakeFiles/kernel.dir/sched.c.gcda
  --> fname    /home/sufyan/Zephyr_IOMICO/deps/zephyr/kernel/include/priority_q.h
(DEBUG) Check if /home/sufyan/Zephyr_IOMICO/deps/zephyr/kernel/include/priority_q.h is included (source file)...
(DEBUG) --> File is excluded.
(DEBUG) Check if /home/sufyan/Zephyr_IOMICO/zephyr-course/app/modules/ring_buf/kernel_internal.h##d53f9a5de702617b658ebe7dd715cfb5.gcov is included (trace)...
(DEBUG) --> File is excluded.
(DEBUG) Finding source file corresponding to a gcov data file
  gcov_fname   /home/sufyan/Zephyr_IOMICO/zephyr-course/app/modules/ring_buf/kernel_internal.h##d53f9a5de702617b658ebe7dd715cfb5.gcov
  current_dir  /home/sufyan/Zephyr_IOMICO/zephyr-course/app/modules/ring_buf
  root         /home/sufyan/Zephyr_IOMICO/zephyr-course/app/modules/ring_buf
  starting_dir /home/sufyan/Zephyr_IOMICO/zephyr-course
  obj_dir      None
  gcda_fname   ../../../twister-out/native_sim_native/host/homework.unit.ring_buf/zephyr/kernel/CMakeFiles/kernel.dir/sched.c.gcda
  --> fname    /home/sufyan/Zephyr_IOMICO/deps/zephyr/kernel/include/kernel_internal.h
(DEBUG) Check if /home/sufyan/Zephyr_IOMICO/deps/zephyr/kernel/include/kernel_internal.h is included (source file)...
(DEBUG) --> File is excluded.
(DEBUG) Check if /home/sufyan/Zephyr_IOMICO/zephyr-course/app/modules/ring_buf/kthread.h##b13e19e9523584ac2e7cfe73fddb2b9b.gcov is included (trace)...
(DEBUG) --> File is excluded.
(DEBUG) Finding source file corresponding to a gcov data file
  gcov_fname   /home/sufyan/Zephyr_IOMICO/zephyr-course/app/modules/ring_buf/kthread.h##b13e19e9523584ac2e7cfe73fddb2b9b.gcov
  current_dir  /home/sufyan/Zephyr_IOMICO/zephyr-course/app/modules/ring_buf
  root         /home/sufyan/Zephyr_IOMICO/zephyr-course/app/modules/ring_buf
  starting_dir /home/sufyan/Zephyr_IOMICO/zephyr-course
  obj_dir      None
  gcda_fname   ../../../twister-out/native_sim_native/host/homework.unit.ring_buf/zephyr/kernel/CMakeFiles/kernel.dir/sched.c.gcda
  --> fname    /home/sufyan/Zephyr_IOMICO/deps/zephyr/kernel/include/kthread.h
(DEBUG) Check if /home/sufyan/Zephyr_IOMICO/deps/zephyr/kernel/include/kthread.h is included (source file)...
(DEBUG) --> File is excluded.
(DEBUG) Check if /home/sufyan/Zephyr_IOMICO/zephyr-course/app/modules/ring_buf/ksched.h##ef11ea29545001937978f4e3e23cbf23.gcov is included (trace)...
(DEBUG) --> File is excluded.
(DEBUG) Finding source file corresponding to a gcov data file
  gcov_fname   /home/sufyan/Zephyr_IOMICO/zephyr-course/app/modules/ring_buf/ksched.h##ef11ea29545001937978f4e3e23cbf23.gcov
  current_dir  /home/sufyan/Zephyr_IOMICO/zephyr-course/app/modules/ring_buf
  root         /home/sufyan/Zephyr_IOMICO/zephyr-course/app/modules/ring_buf
  starting_dir /home/sufyan/Zephyr_IOMICO/zephyr-course
  obj_dir      None
  gcda_fname   ../../../twister-out/native_sim_native/host/homework.unit.ring_buf/zephyr/kernel/CMakeFiles/kernel.dir/sched.c.gcda
  --> fname    /home/sufyan/Zephyr_IOMICO/deps/zephyr/kernel/include/ksched.h
(DEBUG) Check if /home/sufyan/Zephyr_IOMICO/deps/zephyr/kernel/include/ksched.h is included (source file)...
(DEBUG) --> File is excluded.
(DEBUG) Check if /home/sufyan/Zephyr_IOMICO/zephyr-course/app/modules/ring_buf/kernel_arch_func.h##88c66a408d50fc91e01e60b8add8a403.gcov is included (trace)...
(DEBUG) --> File is excluded.
(DEBUG) Finding source file corresponding to a gcov data file
  gcov_fname   /home/sufyan/Zephyr_IOMICO/zephyr-course/app/modules/ring_buf/kernel_arch_func.h##88c66a408d50fc91e01e60b8add8a403.gcov
  current_dir  /home/sufyan/Zephyr_IOMICO/zephyr-course/app/modules/ring_buf
  root         /home/sufyan/Zephyr_IOMICO/zephyr-course/app/modules/ring_buf
  starting_dir /home/sufyan/Zephyr_IOMICO/zephyr-course
  obj_dir      None
  gcda_fname   ../../../twister-out/native_sim_native/host/homework.unit.ring_buf/zephyr/kernel/CMakeFiles/kernel.dir/sched.c.gcda
  --> fname    /home/sufyan/Zephyr_IOMICO/deps/zephyr/arch/posix/include/kernel_arch_func.h
(DEBUG) Check if /home/sufyan/Zephyr_IOMICO/deps/zephyr/arch/posix/include/kernel_arch_func.h is included (source file)...
(DEBUG) --> File is excluded.
(DEBUG) Check if /home/sufyan/Zephyr_IOMICO/zephyr-course/app/modules/ring_buf/sched.c##6edb8e8a15c4ff10be8e3724f87e8c62.gcov is included (trace)...
(DEBUG)   No filter matched.
(DEBUG) --> File is excluded.
(DEBUG) Finding source file corresponding to a gcov data file
  gcov_fname   /home/sufyan/Zephyr_IOMICO/zephyr-course/app/modules/ring_buf/sched.c##6edb8e8a15c4ff10be8e3724f87e8c62.gcov
  current_dir  /home/sufyan/Zephyr_IOMICO/zephyr-course/app/modules/ring_buf
  root         /home/sufyan/Zephyr_IOMICO/zephyr-course/app/modules/ring_buf
  starting_dir /home/sufyan/Zephyr_IOMICO/zephyr-course
  obj_dir      None
  gcda_fname   ../../../twister-out/native_sim_native/host/homework.unit.ring_buf/zephyr/kernel/CMakeFiles/kernel.dir/sched.c.gcda
  --> fname    /home/sufyan/Zephyr_IOMICO/deps/zephyr/kernel/sched.c
(DEBUG) Check if /home/sufyan/Zephyr_IOMICO/deps/zephyr/kernel/sched.c is included (source file)...
(DEBUG)   No filter matched.
(DEBUG) --> File is excluded.
(DEBUG) Check if /home/sufyan/Zephyr_IOMICO/zephyr-course/app/modules/ring_buf/kswap.h##9a5fdfd549e93061b332a272726a5dc5.gcov is included (trace)...
(DEBUG) --> File is excluded.
(DEBUG) Finding source file corresponding to a gcov data file
  gcov_fname   /home/sufyan/Zephyr_IOMICO/zephyr-course/app/modules/ring_buf/kswap.h##9a5fdfd549e93061b332a272726a5dc5.gcov
  current_dir  /home/sufyan/Zephyr_IOMICO/zephyr-course/app/modules/ring_buf
  root         /home/sufyan/Zephyr_IOMICO/zephyr-course/app/modules/ring_buf
  starting_dir /home/sufyan/Zephyr_IOMICO/zephyr-course
  obj_dir      None
  gcda_fname   ../../../twister-out/native_sim_native/host/homework.unit.ring_buf/zephyr/kernel/CMakeFiles/kernel.dir/sched.c.gcda
  --> fname    /home/sufyan/Zephyr_IOMICO/deps/zephyr/kernel/include/kswap.h
(DEBUG) Check if /home/sufyan/Zephyr_IOMICO/deps/zephyr/kernel/include/kswap.h is included (source file)...
(DEBUG) --> File is excluded.
(DEBUG) Check if /home/sufyan/Zephyr_IOMICO/zephyr-course/app/modules/ring_buf/arch.h##dc70e81a221e00a96b5b011e55795c6f.gcov is included (trace)...
(DEBUG) --> File is excluded.
(DEBUG) Finding source file corresponding to a gcov data file
  gcov_fname   /home/sufyan/Zephyr_IOMICO/zephyr-course/app/modules/ring_buf/arch.h##dc70e81a221e00a96b5b011e55795c6f.gcov
  current_dir  /home/sufyan/Zephyr_IOMICO/zephyr-course/app/modules/ring_buf
  root         /home/sufyan/Zephyr_IOMICO/zephyr-course/app/modules/ring_buf
  starting_dir /home/sufyan/Zephyr_IOMICO/zephyr-course
  obj_dir      None
  gcda_fname   ../../../twister-out/native_sim_native/host/homework.unit.ring_buf/zephyr/kernel/CMakeFiles/kernel.dir/sched.c.gcda
  --> fname    /home/sufyan/Zephyr_IOMICO/deps/zephyr/include/zephyr/arch/posix/arch.h
(DEBUG) Check if /home/sufyan/Zephyr_IOMICO/deps/zephyr/include/zephyr/arch/posix/arch.h is included (source file)...
(DEBUG) --> File is excluded.
(DEBUG) Check if /home/sufyan/Zephyr_IOMICO/zephyr-course/app/modules/ring_buf/spinlock.h##ac54c28a46b90c889de3665abac3ef1a.gcov is included (trace)...
(DEBUG) --> File is excluded.
(DEBUG) Finding source file corresponding to a gcov data file
  gcov_fname   /home/sufyan/Zephyr_IOMICO/zephyr-course/app/modules/ring_buf/spinlock.h##ac54c28a46b90c889de3665abac3ef1a.gcov
  current_dir  /home/sufyan/Zephyr_IOMICO/zephyr-course/app/modules/ring_buf
  root         /home/sufyan/Zephyr_IOMICO/zephyr-course/app/modules/ring_buf
  starting_dir /home/sufyan/Zephyr_IOMICO/zephyr-course
  obj_dir      None
  gcda_fname   ../../../twister-out/native_sim_native/host/homework.unit.ring_buf/zephyr/kernel/CMakeFiles/kernel.dir/sched.c.gcda
  --> fname    /home/sufyan/Zephyr_IOMICO/deps/zephyr/include/zephyr/spinlock.h
(DEBUG) Check if /home/sufyan/Zephyr_IOMICO/deps/zephyr/include/zephyr/spinlock.h is included (source file)...
(DEBUG) --> File is excluded.
(DEBUG) Check if /home/sufyan/Zephyr_IOMICO/zephyr-course/app/modules/ring_buf/timeout_q.h##569a3e528a9234fdc294fc6409c26869.gcov is included (trace)...
(DEBUG) --> File is excluded.
(DEBUG) Finding source file corresponding to a gcov data file
  gcov_fname   /home/sufyan/Zephyr_IOMICO/zephyr-course/app/modules/ring_buf/timeout_q.h##569a3e528a9234fdc294fc6409c26869.gcov
  current_dir  /home/sufyan/Zephyr_IOMICO/zephyr-course/app/modules/ring_buf
  root         /home/sufyan/Zephyr_IOMICO/zephyr-course/app/modules/ring_buf
  starting_dir /home/sufyan/Zephyr_IOMICO/zephyr-course
  obj_dir      None
  gcda_fname   ../../../twister-out/native_sim_native/host/homework.unit.ring_buf/zephyr/kernel/CMakeFiles/kernel.dir/sched.c.gcda
  --> fname    /home/sufyan/Zephyr_IOMICO/deps/zephyr/kernel/include/timeout_q.h
(DEBUG) Check if /home/sufyan/Zephyr_IOMICO/deps/zephyr/kernel/include/timeout_q.h is included (source file)...
(DEBUG) --> File is excluded.
(DEBUG) Check if /home/sufyan/Zephyr_IOMICO/zephyr-course/app/modules/ring_buf/kernel.h##613194e766979d51f14f46fda6f8f0e6.gcov is included (trace)...
(DEBUG) --> File is excluded.
(DEBUG) Finding source file corresponding to a gcov data file
  gcov_fname   /home/sufyan/Zephyr_IOMICO/zephyr-course/app/modules/ring_buf/kernel.h##613194e766979d51f14f46fda6f8f0e6.gcov
  current_dir  /home/sufyan/Zephyr_IOMICO/zephyr-course/app/modules/ring_buf
  root         /home/sufyan/Zephyr_IOMICO/zephyr-course/app/modules/ring_buf
  starting_dir /home/sufyan/Zephyr_IOMICO/zephyr-course
  obj_dir      None
  gcda_fname   ../../../twister-out/native_sim_native/host/homework.unit.ring_buf/zephyr/kernel/CMakeFiles/kernel.dir/sched.c.gcda
  --> fname    /home/sufyan/Zephyr_IOMICO/zephyr-course/twister-out/native_sim_native/host/homework.unit.ring_buf/zephyr/include/generated/zephyr/syscalls/kernel.h
(DEBUG) Check if /home/sufyan/Zephyr_IOMICO/zephyr-course/twister-out/native_sim_native/host/homework.unit.ring_buf/zephyr/include/generated/zephyr/syscalls/kernel.h is included (source file)...
(DEBUG) --> File is excluded.
(DEBUG) Check if /home/sufyan/Zephyr_IOMICO/zephyr-course/app/modules/ring_buf/wait_q.h##139d40669c3ee194b82a2646c4f8e821.gcov is included (trace)...
(DEBUG) --> File is excluded.
(DEBUG) Finding source file corresponding to a gcov data file
  gcov_fname   /home/sufyan/Zephyr_IOMICO/zephyr-course/app/modules/ring_buf/wait_q.h##139d40669c3ee194b82a2646c4f8e821.gcov
  current_dir  /home/sufyan/Zephyr_IOMICO/zephyr-course/app/modules/ring_buf
  root         /home/sufyan/Zephyr_IOMICO/zephyr-course/app/modules/ring_buf
  starting_dir /home/sufyan/Zephyr_IOMICO/zephyr-course
  obj_dir      None
  gcda_fname   ../../../twister-out/native_sim_native/host/homework.unit.ring_buf/zephyr/kernel/CMakeFiles/kernel.dir/sched.c.gcda
  --> fname    /home/sufyan/Zephyr_IOMICO/deps/zephyr/kernel/include/wait_q.h
(DEBUG) Check if /home/sufyan/Zephyr_IOMICO/deps/zephyr/kernel/include/wait_q.h is included (source file)...
(DEBUG) --> File is excluded.
(DEBUG) Check if /home/sufyan/Zephyr_IOMICO/zephyr-course/app/modules/ring_buf/dlist.h##8b38c32f07439f20ffdd7079fc0c40eb.gcov is included (trace)...
(DEBUG) --> File is excluded.
(DEBUG) Finding source file corresponding to a gcov data file
  gcov_fname   /home/sufyan/Zephyr_IOMICO/zephyr-course/app/modules/ring_buf/dlist.h##8b38c32f07439f20ffdd7079fc0c40eb.gcov
  current_dir  /home/sufyan/Zephyr_IOMICO/zephyr-course/app/modules/ring_buf
  root         /home/sufyan/Zephyr_IOMICO/zephyr-course/app/modules/ring_buf
  starting_dir /home/sufyan/Zephyr_IOMICO/zephyr-course
  obj_dir      None
  gcda_fname   ../../../twister-out/native_sim_native/host/homework.unit.ring_buf/zephyr/kernel/CMakeFiles/kernel.dir/sched.c.gcda
  --> fname    /home/sufyan/Zephyr_IOMICO/deps/zephyr/include/zephyr/sys/dlist.h
(DEBUG) Check if /home/sufyan/Zephyr_IOMICO/deps/zephyr/include/zephyr/sys/dlist.h is included (source file)...
(DEBUG) --> File is excluded.
(DEBUG) Check if /home/sufyan/Zephyr_IOMICO/zephyr-course/app/modules/ring_buf/log_msg.h##c3d7a43353dd151ee47d3c13d66651b3.gcov is included (trace)...
(DEBUG) --> File is excluded.
(DEBUG) Finding source file corresponding to a gcov data file
  gcov_fname   /home/sufyan/Zephyr_IOMICO/zephyr-course/app/modules/ring_buf/log_msg.h##c3d7a43353dd151ee47d3c13d66651b3.gcov
  current_dir  /home/sufyan/Zephyr_IOMICO/zephyr-course/app/modules/ring_buf
  root         /home/sufyan/Zephyr_IOMICO/zephyr-course/app/modules/ring_buf
  starting_dir /home/sufyan/Zephyr_IOMICO/zephyr-course
  obj_dir      None
  gcda_fname   ../../../twister-out/native_sim_native/host/homework.unit.ring_buf/zephyr/kernel/CMakeFiles/kernel.dir/sched.c.gcda
  --> fname    /home/sufyan/Zephyr_IOMICO/deps/zephyr/include/zephyr/logging/log_msg.h
(DEBUG) Check if /home/sufyan/Zephyr_IOMICO/deps/zephyr/include/zephyr/logging/log_msg.h is included (source file)...
(DEBUG) --> File is excluded.
(DEBUG) Check if /home/sufyan/Zephyr_IOMICO/zephyr-course/app/modules/ring_buf/kernel.h##0603b591ac855b4a2926257de0e213f1.gcov is included (trace)...
(DEBUG) --> File is excluded.
(DEBUG) Finding source file corresponding to a gcov data file
  gcov_fname   /home/sufyan/Zephyr_IOMICO/zephyr-course/app/modules/ring_buf/kernel.h##0603b591ac855b4a2926257de0e213f1.gcov
  current_dir  /home/sufyan/Zephyr_IOMICO/zephyr-course/app/modules/ring_buf
  root         /home/sufyan/Zephyr_IOMICO/zephyr-course/app/modules/ring_buf
  starting_dir /home/sufyan/Zephyr_IOMICO/zephyr-course
  obj_dir      None
  gcda_fname   ../../../twister-out/native_sim_native/host/homework.unit.ring_buf/zephyr/kernel/CMakeFiles/kernel.dir/sched.c.gcda
  --> fname    /home/sufyan/Zephyr_IOMICO/deps/zephyr/include/zephyr/kernel.h
(DEBUG) Check if /home/sufyan/Zephyr_IOMICO/deps/zephyr/include/zephyr/kernel.h is included (source file)...
(DEBUG) --> File is excluded.
(DEBUG) Check if /home/sufyan/Zephyr_IOMICO/zephyr-course/twister-out/native_sim_native/host/homework.unit.ring_buf/zephyr/kernel/CMakeFiles/kernel.dir/sem.c.gcda is included (trace)...
(DEBUG)   No filter matched.
(DEBUG) --> File is excluded.
(DEBUG) Check if /home/sufyan/Zephyr_IOMICO/zephyr-course/twister-out/native_sim_native/host/homework.unit.ring_buf/zephyr/kernel/CMakeFiles/kernel.dir/sem.c.gcda is included (trace)...
(DEBUG) --> File is excluded.
(DEBUG) Check if sem.c##ae124b0bc8a52285adc0772685765bec.gcov is included (gcov file)...
(DEBUG)   Filter AlwaysMatchFilter() matched.
(DEBUG) --> File is included.
(DEBUG) Check if ksched.h##ef11ea29545001937978f4e3e23cbf23.gcov is included (gcov file)...
(DEBUG) --> File is included.
(DEBUG) Check if kthread.h##b13e19e9523584ac2e7cfe73fddb2b9b.gcov is included (gcov file)...
(DEBUG) --> File is included.
(DEBUG) Check if kernel_arch_func.h##88c66a408d50fc91e01e60b8add8a403.gcov is included (gcov file)...
(DEBUG) --> File is included.
(DEBUG) Check if wait_q.h##139d40669c3ee194b82a2646c4f8e821.gcov is included (gcov file)...
(DEBUG) --> File is included.
(DEBUG) Check if priority_q.h##e09451b433d85721cb295db4cbfe45f5.gcov is included (gcov file)...
(DEBUG) --> File is included.
(DEBUG) Check if timeout_q.h##569a3e528a9234fdc294fc6409c26869.gcov is included (gcov file)...
(DEBUG) --> File is included.
(DEBUG) Check if kobject_internal.h##d9e662f1f754d31d24eb20c0b43248dd.gcov is included (gcov file)...
(DEBUG) --> File is included.
(DEBUG) Check if spinlock.h##ac54c28a46b90c889de3665abac3ef1a.gcov is included (gcov file)...
(DEBUG) --> File is included.
(DEBUG) Check if arch.h##dc70e81a221e00a96b5b011e55795c6f.gcov is included (gcov file)...
(DEBUG) --> File is included.
(DEBUG) Check if dlist.h##8b38c32f07439f20ffdd7079fc0c40eb.gcov is included (gcov file)...
(DEBUG) --> File is included.
(DEBUG) Check if /home/sufyan/Zephyr_IOMICO/zephyr-course/app/modules/ring_buf/priority_q.h##e09451b433d85721cb295db4cbfe45f5.gcov is included (trace)...
(DEBUG) --> File is excluded.
(DEBUG) Finding source file corresponding to a gcov data file
  gcov_fname   /home/sufyan/Zephyr_IOMICO/zephyr-course/app/modules/ring_buf/priority_q.h##e09451b433d85721cb295db4cbfe45f5.gcov
  current_dir  /home/sufyan/Zephyr_IOMICO/zephyr-course/app/modules/ring_buf
  root         /home/sufyan/Zephyr_IOMICO/zephyr-course/app/modules/ring_buf
  starting_dir /home/sufyan/Zephyr_IOMICO/zephyr-course
  obj_dir      None
  gcda_fname   ../../../twister-out/native_sim_native/host/homework.unit.ring_buf/zephyr/kernel/CMakeFiles/kernel.dir/sem.c.gcda
  --> fname    /home/sufyan/Zephyr_IOMICO/deps/zephyr/kernel/include/priority_q.h
(DEBUG) Check if /home/sufyan/Zephyr_IOMICO/deps/zephyr/kernel/include/priority_q.h is included (source file)...
(DEBUG) --> File is excluded.
(DEBUG) Check if /home/sufyan/Zephyr_IOMICO/zephyr-course/app/modules/ring_buf/kthread.h##b13e19e9523584ac2e7cfe73fddb2b9b.gcov is included (trace)...
(DEBUG) --> File is excluded.
(DEBUG) Finding source file corresponding to a gcov data file
  gcov_fname   /home/sufyan/Zephyr_IOMICO/zephyr-course/app/modules/ring_buf/kthread.h##b13e19e9523584ac2e7cfe73fddb2b9b.gcov
  current_dir  /home/sufyan/Zephyr_IOMICO/zephyr-course/app/modules/ring_buf
  root         /home/sufyan/Zephyr_IOMICO/zephyr-course/app/modules/ring_buf
  starting_dir /home/sufyan/Zephyr_IOMICO/zephyr-course
  obj_dir      None
  gcda_fname   ../../../twister-out/native_sim_native/host/homework.unit.ring_buf/zephyr/kernel/CMakeFiles/kernel.dir/sem.c.gcda
  --> fname    /home/sufyan/Zephyr_IOMICO/deps/zephyr/kernel/include/kthread.h
(DEBUG) Check if /home/sufyan/Zephyr_IOMICO/deps/zephyr/kernel/include/kthread.h is included (source file)...
(DEBUG) --> File is excluded.
(DEBUG) Check if /home/sufyan/Zephyr_IOMICO/zephyr-course/app/modules/ring_buf/ksched.h##ef11ea29545001937978f4e3e23cbf23.gcov is included (trace)...
(DEBUG) --> File is excluded.
(DEBUG) Finding source file corresponding to a gcov data file
  gcov_fname   /home/sufyan/Zephyr_IOMICO/zephyr-course/app/modules/ring_buf/ksched.h##ef11ea29545001937978f4e3e23cbf23.gcov
  current_dir  /home/sufyan/Zephyr_IOMICO/zephyr-course/app/modules/ring_buf
  root         /home/sufyan/Zephyr_IOMICO/zephyr-course/app/modules/ring_buf
  starting_dir /home/sufyan/Zephyr_IOMICO/zephyr-course
  obj_dir      None
  gcda_fname   ../../../twister-out/native_sim_native/host/homework.unit.ring_buf/zephyr/kernel/CMakeFiles/kernel.dir/sem.c.gcda
  --> fname    /home/sufyan/Zephyr_IOMICO/deps/zephyr/kernel/include/ksched.h
(DEBUG) Check if /home/sufyan/Zephyr_IOMICO/deps/zephyr/kernel/include/ksched.h is included (source file)...
(DEBUG) --> File is excluded.
(DEBUG) Check if /home/sufyan/Zephyr_IOMICO/zephyr-course/app/modules/ring_buf/kobject_internal.h##d9e662f1f754d31d24eb20c0b43248dd.gcov is included (trace)...
(DEBUG) --> File is excluded.
(DEBUG) Finding source file corresponding to a gcov data file
  gcov_fname   /home/sufyan/Zephyr_IOMICO/zephyr-course/app/modules/ring_buf/kobject_internal.h##d9e662f1f754d31d24eb20c0b43248dd.gcov
  current_dir  /home/sufyan/Zephyr_IOMICO/zephyr-course/app/modules/ring_buf
  root         /home/sufyan/Zephyr_IOMICO/zephyr-course/app/modules/ring_buf
  starting_dir /home/sufyan/Zephyr_IOMICO/zephyr-course
  obj_dir      None
  gcda_fname   ../../../twister-out/native_sim_native/host/homework.unit.ring_buf/zephyr/kernel/CMakeFiles/kernel.dir/sem.c.gcda
  --> fname    /home/sufyan/Zephyr_IOMICO/deps/zephyr/include/zephyr/sys/internal/kobject_internal.h
(DEBUG) Check if /home/sufyan/Zephyr_IOMICO/deps/zephyr/include/zephyr/sys/internal/kobject_internal.h is included (source file)...
(DEBUG) --> File is excluded.
(DEBUG) Check if /home/sufyan/Zephyr_IOMICO/zephyr-course/app/modules/ring_buf/kernel_arch_func.h##88c66a408d50fc91e01e60b8add8a403.gcov is included (trace)...
(DEBUG) --> File is excluded.
(DEBUG) Finding source file corresponding to a gcov data file
  gcov_fname   /home/sufyan/Zephyr_IOMICO/zephyr-course/app/modules/ring_buf/kernel_arch_func.h##88c66a408d50fc91e01e60b8add8a403.gcov
  current_dir  /home/sufyan/Zephyr_IOMICO/zephyr-course/app/modules/ring_buf
  root         /home/sufyan/Zephyr_IOMICO/zephyr-course/app/modules/ring_buf
  starting_dir /home/sufyan/Zephyr_IOMICO/zephyr-course
  obj_dir      None
  gcda_fname   ../../../twister-out/native_sim_native/host/homework.unit.ring_buf/zephyr/kernel/CMakeFiles/kernel.dir/sem.c.gcda
  --> fname    /home/sufyan/Zephyr_IOMICO/deps/zephyr/arch/posix/include/kernel_arch_func.h
(DEBUG) Check if /home/sufyan/Zephyr_IOMICO/deps/zephyr/arch/posix/include/kernel_arch_func.h is included (source file)...
(DEBUG) --> File is excluded.
(DEBUG) Check if /home/sufyan/Zephyr_IOMICO/zephyr-course/app/modules/ring_buf/arch.h##dc70e81a221e00a96b5b011e55795c6f.gcov is included (trace)...
(DEBUG) --> File is excluded.
(DEBUG) Finding source file corresponding to a gcov data file
  gcov_fname   /home/sufyan/Zephyr_IOMICO/zephyr-course/app/modules/ring_buf/arch.h##dc70e81a221e00a96b5b011e55795c6f.gcov
  current_dir  /home/sufyan/Zephyr_IOMICO/zephyr-course/app/modules/ring_buf
  root         /home/sufyan/Zephyr_IOMICO/zephyr-course/app/modules/ring_buf
  starting_dir /home/sufyan/Zephyr_IOMICO/zephyr-course
  obj_dir      None
  gcda_fname   ../../../twister-out/native_sim_native/host/homework.unit.ring_buf/zephyr/kernel/CMakeFiles/kernel.dir/sem.c.gcda
  --> fname    /home/sufyan/Zephyr_IOMICO/deps/zephyr/include/zephyr/arch/posix/arch.h
(DEBUG) Check if /home/sufyan/Zephyr_IOMICO/deps/zephyr/include/zephyr/arch/posix/arch.h is included (source file)...
(DEBUG) --> File is excluded.
(DEBUG) Check if /home/sufyan/Zephyr_IOMICO/zephyr-course/app/modules/ring_buf/sem.c##ae124b0bc8a52285adc0772685765bec.gcov is included (trace)...
(DEBUG)   No filter matched.
(DEBUG) --> File is excluded.
(DEBUG) Finding source file corresponding to a gcov data file
  gcov_fname   /home/sufyan/Zephyr_IOMICO/zephyr-course/app/modules/ring_buf/sem.c##ae124b0bc8a52285adc0772685765bec.gcov
  current_dir  /home/sufyan/Zephyr_IOMICO/zephyr-course/app/modules/ring_buf
  root         /home/sufyan/Zephyr_IOMICO/zephyr-course/app/modules/ring_buf
  starting_dir /home/sufyan/Zephyr_IOMICO/zephyr-course
  obj_dir      None
  gcda_fname   ../../../twister-out/native_sim_native/host/homework.unit.ring_buf/zephyr/kernel/CMakeFiles/kernel.dir/sem.c.gcda
  --> fname    /home/sufyan/Zephyr_IOMICO/deps/zephyr/kernel/sem.c
(DEBUG) Check if /home/sufyan/Zephyr_IOMICO/deps/zephyr/kernel/sem.c is included (source file)...
(DEBUG)   No filter matched.
(DEBUG) --> File is excluded.
(DEBUG) Check if /home/sufyan/Zephyr_IOMICO/zephyr-course/app/modules/ring_buf/spinlock.h##ac54c28a46b90c889de3665abac3ef1a.gcov is included (trace)...
(DEBUG) --> File is excluded.
(DEBUG) Finding source file corresponding to a gcov data file
  gcov_fname   /home/sufyan/Zephyr_IOMICO/zephyr-course/app/modules/ring_buf/spinlock.h##ac54c28a46b90c889de3665abac3ef1a.gcov
  current_dir  /home/sufyan/Zephyr_IOMICO/zephyr-course/app/modules/ring_buf
  root         /home/sufyan/Zephyr_IOMICO/zephyr-course/app/modules/ring_buf
  starting_dir /home/sufyan/Zephyr_IOMICO/zephyr-course
  obj_dir      None
  gcda_fname   ../../../twister-out/native_sim_native/host/homework.unit.ring_buf/zephyr/kernel/CMakeFiles/kernel.dir/sem.c.gcda
  --> fname    /home/sufyan/Zephyr_IOMICO/deps/zephyr/include/zephyr/spinlock.h
(DEBUG) Check if /home/sufyan/Zephyr_IOMICO/deps/zephyr/include/zephyr/spinlock.h is included (source file)...
(DEBUG) --> File is excluded.
(DEBUG) Check if /home/sufyan/Zephyr_IOMICO/zephyr-course/app/modules/ring_buf/timeout_q.h##569a3e528a9234fdc294fc6409c26869.gcov is included (trace)...
(DEBUG) --> File is excluded.
(DEBUG) Finding source file corresponding to a gcov data file
  gcov_fname   /home/sufyan/Zephyr_IOMICO/zephyr-course/app/modules/ring_buf/timeout_q.h##569a3e528a9234fdc294fc6409c26869.gcov
  current_dir  /home/sufyan/Zephyr_IOMICO/zephyr-course/app/modules/ring_buf
  root         /home/sufyan/Zephyr_IOMICO/zephyr-course/app/modules/ring_buf
  starting_dir /home/sufyan/Zephyr_IOMICO/zephyr-course
  obj_dir      None
  gcda_fname   ../../../twister-out/native_sim_native/host/homework.unit.ring_buf/zephyr/kernel/CMakeFiles/kernel.dir/sem.c.gcda
  --> fname    /home/sufyan/Zephyr_IOMICO/deps/zephyr/kernel/include/timeout_q.h
(DEBUG) Check if /home/sufyan/Zephyr_IOMICO/deps/zephyr/kernel/include/timeout_q.h is included (source file)...
(DEBUG) --> File is excluded.
(DEBUG) Check if /home/sufyan/Zephyr_IOMICO/zephyr-course/app/modules/ring_buf/wait_q.h##139d40669c3ee194b82a2646c4f8e821.gcov is included (trace)...
(DEBUG) --> File is excluded.
(DEBUG) Finding source file corresponding to a gcov data file
  gcov_fname   /home/sufyan/Zephyr_IOMICO/zephyr-course/app/modules/ring_buf/wait_q.h##139d40669c3ee194b82a2646c4f8e821.gcov
  current_dir  /home/sufyan/Zephyr_IOMICO/zephyr-course/app/modules/ring_buf
  root         /home/sufyan/Zephyr_IOMICO/zephyr-course/app/modules/ring_buf
  starting_dir /home/sufyan/Zephyr_IOMICO/zephyr-course
  obj_dir      None
  gcda_fname   ../../../twister-out/native_sim_native/host/homework.unit.ring_buf/zephyr/kernel/CMakeFiles/kernel.dir/sem.c.gcda
  --> fname    /home/sufyan/Zephyr_IOMICO/deps/zephyr/kernel/include/wait_q.h
(DEBUG) Check if /home/sufyan/Zephyr_IOMICO/deps/zephyr/kernel/include/wait_q.h is included (source file)...
(DEBUG) --> File is excluded.
(DEBUG) Check if /home/sufyan/Zephyr_IOMICO/zephyr-course/app/modules/ring_buf/dlist.h##8b38c32f07439f20ffdd7079fc0c40eb.gcov is included (trace)...
(DEBUG) --> File is excluded.
(DEBUG) Finding source file corresponding to a gcov data file
  gcov_fname   /home/sufyan/Zephyr_IOMICO/zephyr-course/app/modules/ring_buf/dlist.h##8b38c32f07439f20ffdd7079fc0c40eb.gcov
  current_dir  /home/sufyan/Zephyr_IOMICO/zephyr-course/app/modules/ring_buf
  root         /home/sufyan/Zephyr_IOMICO/zephyr-course/app/modules/ring_buf
  starting_dir /home/sufyan/Zephyr_IOMICO/zephyr-course
  obj_dir      None
  gcda_fname   ../../../twister-out/native_sim_native/host/homework.unit.ring_buf/zephyr/kernel/CMakeFiles/kernel.dir/sem.c.gcda
  --> fname    /home/sufyan/Zephyr_IOMICO/deps/zephyr/include/zephyr/sys/dlist.h
(DEBUG) Check if /home/sufyan/Zephyr_IOMICO/deps/zephyr/include/zephyr/sys/dlist.h is included (source file)...
(DEBUG) --> File is excluded.
(DEBUG) Check if /home/sufyan/Zephyr_IOMICO/zephyr-course/twister-out/native_sim_native/host/homework.unit.ring_buf/zephyr/kernel/CMakeFiles/kernel.dir/spinlock_validate.c.gcda is included (trace)...
(DEBUG)   No filter matched.
(DEBUG) --> File is excluded.
(DEBUG) Check if /home/sufyan/Zephyr_IOMICO/zephyr-course/twister-out/native_sim_native/host/homework.unit.ring_buf/zephyr/kernel/CMakeFiles/kernel.dir/spinlock_validate.c.gcda is included (trace)...
(DEBUG) --> File is excluded.
(DEBUG) Check if spinlock_validate.c##80ab3f68e09649dd4a17704f2dbb0da3.gcov is included (gcov file)...
(DEBUG)   Filter AlwaysMatchFilter() matched.
(DEBUG) --> File is included.
(DEBUG) Check if kernel_arch_func.h##88c66a408d50fc91e01e60b8add8a403.gcov is included (gcov file)...
(DEBUG) --> File is included.
(DEBUG) Check if /home/sufyan/Zephyr_IOMICO/zephyr-course/app/modules/ring_buf/spinlock_validate.c##80ab3f68e09649dd4a17704f2dbb0da3.gcov is included (trace)...
(DEBUG)   No filter matched.
(DEBUG) --> File is excluded.
(DEBUG) Finding source file corresponding to a gcov data file
  gcov_fname   /home/sufyan/Zephyr_IOMICO/zephyr-course/app/modules/ring_buf/spinlock_validate.c##80ab3f68e09649dd4a17704f2dbb0da3.gcov
  current_dir  /home/sufyan/Zephyr_IOMICO/zephyr-course/app/modules/ring_buf
  root         /home/sufyan/Zephyr_IOMICO/zephyr-course/app/modules/ring_buf
  starting_dir /home/sufyan/Zephyr_IOMICO/zephyr-course
  obj_dir      None
  gcda_fname   ../../../twister-out/native_sim_native/host/homework.unit.ring_buf/zephyr/kernel/CMakeFiles/kernel.dir/spinlock_validate.c.gcda
  --> fname    /home/sufyan/Zephyr_IOMICO/deps/zephyr/kernel/spinlock_validate.c
(DEBUG) Check if /home/sufyan/Zephyr_IOMICO/deps/zephyr/kernel/spinlock_validate.c is included (source file)...
(DEBUG)   No filter matched.
(DEBUG) --> File is excluded.
(DEBUG) Check if /home/sufyan/Zephyr_IOMICO/zephyr-course/app/modules/ring_buf/kernel_arch_func.h##88c66a408d50fc91e01e60b8add8a403.gcov is included (trace)...
(DEBUG) --> File is excluded.
(DEBUG) Finding source file corresponding to a gcov data file
  gcov_fname   /home/sufyan/Zephyr_IOMICO/zephyr-course/app/modules/ring_buf/kernel_arch_func.h##88c66a408d50fc91e01e60b8add8a403.gcov
  current_dir  /home/sufyan/Zephyr_IOMICO/zephyr-course/app/modules/ring_buf
  root         /home/sufyan/Zephyr_IOMICO/zephyr-course/app/modules/ring_buf
  starting_dir /home/sufyan/Zephyr_IOMICO/zephyr-course
  obj_dir      None
  gcda_fname   ../../../twister-out/native_sim_native/host/homework.unit.ring_buf/zephyr/kernel/CMakeFiles/kernel.dir/spinlock_validate.c.gcda
  --> fname    /home/sufyan/Zephyr_IOMICO/deps/zephyr/arch/posix/include/kernel_arch_func.h
(DEBUG) Check if /home/sufyan/Zephyr_IOMICO/deps/zephyr/arch/posix/include/kernel_arch_func.h is included (source file)...
(DEBUG) --> File is excluded.
(DEBUG) Check if /home/sufyan/Zephyr_IOMICO/zephyr-course/twister-out/native_sim_native/host/homework.unit.ring_buf/zephyr/kernel/CMakeFiles/kernel.dir/stack.c.gcno is included (trace)...
(DEBUG)   No filter matched.
(DEBUG) --> File is excluded.
(DEBUG) Check if /home/sufyan/Zephyr_IOMICO/zephyr-course/twister-out/native_sim_native/host/homework.unit.ring_buf/zephyr/kernel/CMakeFiles/kernel.dir/stack.c.gcno is included (trace)...
(DEBUG) --> File is excluded.
(DEBUG) Check if stack.c##2c767b9f72073dcdf3e53d91a82088ea.gcov is included (gcov file)...
(DEBUG)   Filter AlwaysMatchFilter() matched.
(DEBUG) --> File is included.
(DEBUG) Check if wait_q.h##139d40669c3ee194b82a2646c4f8e821.gcov is included (gcov file)...
(DEBUG) --> File is included.
(DEBUG) Check if ksched.h##ef11ea29545001937978f4e3e23cbf23.gcov is included (gcov file)...
(DEBUG) --> File is included.
(DEBUG) Check if priority_q.h##e09451b433d85721cb295db4cbfe45f5.gcov is included (gcov file)...
(DEBUG) --> File is included.
(DEBUG) Check if kthread.h##b13e19e9523584ac2e7cfe73fddb2b9b.gcov is included (gcov file)...
(DEBUG) --> File is included.
(DEBUG) Check if timeout_q.h##569a3e528a9234fdc294fc6409c26869.gcov is included (gcov file)...
(DEBUG) --> File is included.
(DEBUG) Check if kernel_internal.h##d53f9a5de702617b658ebe7dd715cfb5.gcov is included (gcov file)...
(DEBUG) --> File is included.
(DEBUG) Check if kernel_arch_func.h##88c66a408d50fc91e01e60b8add8a403.gcov is included (gcov file)...
(DEBUG) --> File is included.
(DEBUG) Check if kobject_internal.h##d9e662f1f754d31d24eb20c0b43248dd.gcov is included (gcov file)...
(DEBUG) --> File is included.
(DEBUG) Check if spinlock.h##ac54c28a46b90c889de3665abac3ef1a.gcov is included (gcov file)...
(DEBUG) --> File is included.
(DEBUG) Check if arch.h##dc70e81a221e00a96b5b011e55795c6f.gcov is included (gcov file)...
(DEBUG) --> File is included.
(DEBUG) Check if dlist.h##8b38c32f07439f20ffdd7079fc0c40eb.gcov is included (gcov file)...
(DEBUG) --> File is included.
(DEBUG) Check if /home/sufyan/Zephyr_IOMICO/zephyr-course/app/modules/ring_buf/priority_q.h##e09451b433d85721cb295db4cbfe45f5.gcov is included (trace)...
(DEBUG) --> File is excluded.
(DEBUG) Finding source file corresponding to a gcov data file
  gcov_fname   /home/sufyan/Zephyr_IOMICO/zephyr-course/app/modules/ring_buf/priority_q.h##e09451b433d85721cb295db4cbfe45f5.gcov
  current_dir  /home/sufyan/Zephyr_IOMICO/zephyr-course/app/modules/ring_buf
  root         /home/sufyan/Zephyr_IOMICO/zephyr-course/app/modules/ring_buf
  starting_dir /home/sufyan/Zephyr_IOMICO/zephyr-course
  obj_dir      None
  gcda_fname   ../../../twister-out/native_sim_native/host/homework.unit.ring_buf/zephyr/kernel/CMakeFiles/kernel.dir/stack.c.gcno
  --> fname    /home/sufyan/Zephyr_IOMICO/deps/zephyr/kernel/include/priority_q.h
(DEBUG) Check if /home/sufyan/Zephyr_IOMICO/deps/zephyr/kernel/include/priority_q.h is included (source file)...
(DEBUG) --> File is excluded.
(DEBUG) Check if /home/sufyan/Zephyr_IOMICO/zephyr-course/app/modules/ring_buf/kernel_internal.h##d53f9a5de702617b658ebe7dd715cfb5.gcov is included (trace)...
(DEBUG) --> File is excluded.
(DEBUG) Finding source file corresponding to a gcov data file
  gcov_fname   /home/sufyan/Zephyr_IOMICO/zephyr-course/app/modules/ring_buf/kernel_internal.h##d53f9a5de702617b658ebe7dd715cfb5.gcov
  current_dir  /home/sufyan/Zephyr_IOMICO/zephyr-course/app/modules/ring_buf
  root         /home/sufyan/Zephyr_IOMICO/zephyr-course/app/modules/ring_buf
  starting_dir /home/sufyan/Zephyr_IOMICO/zephyr-course
  obj_dir      None
  gcda_fname   ../../../twister-out/native_sim_native/host/homework.unit.ring_buf/zephyr/kernel/CMakeFiles/kernel.dir/stack.c.gcno
  --> fname    /home/sufyan/Zephyr_IOMICO/deps/zephyr/kernel/include/kernel_internal.h
(DEBUG) Check if /home/sufyan/Zephyr_IOMICO/deps/zephyr/kernel/include/kernel_internal.h is included (source file)...
(DEBUG) --> File is excluded.
(DEBUG) Check if /home/sufyan/Zephyr_IOMICO/zephyr-course/app/modules/ring_buf/kthread.h##b13e19e9523584ac2e7cfe73fddb2b9b.gcov is included (trace)...
(DEBUG) --> File is excluded.
(DEBUG) Finding source file corresponding to a gcov data file
  gcov_fname   /home/sufyan/Zephyr_IOMICO/zephyr-course/app/modules/ring_buf/kthread.h##b13e19e9523584ac2e7cfe73fddb2b9b.gcov
  current_dir  /home/sufyan/Zephyr_IOMICO/zephyr-course/app/modules/ring_buf
  root         /home/sufyan/Zephyr_IOMICO/zephyr-course/app/modules/ring_buf
  starting_dir /home/sufyan/Zephyr_IOMICO/zephyr-course
  obj_dir      None
  gcda_fname   ../../../twister-out/native_sim_native/host/homework.unit.ring_buf/zephyr/kernel/CMakeFiles/kernel.dir/stack.c.gcno
  --> fname    /home/sufyan/Zephyr_IOMICO/deps/zephyr/kernel/include/kthread.h
(DEBUG) Check if /home/sufyan/Zephyr_IOMICO/deps/zephyr/kernel/include/kthread.h is included (source file)...
(DEBUG) --> File is excluded.
(DEBUG) Check if /home/sufyan/Zephyr_IOMICO/zephyr-course/app/modules/ring_buf/ksched.h##ef11ea29545001937978f4e3e23cbf23.gcov is included (trace)...
(DEBUG) --> File is excluded.
(DEBUG) Finding source file corresponding to a gcov data file
  gcov_fname   /home/sufyan/Zephyr_IOMICO/zephyr-course/app/modules/ring_buf/ksched.h##ef11ea29545001937978f4e3e23cbf23.gcov
  current_dir  /home/sufyan/Zephyr_IOMICO/zephyr-course/app/modules/ring_buf
  root         /home/sufyan/Zephyr_IOMICO/zephyr-course/app/modules/ring_buf
  starting_dir /home/sufyan/Zephyr_IOMICO/zephyr-course
  obj_dir      None
  gcda_fname   ../../../twister-out/native_sim_native/host/homework.unit.ring_buf/zephyr/kernel/CMakeFiles/kernel.dir/stack.c.gcno
  --> fname    /home/sufyan/Zephyr_IOMICO/deps/zephyr/kernel/include/ksched.h
(DEBUG) Check if /home/sufyan/Zephyr_IOMICO/deps/zephyr/kernel/include/ksched.h is included (source file)...
(DEBUG) --> File is excluded.
(DEBUG) Check if /home/sufyan/Zephyr_IOMICO/zephyr-course/app/modules/ring_buf/kobject_internal.h##d9e662f1f754d31d24eb20c0b43248dd.gcov is included (trace)...
(DEBUG) --> File is excluded.
(DEBUG) Finding source file corresponding to a gcov data file
  gcov_fname   /home/sufyan/Zephyr_IOMICO/zephyr-course/app/modules/ring_buf/kobject_internal.h##d9e662f1f754d31d24eb20c0b43248dd.gcov
  current_dir  /home/sufyan/Zephyr_IOMICO/zephyr-course/app/modules/ring_buf
  root         /home/sufyan/Zephyr_IOMICO/zephyr-course/app/modules/ring_buf
  starting_dir /home/sufyan/Zephyr_IOMICO/zephyr-course
  obj_dir      None
  gcda_fname   ../../../twister-out/native_sim_native/host/homework.unit.ring_buf/zephyr/kernel/CMakeFiles/kernel.dir/stack.c.gcno
  --> fname    /home/sufyan/Zephyr_IOMICO/deps/zephyr/include/zephyr/sys/internal/kobject_internal.h
(DEBUG) Check if /home/sufyan/Zephyr_IOMICO/deps/zephyr/include/zephyr/sys/internal/kobject_internal.h is included (source file)...
(DEBUG) --> File is excluded.
(DEBUG) Check if /home/sufyan/Zephyr_IOMICO/zephyr-course/app/modules/ring_buf/kernel_arch_func.h##88c66a408d50fc91e01e60b8add8a403.gcov is included (trace)...
(DEBUG) --> File is excluded.
(DEBUG) Finding source file corresponding to a gcov data file
  gcov_fname   /home/sufyan/Zephyr_IOMICO/zephyr-course/app/modules/ring_buf/kernel_arch_func.h##88c66a408d50fc91e01e60b8add8a403.gcov
  current_dir  /home/sufyan/Zephyr_IOMICO/zephyr-course/app/modules/ring_buf
  root         /home/sufyan/Zephyr_IOMICO/zephyr-course/app/modules/ring_buf
  starting_dir /home/sufyan/Zephyr_IOMICO/zephyr-course
  obj_dir      None
  gcda_fname   ../../../twister-out/native_sim_native/host/homework.unit.ring_buf/zephyr/kernel/CMakeFiles/kernel.dir/stack.c.gcno
  --> fname    /home/sufyan/Zephyr_IOMICO/deps/zephyr/arch/posix/include/kernel_arch_func.h
(DEBUG) Check if /home/sufyan/Zephyr_IOMICO/deps/zephyr/arch/posix/include/kernel_arch_func.h is included (source file)...
(DEBUG) --> File is excluded.
(DEBUG) Check if /home/sufyan/Zephyr_IOMICO/zephyr-course/app/modules/ring_buf/arch.h##dc70e81a221e00a96b5b011e55795c6f.gcov is included (trace)...
(DEBUG) --> File is excluded.
(DEBUG) Finding source file corresponding to a gcov data file
  gcov_fname   /home/sufyan/Zephyr_IOMICO/zephyr-course/app/modules/ring_buf/arch.h##dc70e81a221e00a96b5b011e55795c6f.gcov
  current_dir  /home/sufyan/Zephyr_IOMICO/zephyr-course/app/modules/ring_buf
  root         /home/sufyan/Zephyr_IOMICO/zephyr-course/app/modules/ring_buf
  starting_dir /home/sufyan/Zephyr_IOMICO/zephyr-course
  obj_dir      None
  gcda_fname   ../../../twister-out/native_sim_native/host/homework.unit.ring_buf/zephyr/kernel/CMakeFiles/kernel.dir/stack.c.gcno
  --> fname    /home/sufyan/Zephyr_IOMICO/deps/zephyr/include/zephyr/arch/posix/arch.h
(DEBUG) Check if /home/sufyan/Zephyr_IOMICO/deps/zephyr/include/zephyr/arch/posix/arch.h is included (source file)...
(DEBUG) --> File is excluded.
(DEBUG) Check if /home/sufyan/Zephyr_IOMICO/zephyr-course/app/modules/ring_buf/stack.c##2c767b9f72073dcdf3e53d91a82088ea.gcov is included (trace)...
(DEBUG)   No filter matched.
(DEBUG) --> File is excluded.
(DEBUG) Finding source file corresponding to a gcov data file
  gcov_fname   /home/sufyan/Zephyr_IOMICO/zephyr-course/app/modules/ring_buf/stack.c##2c767b9f72073dcdf3e53d91a82088ea.gcov
  current_dir  /home/sufyan/Zephyr_IOMICO/zephyr-course/app/modules/ring_buf
  root         /home/sufyan/Zephyr_IOMICO/zephyr-course/app/modules/ring_buf
  starting_dir /home/sufyan/Zephyr_IOMICO/zephyr-course
  obj_dir      None
  gcda_fname   ../../../twister-out/native_sim_native/host/homework.unit.ring_buf/zephyr/kernel/CMakeFiles/kernel.dir/stack.c.gcno
  --> fname    /home/sufyan/Zephyr_IOMICO/deps/zephyr/kernel/stack.c
(DEBUG) Check if /home/sufyan/Zephyr_IOMICO/deps/zephyr/kernel/stack.c is included (source file)...
(DEBUG)   No filter matched.
(DEBUG) --> File is excluded.
(DEBUG) Check if /home/sufyan/Zephyr_IOMICO/zephyr-course/app/modules/ring_buf/spinlock.h##ac54c28a46b90c889de3665abac3ef1a.gcov is included (trace)...
(DEBUG) --> File is excluded.
(DEBUG) Finding source file corresponding to a gcov data file
  gcov_fname   /home/sufyan/Zephyr_IOMICO/zephyr-course/app/modules/ring_buf/spinlock.h##ac54c28a46b90c889de3665abac3ef1a.gcov
  current_dir  /home/sufyan/Zephyr_IOMICO/zephyr-course/app/modules/ring_buf
  root         /home/sufyan/Zephyr_IOMICO/zephyr-course/app/modules/ring_buf
  starting_dir /home/sufyan/Zephyr_IOMICO/zephyr-course
  obj_dir      None
  gcda_fname   ../../../twister-out/native_sim_native/host/homework.unit.ring_buf/zephyr/kernel/CMakeFiles/kernel.dir/stack.c.gcno
  --> fname    /home/sufyan/Zephyr_IOMICO/deps/zephyr/include/zephyr/spinlock.h
(DEBUG) Check if /home/sufyan/Zephyr_IOMICO/deps/zephyr/include/zephyr/spinlock.h is included (source file)...
(DEBUG) --> File is excluded.
(DEBUG) Check if /home/sufyan/Zephyr_IOMICO/zephyr-course/app/modules/ring_buf/timeout_q.h##569a3e528a9234fdc294fc6409c26869.gcov is included (trace)...
(DEBUG) --> File is excluded.
(DEBUG) Finding source file corresponding to a gcov data file
  gcov_fname   /home/sufyan/Zephyr_IOMICO/zephyr-course/app/modules/ring_buf/timeout_q.h##569a3e528a9234fdc294fc6409c26869.gcov
  current_dir  /home/sufyan/Zephyr_IOMICO/zephyr-course/app/modules/ring_buf
  root         /home/sufyan/Zephyr_IOMICO/zephyr-course/app/modules/ring_buf
  starting_dir /home/sufyan/Zephyr_IOMICO/zephyr-course
  obj_dir      None
  gcda_fname   ../../../twister-out/native_sim_native/host/homework.unit.ring_buf/zephyr/kernel/CMakeFiles/kernel.dir/stack.c.gcno
  --> fname    /home/sufyan/Zephyr_IOMICO/deps/zephyr/kernel/include/timeout_q.h
(DEBUG) Check if /home/sufyan/Zephyr_IOMICO/deps/zephyr/kernel/include/timeout_q.h is included (source file)...
(DEBUG) --> File is excluded.
(DEBUG) Check if /home/sufyan/Zephyr_IOMICO/zephyr-course/app/modules/ring_buf/wait_q.h##139d40669c3ee194b82a2646c4f8e821.gcov is included (trace)...
(DEBUG) --> File is excluded.
(DEBUG) Finding source file corresponding to a gcov data file
  gcov_fname   /home/sufyan/Zephyr_IOMICO/zephyr-course/app/modules/ring_buf/wait_q.h##139d40669c3ee194b82a2646c4f8e821.gcov
  current_dir  /home/sufyan/Zephyr_IOMICO/zephyr-course/app/modules/ring_buf
  root         /home/sufyan/Zephyr_IOMICO/zephyr-course/app/modules/ring_buf
  starting_dir /home/sufyan/Zephyr_IOMICO/zephyr-course
  obj_dir      None
  gcda_fname   ../../../twister-out/native_sim_native/host/homework.unit.ring_buf/zephyr/kernel/CMakeFiles/kernel.dir/stack.c.gcno
  --> fname    /home/sufyan/Zephyr_IOMICO/deps/zephyr/kernel/include/wait_q.h
(DEBUG) Check if /home/sufyan/Zephyr_IOMICO/deps/zephyr/kernel/include/wait_q.h is included (source file)...
(DEBUG) --> File is excluded.
(DEBUG) Check if /home/sufyan/Zephyr_IOMICO/zephyr-course/app/modules/ring_buf/dlist.h##8b38c32f07439f20ffdd7079fc0c40eb.gcov is included (trace)...
(DEBUG) --> File is excluded.
(DEBUG) Finding source file corresponding to a gcov data file
  gcov_fname   /home/sufyan/Zephyr_IOMICO/zephyr-course/app/modules/ring_buf/dlist.h##8b38c32f07439f20ffdd7079fc0c40eb.gcov
  current_dir  /home/sufyan/Zephyr_IOMICO/zephyr-course/app/modules/ring_buf
  root         /home/sufyan/Zephyr_IOMICO/zephyr-course/app/modules/ring_buf
  starting_dir /home/sufyan/Zephyr_IOMICO/zephyr-course
  obj_dir      None
  gcda_fname   ../../../twister-out/native_sim_native/host/homework.unit.ring_buf/zephyr/kernel/CMakeFiles/kernel.dir/stack.c.gcno
  --> fname    /home/sufyan/Zephyr_IOMICO/deps/zephyr/include/zephyr/sys/dlist.h
(DEBUG) Check if /home/sufyan/Zephyr_IOMICO/deps/zephyr/include/zephyr/sys/dlist.h is included (source file)...
(DEBUG) --> File is excluded.
(DEBUG) Check if /home/sufyan/Zephyr_IOMICO/zephyr-course/twister-out/native_sim_native/host/homework.unit.ring_buf/zephyr/kernel/CMakeFiles/kernel.dir/system_work_q.c.gcno is included (trace)...
(DEBUG)   No filter matched.
(DEBUG) --> File is excluded.
(DEBUG) Check if /home/sufyan/Zephyr_IOMICO/zephyr-course/twister-out/native_sim_native/host/homework.unit.ring_buf/zephyr/kernel/CMakeFiles/kernel.dir/system_work_q.c.gcno is included (trace)...
(DEBUG) --> File is excluded.
(DEBUG) Check if system_work_q.c##eb422cf2556ba315138fbb2fd3897061.gcov is included (gcov file)...
(DEBUG)   Filter AlwaysMatchFilter() matched.
(DEBUG) --> File is included.
(DEBUG) Check if /home/sufyan/Zephyr_IOMICO/zephyr-course/app/modules/ring_buf/system_work_q.c##eb422cf2556ba315138fbb2fd3897061.gcov is included (trace)...
(DEBUG)   No filter matched.
(DEBUG) --> File is excluded.
(DEBUG) Finding source file corresponding to a gcov data file
  gcov_fname   /home/sufyan/Zephyr_IOMICO/zephyr-course/app/modules/ring_buf/system_work_q.c##eb422cf2556ba315138fbb2fd3897061.gcov
  current_dir  /home/sufyan/Zephyr_IOMICO/zephyr-course/app/modules/ring_buf
  root         /home/sufyan/Zephyr_IOMICO/zephyr-course/app/modules/ring_buf
  starting_dir /home/sufyan/Zephyr_IOMICO/zephyr-course
  obj_dir      None
  gcda_fname   ../../../twister-out/native_sim_native/host/homework.unit.ring_buf/zephyr/kernel/CMakeFiles/kernel.dir/system_work_q.c.gcno
  --> fname    /home/sufyan/Zephyr_IOMICO/deps/zephyr/kernel/system_work_q.c
(DEBUG) Check if /home/sufyan/Zephyr_IOMICO/deps/zephyr/kernel/system_work_q.c is included (source file)...
(DEBUG)   No filter matched.
(DEBUG) --> File is excluded.
(DEBUG) Check if /home/sufyan/Zephyr_IOMICO/zephyr-course/twister-out/native_sim_native/host/homework.unit.ring_buf/zephyr/kernel/CMakeFiles/kernel.dir/thread.c.gcda is included (trace)...
(DEBUG)   No filter matched.
(DEBUG) --> File is excluded.
(DEBUG) Check if /home/sufyan/Zephyr_IOMICO/zephyr-course/twister-out/native_sim_native/host/homework.unit.ring_buf/zephyr/kernel/CMakeFiles/kernel.dir/thread.c.gcda is included (trace)...
(DEBUG) --> File is excluded.
(DEBUG) Check if thread.c##8d9e3e5ecae637e616cafa6c6bc8b1a5.gcov is included (gcov file)...
(DEBUG)   Filter AlwaysMatchFilter() matched.
(DEBUG) --> File is included.
(DEBUG) Check if log_msg.h##c3d7a43353dd151ee47d3c13d66651b3.gcov is included (gcov file)...
(DEBUG) --> File is included.
(DEBUG) Check if wait_q.h##139d40669c3ee194b82a2646c4f8e821.gcov is included (gcov file)...
(DEBUG) --> File is included.
(DEBUG) Check if kthread.h##b13e19e9523584ac2e7cfe73fddb2b9b.gcov is included (gcov file)...
(DEBUG) --> File is included.
(DEBUG) Check if timeout_q.h##569a3e528a9234fdc294fc6409c26869.gcov is included (gcov file)...
(DEBUG) --> File is included.
(DEBUG) Check if kernel_arch_func.h##88c66a408d50fc91e01e60b8add8a403.gcov is included (gcov file)...
(DEBUG) --> File is included.
(DEBUG) Check if kernel.h##613194e766979d51f14f46fda6f8f0e6.gcov is included (gcov file)...
(DEBUG) --> File is included.
(DEBUG) Check if kernel.h##0603b591ac855b4a2926257de0e213f1.gcov is included (gcov file)...
(DEBUG) --> File is included.
(DEBUG) Check if thread_stack.h##8c9d6a5b1f176717a73e8c6028066b21.gcov is included (gcov file)...
(DEBUG) --> File is included.
(DEBUG) Check if dlist.h##8b38c32f07439f20ffdd7079fc0c40eb.gcov is included (gcov file)...
(DEBUG) --> File is included.
(DEBUG) Check if /home/sufyan/Zephyr_IOMICO/zephyr-course/app/modules/ring_buf/kthread.h##b13e19e9523584ac2e7cfe73fddb2b9b.gcov is included (trace)...
(DEBUG) --> File is excluded.
(DEBUG) Finding source file corresponding to a gcov data file
  gcov_fname   /home/sufyan/Zephyr_IOMICO/zephyr-course/app/modules/ring_buf/kthread.h##b13e19e9523584ac2e7cfe73fddb2b9b.gcov
  current_dir  /home/sufyan/Zephyr_IOMICO/zephyr-course/app/modules/ring_buf
  root         /home/sufyan/Zephyr_IOMICO/zephyr-course/app/modules/ring_buf
  starting_dir /home/sufyan/Zephyr_IOMICO/zephyr-course
  obj_dir      None
  gcda_fname   ../../../twister-out/native_sim_native/host/homework.unit.ring_buf/zephyr/kernel/CMakeFiles/kernel.dir/thread.c.gcda
  --> fname    /home/sufyan/Zephyr_IOMICO/deps/zephyr/kernel/include/kthread.h
(DEBUG) Check if /home/sufyan/Zephyr_IOMICO/deps/zephyr/kernel/include/kthread.h is included (source file)...
(DEBUG) --> File is excluded.
(DEBUG) Check if /home/sufyan/Zephyr_IOMICO/zephyr-course/app/modules/ring_buf/kernel_arch_func.h##88c66a408d50fc91e01e60b8add8a403.gcov is included (trace)...
(DEBUG) --> File is excluded.
(DEBUG) Finding source file corresponding to a gcov data file
  gcov_fname   /home/sufyan/Zephyr_IOMICO/zephyr-course/app/modules/ring_buf/kernel_arch_func.h##88c66a408d50fc91e01e60b8add8a403.gcov
  current_dir  /home/sufyan/Zephyr_IOMICO/zephyr-course/app/modules/ring_buf
  root         /home/sufyan/Zephyr_IOMICO/zephyr-course/app/modules/ring_buf
  starting_dir /home/sufyan/Zephyr_IOMICO/zephyr-course
  obj_dir      None
  gcda_fname   ../../../twister-out/native_sim_native/host/homework.unit.ring_buf/zephyr/kernel/CMakeFiles/kernel.dir/thread.c.gcda
  --> fname    /home/sufyan/Zephyr_IOMICO/deps/zephyr/arch/posix/include/kernel_arch_func.h
(DEBUG) Check if /home/sufyan/Zephyr_IOMICO/deps/zephyr/arch/posix/include/kernel_arch_func.h is included (source file)...
(DEBUG) --> File is excluded.
(DEBUG) Check if /home/sufyan/Zephyr_IOMICO/zephyr-course/app/modules/ring_buf/thread_stack.h##8c9d6a5b1f176717a73e8c6028066b21.gcov is included (trace)...
(DEBUG) --> File is excluded.
(DEBUG) Finding source file corresponding to a gcov data file
  gcov_fname   /home/sufyan/Zephyr_IOMICO/zephyr-course/app/modules/ring_buf/thread_stack.h##8c9d6a5b1f176717a73e8c6028066b21.gcov
  current_dir  /home/sufyan/Zephyr_IOMICO/zephyr-course/app/modules/ring_buf
  root         /home/sufyan/Zephyr_IOMICO/zephyr-course/app/modules/ring_buf
  starting_dir /home/sufyan/Zephyr_IOMICO/zephyr-course
  obj_dir      None
  gcda_fname   ../../../twister-out/native_sim_native/host/homework.unit.ring_buf/zephyr/kernel/CMakeFiles/kernel.dir/thread.c.gcda
  --> fname    /home/sufyan/Zephyr_IOMICO/deps/zephyr/include/zephyr/kernel/thread_stack.h
(DEBUG) Check if /home/sufyan/Zephyr_IOMICO/deps/zephyr/include/zephyr/kernel/thread_stack.h is included (source file)...
(DEBUG) --> File is excluded.
(DEBUG) Check if /home/sufyan/Zephyr_IOMICO/zephyr-course/app/modules/ring_buf/timeout_q.h##569a3e528a9234fdc294fc6409c26869.gcov is included (trace)...
(DEBUG) --> File is excluded.
(DEBUG) Finding source file corresponding to a gcov data file
  gcov_fname   /home/sufyan/Zephyr_IOMICO/zephyr-course/app/modules/ring_buf/timeout_q.h##569a3e528a9234fdc294fc6409c26869.gcov
  current_dir  /home/sufyan/Zephyr_IOMICO/zephyr-course/app/modules/ring_buf
  root         /home/sufyan/Zephyr_IOMICO/zephyr-course/app/modules/ring_buf
  starting_dir /home/sufyan/Zephyr_IOMICO/zephyr-course
  obj_dir      None
  gcda_fname   ../../../twister-out/native_sim_native/host/homework.unit.ring_buf/zephyr/kernel/CMakeFiles/kernel.dir/thread.c.gcda
  --> fname    /home/sufyan/Zephyr_IOMICO/deps/zephyr/kernel/include/timeout_q.h
(DEBUG) Check if /home/sufyan/Zephyr_IOMICO/deps/zephyr/kernel/include/timeout_q.h is included (source file)...
(DEBUG) --> File is excluded.
(DEBUG) Check if /home/sufyan/Zephyr_IOMICO/zephyr-course/app/modules/ring_buf/thread.c##8d9e3e5ecae637e616cafa6c6bc8b1a5.gcov is included (trace)...
(DEBUG)   No filter matched.
(DEBUG) --> File is excluded.
(DEBUG) Finding source file corresponding to a gcov data file
  gcov_fname   /home/sufyan/Zephyr_IOMICO/zephyr-course/app/modules/ring_buf/thread.c##8d9e3e5ecae637e616cafa6c6bc8b1a5.gcov
  current_dir  /home/sufyan/Zephyr_IOMICO/zephyr-course/app/modules/ring_buf
  root         /home/sufyan/Zephyr_IOMICO/zephyr-course/app/modules/ring_buf
  starting_dir /home/sufyan/Zephyr_IOMICO/zephyr-course
  obj_dir      None
  gcda_fname   ../../../twister-out/native_sim_native/host/homework.unit.ring_buf/zephyr/kernel/CMakeFiles/kernel.dir/thread.c.gcda
  --> fname    /home/sufyan/Zephyr_IOMICO/deps/zephyr/kernel/thread.c
(DEBUG) Check if /home/sufyan/Zephyr_IOMICO/deps/zephyr/kernel/thread.c is included (source file)...
(DEBUG)   No filter matched.
(DEBUG) --> File is excluded.
(DEBUG) Check if /home/sufyan/Zephyr_IOMICO/zephyr-course/app/modules/ring_buf/kernel.h##613194e766979d51f14f46fda6f8f0e6.gcov is included (trace)...
(DEBUG) --> File is excluded.
(DEBUG) Finding source file corresponding to a gcov data file
  gcov_fname   /home/sufyan/Zephyr_IOMICO/zephyr-course/app/modules/ring_buf/kernel.h##613194e766979d51f14f46fda6f8f0e6.gcov
  current_dir  /home/sufyan/Zephyr_IOMICO/zephyr-course/app/modules/ring_buf
  root         /home/sufyan/Zephyr_IOMICO/zephyr-course/app/modules/ring_buf
  starting_dir /home/sufyan/Zephyr_IOMICO/zephyr-course
  obj_dir      None
  gcda_fname   ../../../twister-out/native_sim_native/host/homework.unit.ring_buf/zephyr/kernel/CMakeFiles/kernel.dir/thread.c.gcda
  --> fname    /home/sufyan/Zephyr_IOMICO/zephyr-course/twister-out/native_sim_native/host/homework.unit.ring_buf/zephyr/include/generated/zephyr/syscalls/kernel.h
(DEBUG) Check if /home/sufyan/Zephyr_IOMICO/zephyr-course/twister-out/native_sim_native/host/homework.unit.ring_buf/zephyr/include/generated/zephyr/syscalls/kernel.h is included (source file)...
(DEBUG) --> File is excluded.
(DEBUG) Check if /home/sufyan/Zephyr_IOMICO/zephyr-course/app/modules/ring_buf/wait_q.h##139d40669c3ee194b82a2646c4f8e821.gcov is included (trace)...
(DEBUG) --> File is excluded.
(DEBUG) Finding source file corresponding to a gcov data file
  gcov_fname   /home/sufyan/Zephyr_IOMICO/zephyr-course/app/modules/ring_buf/wait_q.h##139d40669c3ee194b82a2646c4f8e821.gcov
  current_dir  /home/sufyan/Zephyr_IOMICO/zephyr-course/app/modules/ring_buf
  root         /home/sufyan/Zephyr_IOMICO/zephyr-course/app/modules/ring_buf
  starting_dir /home/sufyan/Zephyr_IOMICO/zephyr-course
  obj_dir      None
  gcda_fname   ../../../twister-out/native_sim_native/host/homework.unit.ring_buf/zephyr/kernel/CMakeFiles/kernel.dir/thread.c.gcda
  --> fname    /home/sufyan/Zephyr_IOMICO/deps/zephyr/kernel/include/wait_q.h
(DEBUG) Check if /home/sufyan/Zephyr_IOMICO/deps/zephyr/kernel/include/wait_q.h is included (source file)...
(DEBUG) --> File is excluded.
(DEBUG) Check if /home/sufyan/Zephyr_IOMICO/zephyr-course/app/modules/ring_buf/dlist.h##8b38c32f07439f20ffdd7079fc0c40eb.gcov is included (trace)...
(DEBUG) --> File is excluded.
(DEBUG) Finding source file corresponding to a gcov data file
  gcov_fname   /home/sufyan/Zephyr_IOMICO/zephyr-course/app/modules/ring_buf/dlist.h##8b38c32f07439f20ffdd7079fc0c40eb.gcov
  current_dir  /home/sufyan/Zephyr_IOMICO/zephyr-course/app/modules/ring_buf
  root         /home/sufyan/Zephyr_IOMICO/zephyr-course/app/modules/ring_buf
  starting_dir /home/sufyan/Zephyr_IOMICO/zephyr-course
  obj_dir      None
  gcda_fname   ../../../twister-out/native_sim_native/host/homework.unit.ring_buf/zephyr/kernel/CMakeFiles/kernel.dir/thread.c.gcda
  --> fname    /home/sufyan/Zephyr_IOMICO/deps/zephyr/include/zephyr/sys/dlist.h
(DEBUG) Check if /home/sufyan/Zephyr_IOMICO/deps/zephyr/include/zephyr/sys/dlist.h is included (source file)...
(DEBUG) --> File is excluded.
(DEBUG) Check if /home/sufyan/Zephyr_IOMICO/zephyr-course/app/modules/ring_buf/log_msg.h##c3d7a43353dd151ee47d3c13d66651b3.gcov is included (trace)...
(DEBUG) --> File is excluded.
(DEBUG) Finding source file corresponding to a gcov data file
  gcov_fname   /home/sufyan/Zephyr_IOMICO/zephyr-course/app/modules/ring_buf/log_msg.h##c3d7a43353dd151ee47d3c13d66651b3.gcov
  current_dir  /home/sufyan/Zephyr_IOMICO/zephyr-course/app/modules/ring_buf
  root         /home/sufyan/Zephyr_IOMICO/zephyr-course/app/modules/ring_buf
  starting_dir /home/sufyan/Zephyr_IOMICO/zephyr-course
  obj_dir      None
  gcda_fname   ../../../twister-out/native_sim_native/host/homework.unit.ring_buf/zephyr/kernel/CMakeFiles/kernel.dir/thread.c.gcda
  --> fname    /home/sufyan/Zephyr_IOMICO/deps/zephyr/include/zephyr/logging/log_msg.h
(DEBUG) Check if /home/sufyan/Zephyr_IOMICO/deps/zephyr/include/zephyr/logging/log_msg.h is included (source file)...
(DEBUG) --> File is excluded.
(DEBUG) Check if /home/sufyan/Zephyr_IOMICO/zephyr-course/app/modules/ring_buf/kernel.h##0603b591ac855b4a2926257de0e213f1.gcov is included (trace)...
(DEBUG) --> File is excluded.
(DEBUG) Finding source file corresponding to a gcov data file
  gcov_fname   /home/sufyan/Zephyr_IOMICO/zephyr-course/app/modules/ring_buf/kernel.h##0603b591ac855b4a2926257de0e213f1.gcov
  current_dir  /home/sufyan/Zephyr_IOMICO/zephyr-course/app/modules/ring_buf
  root         /home/sufyan/Zephyr_IOMICO/zephyr-course/app/modules/ring_buf
  starting_dir /home/sufyan/Zephyr_IOMICO/zephyr-course
  obj_dir      None
  gcda_fname   ../../../twister-out/native_sim_native/host/homework.unit.ring_buf/zephyr/kernel/CMakeFiles/kernel.dir/thread.c.gcda
  --> fname    /home/sufyan/Zephyr_IOMICO/deps/zephyr/include/zephyr/kernel.h
(DEBUG) Check if /home/sufyan/Zephyr_IOMICO/deps/zephyr/include/zephyr/kernel.h is included (source file)...
(DEBUG) --> File is excluded.
(DEBUG) Check if /home/sufyan/Zephyr_IOMICO/zephyr-course/twister-out/native_sim_native/host/homework.unit.ring_buf/zephyr/kernel/CMakeFiles/kernel.dir/timeout.c.gcda is included (trace)...
(DEBUG)   No filter matched.
(DEBUG) --> File is excluded.
(DEBUG) Check if /home/sufyan/Zephyr_IOMICO/zephyr-course/twister-out/native_sim_native/host/homework.unit.ring_buf/zephyr/kernel/CMakeFiles/kernel.dir/timeout.c.gcda is included (trace)...
(DEBUG) --> File is excluded.
(DEBUG) Check if timeout.c##af105e09ce0efc988d7afe3a8bdf761c.gcov is included (gcov file)...
(DEBUG)   Filter AlwaysMatchFilter() matched.
(DEBUG) --> File is included.
(DEBUG) Check if timeout_q.h##569a3e528a9234fdc294fc6409c26869.gcov is included (gcov file)...
(DEBUG) --> File is included.
(DEBUG) Check if spinlock.h##ac54c28a46b90c889de3665abac3ef1a.gcov is included (gcov file)...
(DEBUG) --> File is included.
(DEBUG) Check if arch.h##dc70e81a221e00a96b5b011e55795c6f.gcov is included (gcov file)...
(DEBUG) --> File is included.
(DEBUG) Check if dlist.h##8b38c32f07439f20ffdd7079fc0c40eb.gcov is included (gcov file)...
(DEBUG) --> File is included.
(DEBUG) Check if /home/sufyan/Zephyr_IOMICO/zephyr-course/app/modules/ring_buf/timeout.c##af105e09ce0efc988d7afe3a8bdf761c.gcov is included (trace)...
(DEBUG)   No filter matched.
(DEBUG) --> File is excluded.
(DEBUG) Finding source file corresponding to a gcov data file
  gcov_fname   /home/sufyan/Zephyr_IOMICO/zephyr-course/app/modules/ring_buf/timeout.c##af105e09ce0efc988d7afe3a8bdf761c.gcov
  current_dir  /home/sufyan/Zephyr_IOMICO/zephyr-course/app/modules/ring_buf
  root         /home/sufyan/Zephyr_IOMICO/zephyr-course/app/modules/ring_buf
  starting_dir /home/sufyan/Zephyr_IOMICO/zephyr-course
  obj_dir      None
  gcda_fname   ../../../twister-out/native_sim_native/host/homework.unit.ring_buf/zephyr/kernel/CMakeFiles/kernel.dir/timeout.c.gcda
  --> fname    /home/sufyan/Zephyr_IOMICO/deps/zephyr/kernel/timeout.c
(DEBUG) Check if /home/sufyan/Zephyr_IOMICO/deps/zephyr/kernel/timeout.c is included (source file)...
(DEBUG)   No filter matched.
(DEBUG) --> File is excluded.
(DEBUG) Check if /home/sufyan/Zephyr_IOMICO/zephyr-course/app/modules/ring_buf/arch.h##dc70e81a221e00a96b5b011e55795c6f.gcov is included (trace)...
(DEBUG) --> File is excluded.
(DEBUG) Finding source file corresponding to a gcov data file
  gcov_fname   /home/sufyan/Zephyr_IOMICO/zephyr-course/app/modules/ring_buf/arch.h##dc70e81a221e00a96b5b011e55795c6f.gcov
  current_dir  /home/sufyan/Zephyr_IOMICO/zephyr-course/app/modules/ring_buf
  root         /home/sufyan/Zephyr_IOMICO/zephyr-course/app/modules/ring_buf
  starting_dir /home/sufyan/Zephyr_IOMICO/zephyr-course
  obj_dir      None
  gcda_fname   ../../../twister-out/native_sim_native/host/homework.unit.ring_buf/zephyr/kernel/CMakeFiles/kernel.dir/timeout.c.gcda
  --> fname    /home/sufyan/Zephyr_IOMICO/deps/zephyr/include/zephyr/arch/posix/arch.h
(DEBUG) Check if /home/sufyan/Zephyr_IOMICO/deps/zephyr/include/zephyr/arch/posix/arch.h is included (source file)...
(DEBUG) --> File is excluded.
(DEBUG) Check if /home/sufyan/Zephyr_IOMICO/zephyr-course/app/modules/ring_buf/spinlock.h##ac54c28a46b90c889de3665abac3ef1a.gcov is included (trace)...
(DEBUG) --> File is excluded.
(DEBUG) Finding source file corresponding to a gcov data file
  gcov_fname   /home/sufyan/Zephyr_IOMICO/zephyr-course/app/modules/ring_buf/spinlock.h##ac54c28a46b90c889de3665abac3ef1a.gcov
  current_dir  /home/sufyan/Zephyr_IOMICO/zephyr-course/app/modules/ring_buf
  root         /home/sufyan/Zephyr_IOMICO/zephyr-course/app/modules/ring_buf
  starting_dir /home/sufyan/Zephyr_IOMICO/zephyr-course
  obj_dir      None
  gcda_fname   ../../../twister-out/native_sim_native/host/homework.unit.ring_buf/zephyr/kernel/CMakeFiles/kernel.dir/timeout.c.gcda
  --> fname    /home/sufyan/Zephyr_IOMICO/deps/zephyr/include/zephyr/spinlock.h
(DEBUG) Check if /home/sufyan/Zephyr_IOMICO/deps/zephyr/include/zephyr/spinlock.h is included (source file)...
(DEBUG) --> File is excluded.
(DEBUG) Check if /home/sufyan/Zephyr_IOMICO/zephyr-course/app/modules/ring_buf/timeout_q.h##569a3e528a9234fdc294fc6409c26869.gcov is included (trace)...
(DEBUG) --> File is excluded.
(DEBUG) Finding source file corresponding to a gcov data file
  gcov_fname   /home/sufyan/Zephyr_IOMICO/zephyr-course/app/modules/ring_buf/timeout_q.h##569a3e528a9234fdc294fc6409c26869.gcov
  current_dir  /home/sufyan/Zephyr_IOMICO/zephyr-course/app/modules/ring_buf
  root         /home/sufyan/Zephyr_IOMICO/zephyr-course/app/modules/ring_buf
  starting_dir /home/sufyan/Zephyr_IOMICO/zephyr-course
  obj_dir      None
  gcda_fname   ../../../twister-out/native_sim_native/host/homework.unit.ring_buf/zephyr/kernel/CMakeFiles/kernel.dir/timeout.c.gcda
  --> fname    /home/sufyan/Zephyr_IOMICO/deps/zephyr/kernel/include/timeout_q.h
(DEBUG) Check if /home/sufyan/Zephyr_IOMICO/deps/zephyr/kernel/include/timeout_q.h is included (source file)...
(DEBUG) --> File is excluded.
(DEBUG) Check if /home/sufyan/Zephyr_IOMICO/zephyr-course/app/modules/ring_buf/dlist.h##8b38c32f07439f20ffdd7079fc0c40eb.gcov is included (trace)...
(DEBUG) --> File is excluded.
(DEBUG) Finding source file corresponding to a gcov data file
  gcov_fname   /home/sufyan/Zephyr_IOMICO/zephyr-course/app/modules/ring_buf/dlist.h##8b38c32f07439f20ffdd7079fc0c40eb.gcov
  current_dir  /home/sufyan/Zephyr_IOMICO/zephyr-course/app/modules/ring_buf
  root         /home/sufyan/Zephyr_IOMICO/zephyr-course/app/modules/ring_buf
  starting_dir /home/sufyan/Zephyr_IOMICO/zephyr-course
  obj_dir      None
  gcda_fname   ../../../twister-out/native_sim_native/host/homework.unit.ring_buf/zephyr/kernel/CMakeFiles/kernel.dir/timeout.c.gcda
  --> fname    /home/sufyan/Zephyr_IOMICO/deps/zephyr/include/zephyr/sys/dlist.h
(DEBUG) Check if /home/sufyan/Zephyr_IOMICO/deps/zephyr/include/zephyr/sys/dlist.h is included (source file)...
(DEBUG) --> File is excluded.
(DEBUG) Check if /home/sufyan/Zephyr_IOMICO/zephyr-course/twister-out/native_sim_native/host/homework.unit.ring_buf/zephyr/kernel/CMakeFiles/kernel.dir/timer.c.gcda is included (trace)...
(DEBUG)   No filter matched.
(DEBUG) --> File is excluded.
(DEBUG) Check if /home/sufyan/Zephyr_IOMICO/zephyr-course/twister-out/native_sim_native/host/homework.unit.ring_buf/zephyr/kernel/CMakeFiles/kernel.dir/timer.c.gcda is included (trace)...
(DEBUG) --> File is excluded.
(DEBUG) Check if timer.c##8d042bbf84ac342cda7b8aff0656ea41.gcov is included (gcov file)...
(DEBUG)   Filter AlwaysMatchFilter() matched.
(DEBUG) --> File is included.
(DEBUG) Check if wait_q.h##139d40669c3ee194b82a2646c4f8e821.gcov is included (gcov file)...
(DEBUG) --> File is included.
(DEBUG) Check if ksched.h##ef11ea29545001937978f4e3e23cbf23.gcov is included (gcov file)...
(DEBUG) --> File is included.
(DEBUG) Check if timeout_q.h##569a3e528a9234fdc294fc6409c26869.gcov is included (gcov file)...
(DEBUG) --> File is included.
(DEBUG) Check if kernel_arch_func.h##88c66a408d50fc91e01e60b8add8a403.gcov is included (gcov file)...
(DEBUG) --> File is included.
(DEBUG) Check if kernel.h##613194e766979d51f14f46fda6f8f0e6.gcov is included (gcov file)...
(DEBUG) --> File is included.
(DEBUG) Check if kobject_internal.h##d9e662f1f754d31d24eb20c0b43248dd.gcov is included (gcov file)...
(DEBUG) --> File is included.
(DEBUG) Check if spinlock.h##ac54c28a46b90c889de3665abac3ef1a.gcov is included (gcov file)...
(DEBUG) --> File is included.
(DEBUG) Check if arch.h##dc70e81a221e00a96b5b011e55795c6f.gcov is included (gcov file)...
(DEBUG) --> File is included.
(DEBUG) Check if dlist.h##8b38c32f07439f20ffdd7079fc0c40eb.gcov is included (gcov file)...
(DEBUG) --> File is included.
(DEBUG) Check if /home/sufyan/Zephyr_IOMICO/zephyr-course/app/modules/ring_buf/ksched.h##ef11ea29545001937978f4e3e23cbf23.gcov is included (trace)...
(DEBUG) --> File is excluded.
(DEBUG) Finding source file corresponding to a gcov data file
  gcov_fname   /home/sufyan/Zephyr_IOMICO/zephyr-course/app/modules/ring_buf/ksched.h##ef11ea29545001937978f4e3e23cbf23.gcov
  current_dir  /home/sufyan/Zephyr_IOMICO/zephyr-course/app/modules/ring_buf
  root         /home/sufyan/Zephyr_IOMICO/zephyr-course/app/modules/ring_buf
  starting_dir /home/sufyan/Zephyr_IOMICO/zephyr-course
  obj_dir      None
  gcda_fname   ../../../twister-out/native_sim_native/host/homework.unit.ring_buf/zephyr/kernel/CMakeFiles/kernel.dir/timer.c.gcda
  --> fname    /home/sufyan/Zephyr_IOMICO/deps/zephyr/kernel/include/ksched.h
(DEBUG) Check if /home/sufyan/Zephyr_IOMICO/deps/zephyr/kernel/include/ksched.h is included (source file)...
(DEBUG) --> File is excluded.
(DEBUG) Check if /home/sufyan/Zephyr_IOMICO/zephyr-course/app/modules/ring_buf/kobject_internal.h##d9e662f1f754d31d24eb20c0b43248dd.gcov is included (trace)...
(DEBUG) --> File is excluded.
(DEBUG) Finding source file corresponding to a gcov data file
  gcov_fname   /home/sufyan/Zephyr_IOMICO/zephyr-course/app/modules/ring_buf/kobject_internal.h##d9e662f1f754d31d24eb20c0b43248dd.gcov
  current_dir  /home/sufyan/Zephyr_IOMICO/zephyr-course/app/modules/ring_buf
  root         /home/sufyan/Zephyr_IOMICO/zephyr-course/app/modules/ring_buf
  starting_dir /home/sufyan/Zephyr_IOMICO/zephyr-course
  obj_dir      None
  gcda_fname   ../../../twister-out/native_sim_native/host/homework.unit.ring_buf/zephyr/kernel/CMakeFiles/kernel.dir/timer.c.gcda
  --> fname    /home/sufyan/Zephyr_IOMICO/deps/zephyr/include/zephyr/sys/internal/kobject_internal.h
(DEBUG) Check if /home/sufyan/Zephyr_IOMICO/deps/zephyr/include/zephyr/sys/internal/kobject_internal.h is included (source file)...
(DEBUG) --> File is excluded.
(DEBUG) Check if /home/sufyan/Zephyr_IOMICO/zephyr-course/app/modules/ring_buf/kernel_arch_func.h##88c66a408d50fc91e01e60b8add8a403.gcov is included (trace)...
(DEBUG) --> File is excluded.
(DEBUG) Finding source file corresponding to a gcov data file
  gcov_fname   /home/sufyan/Zephyr_IOMICO/zephyr-course/app/modules/ring_buf/kernel_arch_func.h##88c66a408d50fc91e01e60b8add8a403.gcov
  current_dir  /home/sufyan/Zephyr_IOMICO/zephyr-course/app/modules/ring_buf
  root         /home/sufyan/Zephyr_IOMICO/zephyr-course/app/modules/ring_buf
  starting_dir /home/sufyan/Zephyr_IOMICO/zephyr-course
  obj_dir      None
  gcda_fname   ../../../twister-out/native_sim_native/host/homework.unit.ring_buf/zephyr/kernel/CMakeFiles/kernel.dir/timer.c.gcda
  --> fname    /home/sufyan/Zephyr_IOMICO/deps/zephyr/arch/posix/include/kernel_arch_func.h
(DEBUG) Check if /home/sufyan/Zephyr_IOMICO/deps/zephyr/arch/posix/include/kernel_arch_func.h is included (source file)...
(DEBUG) --> File is excluded.
(DEBUG) Check if /home/sufyan/Zephyr_IOMICO/zephyr-course/app/modules/ring_buf/arch.h##dc70e81a221e00a96b5b011e55795c6f.gcov is included (trace)...
(DEBUG) --> File is excluded.
(DEBUG) Finding source file corresponding to a gcov data file
  gcov_fname   /home/sufyan/Zephyr_IOMICO/zephyr-course/app/modules/ring_buf/arch.h##dc70e81a221e00a96b5b011e55795c6f.gcov
  current_dir  /home/sufyan/Zephyr_IOMICO/zephyr-course/app/modules/ring_buf
  root         /home/sufyan/Zephyr_IOMICO/zephyr-course/app/modules/ring_buf
  starting_dir /home/sufyan/Zephyr_IOMICO/zephyr-course
  obj_dir      None
  gcda_fname   ../../../twister-out/native_sim_native/host/homework.unit.ring_buf/zephyr/kernel/CMakeFiles/kernel.dir/timer.c.gcda
  --> fname    /home/sufyan/Zephyr_IOMICO/deps/zephyr/include/zephyr/arch/posix/arch.h
(DEBUG) Check if /home/sufyan/Zephyr_IOMICO/deps/zephyr/include/zephyr/arch/posix/arch.h is included (source file)...
(DEBUG) --> File is excluded.
(DEBUG) Check if /home/sufyan/Zephyr_IOMICO/zephyr-course/app/modules/ring_buf/timer.c##8d042bbf84ac342cda7b8aff0656ea41.gcov is included (trace)...
(DEBUG)   No filter matched.
(DEBUG) --> File is excluded.
(DEBUG) Finding source file corresponding to a gcov data file
  gcov_fname   /home/sufyan/Zephyr_IOMICO/zephyr-course/app/modules/ring_buf/timer.c##8d042bbf84ac342cda7b8aff0656ea41.gcov
  current_dir  /home/sufyan/Zephyr_IOMICO/zephyr-course/app/modules/ring_buf
  root         /home/sufyan/Zephyr_IOMICO/zephyr-course/app/modules/ring_buf
  starting_dir /home/sufyan/Zephyr_IOMICO/zephyr-course
  obj_dir      None
  gcda_fname   ../../../twister-out/native_sim_native/host/homework.unit.ring_buf/zephyr/kernel/CMakeFiles/kernel.dir/timer.c.gcda
  --> fname    /home/sufyan/Zephyr_IOMICO/deps/zephyr/kernel/timer.c
(DEBUG) Check if /home/sufyan/Zephyr_IOMICO/deps/zephyr/kernel/timer.c is included (source file)...
(DEBUG)   No filter matched.
(DEBUG) --> File is excluded.
(DEBUG) Check if /home/sufyan/Zephyr_IOMICO/zephyr-course/app/modules/ring_buf/spinlock.h##ac54c28a46b90c889de3665abac3ef1a.gcov is included (trace)...
(DEBUG) --> File is excluded.
(DEBUG) Finding source file corresponding to a gcov data file
  gcov_fname   /home/sufyan/Zephyr_IOMICO/zephyr-course/app/modules/ring_buf/spinlock.h##ac54c28a46b90c889de3665abac3ef1a.gcov
  current_dir  /home/sufyan/Zephyr_IOMICO/zephyr-course/app/modules/ring_buf
  root         /home/sufyan/Zephyr_IOMICO/zephyr-course/app/modules/ring_buf
  starting_dir /home/sufyan/Zephyr_IOMICO/zephyr-course
  obj_dir      None
  gcda_fname   ../../../twister-out/native_sim_native/host/homework.unit.ring_buf/zephyr/kernel/CMakeFiles/kernel.dir/timer.c.gcda
  --> fname    /home/sufyan/Zephyr_IOMICO/deps/zephyr/include/zephyr/spinlock.h
(DEBUG) Check if /home/sufyan/Zephyr_IOMICO/deps/zephyr/include/zephyr/spinlock.h is included (source file)...
(DEBUG) --> File is excluded.
(DEBUG) Check if /home/sufyan/Zephyr_IOMICO/zephyr-course/app/modules/ring_buf/timeout_q.h##569a3e528a9234fdc294fc6409c26869.gcov is included (trace)...
(DEBUG) --> File is excluded.
(DEBUG) Finding source file corresponding to a gcov data file
  gcov_fname   /home/sufyan/Zephyr_IOMICO/zephyr-course/app/modules/ring_buf/timeout_q.h##569a3e528a9234fdc294fc6409c26869.gcov
  current_dir  /home/sufyan/Zephyr_IOMICO/zephyr-course/app/modules/ring_buf
  root         /home/sufyan/Zephyr_IOMICO/zephyr-course/app/modules/ring_buf
  starting_dir /home/sufyan/Zephyr_IOMICO/zephyr-course
  obj_dir      None
  gcda_fname   ../../../twister-out/native_sim_native/host/homework.unit.ring_buf/zephyr/kernel/CMakeFiles/kernel.dir/timer.c.gcda
  --> fname    /home/sufyan/Zephyr_IOMICO/deps/zephyr/kernel/include/timeout_q.h
(DEBUG) Check if /home/sufyan/Zephyr_IOMICO/deps/zephyr/kernel/include/timeout_q.h is included (source file)...
(DEBUG) --> File is excluded.
(DEBUG) Check if /home/sufyan/Zephyr_IOMICO/zephyr-course/app/modules/ring_buf/kernel.h##613194e766979d51f14f46fda6f8f0e6.gcov is included (trace)...
(DEBUG) --> File is excluded.
(DEBUG) Finding source file corresponding to a gcov data file
  gcov_fname   /home/sufyan/Zephyr_IOMICO/zephyr-course/app/modules/ring_buf/kernel.h##613194e766979d51f14f46fda6f8f0e6.gcov
  current_dir  /home/sufyan/Zephyr_IOMICO/zephyr-course/app/modules/ring_buf
  root         /home/sufyan/Zephyr_IOMICO/zephyr-course/app/modules/ring_buf
  starting_dir /home/sufyan/Zephyr_IOMICO/zephyr-course
  obj_dir      None
  gcda_fname   ../../../twister-out/native_sim_native/host/homework.unit.ring_buf/zephyr/kernel/CMakeFiles/kernel.dir/timer.c.gcda
  --> fname    /home/sufyan/Zephyr_IOMICO/zephyr-course/twister-out/native_sim_native/host/homework.unit.ring_buf/zephyr/include/generated/zephyr/syscalls/kernel.h
(DEBUG) Check if /home/sufyan/Zephyr_IOMICO/zephyr-course/twister-out/native_sim_native/host/homework.unit.ring_buf/zephyr/include/generated/zephyr/syscalls/kernel.h is included (source file)...
(DEBUG) --> File is excluded.
(DEBUG) Check if /home/sufyan/Zephyr_IOMICO/zephyr-course/app/modules/ring_buf/wait_q.h##139d40669c3ee194b82a2646c4f8e821.gcov is included (trace)...
(DEBUG) --> File is excluded.
(DEBUG) Finding source file corresponding to a gcov data file
  gcov_fname   /home/sufyan/Zephyr_IOMICO/zephyr-course/app/modules/ring_buf/wait_q.h##139d40669c3ee194b82a2646c4f8e821.gcov
  current_dir  /home/sufyan/Zephyr_IOMICO/zephyr-course/app/modules/ring_buf
  root         /home/sufyan/Zephyr_IOMICO/zephyr-course/app/modules/ring_buf
  starting_dir /home/sufyan/Zephyr_IOMICO/zephyr-course
  obj_dir      None
  gcda_fname   ../../../twister-out/native_sim_native/host/homework.unit.ring_buf/zephyr/kernel/CMakeFiles/kernel.dir/timer.c.gcda
  --> fname    /home/sufyan/Zephyr_IOMICO/deps/zephyr/kernel/include/wait_q.h
(DEBUG) Check if /home/sufyan/Zephyr_IOMICO/deps/zephyr/kernel/include/wait_q.h is included (source file)...
(DEBUG) --> File is excluded.
(DEBUG) Check if /home/sufyan/Zephyr_IOMICO/zephyr-course/app/modules/ring_buf/dlist.h##8b38c32f07439f20ffdd7079fc0c40eb.gcov is included (trace)...
(DEBUG) --> File is excluded.
(DEBUG) Finding source file corresponding to a gcov data file
  gcov_fname   /home/sufyan/Zephyr_IOMICO/zephyr-course/app/modules/ring_buf/dlist.h##8b38c32f07439f20ffdd7079fc0c40eb.gcov
  current_dir  /home/sufyan/Zephyr_IOMICO/zephyr-course/app/modules/ring_buf
  root         /home/sufyan/Zephyr_IOMICO/zephyr-course/app/modules/ring_buf
  starting_dir /home/sufyan/Zephyr_IOMICO/zephyr-course
  obj_dir      None
  gcda_fname   ../../../twister-out/native_sim_native/host/homework.unit.ring_buf/zephyr/kernel/CMakeFiles/kernel.dir/timer.c.gcda
  --> fname    /home/sufyan/Zephyr_IOMICO/deps/zephyr/include/zephyr/sys/dlist.h
(DEBUG) Check if /home/sufyan/Zephyr_IOMICO/deps/zephyr/include/zephyr/sys/dlist.h is included (source file)...
(DEBUG) --> File is excluded.
(DEBUG) Check if /home/sufyan/Zephyr_IOMICO/zephyr-course/twister-out/native_sim_native/host/homework.unit.ring_buf/zephyr/kernel/CMakeFiles/kernel.dir/timeslicing.c.gcda is included (trace)...
(DEBUG)   No filter matched.
(DEBUG) --> File is excluded.
(DEBUG) Check if /home/sufyan/Zephyr_IOMICO/zephyr-course/twister-out/native_sim_native/host/homework.unit.ring_buf/zephyr/kernel/CMakeFiles/kernel.dir/timeslicing.c.gcda is included (trace)...
(DEBUG) --> File is excluded.
(DEBUG) Check if timeslicing.c##868b8f4407bc76d007e4d5b015fced33.gcov is included (gcov file)...
(DEBUG)   Filter AlwaysMatchFilter() matched.
(DEBUG) --> File is included.
(DEBUG) Check if ksched.h##ef11ea29545001937978f4e3e23cbf23.gcov is included (gcov file)...
(DEBUG) --> File is included.
(DEBUG) Check if kthread.h##b13e19e9523584ac2e7cfe73fddb2b9b.gcov is included (gcov file)...
(DEBUG) --> File is included.
(DEBUG) Check if spinlock.h##ac54c28a46b90c889de3665abac3ef1a.gcov is included (gcov file)...
(DEBUG) --> File is included.
(DEBUG) Check if arch.h##dc70e81a221e00a96b5b011e55795c6f.gcov is included (gcov file)...
(DEBUG) --> File is included.
(DEBUG) Check if /home/sufyan/Zephyr_IOMICO/zephyr-course/app/modules/ring_buf/kthread.h##b13e19e9523584ac2e7cfe73fddb2b9b.gcov is included (trace)...
(DEBUG) --> File is excluded.
(DEBUG) Finding source file corresponding to a gcov data file
  gcov_fname   /home/sufyan/Zephyr_IOMICO/zephyr-course/app/modules/ring_buf/kthread.h##b13e19e9523584ac2e7cfe73fddb2b9b.gcov
  current_dir  /home/sufyan/Zephyr_IOMICO/zephyr-course/app/modules/ring_buf
  root         /home/sufyan/Zephyr_IOMICO/zephyr-course/app/modules/ring_buf
  starting_dir /home/sufyan/Zephyr_IOMICO/zephyr-course
  obj_dir      None
  gcda_fname   ../../../twister-out/native_sim_native/host/homework.unit.ring_buf/zephyr/kernel/CMakeFiles/kernel.dir/timeslicing.c.gcda
  --> fname    /home/sufyan/Zephyr_IOMICO/deps/zephyr/kernel/include/kthread.h
(DEBUG) Check if /home/sufyan/Zephyr_IOMICO/deps/zephyr/kernel/include/kthread.h is included (source file)...
(DEBUG) --> File is excluded.
(DEBUG) Check if /home/sufyan/Zephyr_IOMICO/zephyr-course/app/modules/ring_buf/ksched.h##ef11ea29545001937978f4e3e23cbf23.gcov is included (trace)...
(DEBUG) --> File is excluded.
(DEBUG) Finding source file corresponding to a gcov data file
  gcov_fname   /home/sufyan/Zephyr_IOMICO/zephyr-course/app/modules/ring_buf/ksched.h##ef11ea29545001937978f4e3e23cbf23.gcov
  current_dir  /home/sufyan/Zephyr_IOMICO/zephyr-course/app/modules/ring_buf
  root         /home/sufyan/Zephyr_IOMICO/zephyr-course/app/modules/ring_buf
  starting_dir /home/sufyan/Zephyr_IOMICO/zephyr-course
  obj_dir      None
  gcda_fname   ../../../twister-out/native_sim_native/host/homework.unit.ring_buf/zephyr/kernel/CMakeFiles/kernel.dir/timeslicing.c.gcda
  --> fname    /home/sufyan/Zephyr_IOMICO/deps/zephyr/kernel/include/ksched.h
(DEBUG) Check if /home/sufyan/Zephyr_IOMICO/deps/zephyr/kernel/include/ksched.h is included (source file)...
(DEBUG) --> File is excluded.
(DEBUG) Check if /home/sufyan/Zephyr_IOMICO/zephyr-course/app/modules/ring_buf/arch.h##dc70e81a221e00a96b5b011e55795c6f.gcov is included (trace)...
(DEBUG) --> File is excluded.
(DEBUG) Finding source file corresponding to a gcov data file
  gcov_fname   /home/sufyan/Zephyr_IOMICO/zephyr-course/app/modules/ring_buf/arch.h##dc70e81a221e00a96b5b011e55795c6f.gcov
  current_dir  /home/sufyan/Zephyr_IOMICO/zephyr-course/app/modules/ring_buf
  root         /home/sufyan/Zephyr_IOMICO/zephyr-course/app/modules/ring_buf
  starting_dir /home/sufyan/Zephyr_IOMICO/zephyr-course
  obj_dir      None
  gcda_fname   ../../../twister-out/native_sim_native/host/homework.unit.ring_buf/zephyr/kernel/CMakeFiles/kernel.dir/timeslicing.c.gcda
  --> fname    /home/sufyan/Zephyr_IOMICO/deps/zephyr/include/zephyr/arch/posix/arch.h
(DEBUG) Check if /home/sufyan/Zephyr_IOMICO/deps/zephyr/include/zephyr/arch/posix/arch.h is included (source file)...
(DEBUG) --> File is excluded.
(DEBUG) Check if /home/sufyan/Zephyr_IOMICO/zephyr-course/app/modules/ring_buf/timeslicing.c##868b8f4407bc76d007e4d5b015fced33.gcov is included (trace)...
(DEBUG)   No filter matched.
(DEBUG) --> File is excluded.
(DEBUG) Finding source file corresponding to a gcov data file
  gcov_fname   /home/sufyan/Zephyr_IOMICO/zephyr-course/app/modules/ring_buf/timeslicing.c##868b8f4407bc76d007e4d5b015fced33.gcov
  current_dir  /home/sufyan/Zephyr_IOMICO/zephyr-course/app/modules/ring_buf
  root         /home/sufyan/Zephyr_IOMICO/zephyr-course/app/modules/ring_buf
  starting_dir /home/sufyan/Zephyr_IOMICO/zephyr-course
  obj_dir      None
  gcda_fname   ../../../twister-out/native_sim_native/host/homework.unit.ring_buf/zephyr/kernel/CMakeFiles/kernel.dir/timeslicing.c.gcda
  --> fname    /home/sufyan/Zephyr_IOMICO/deps/zephyr/kernel/timeslicing.c
(DEBUG) Check if /home/sufyan/Zephyr_IOMICO/deps/zephyr/kernel/timeslicing.c is included (source file)...
(DEBUG)   No filter matched.
(DEBUG) --> File is excluded.
(DEBUG) Check if /home/sufyan/Zephyr_IOMICO/zephyr-course/app/modules/ring_buf/spinlock.h##ac54c28a46b90c889de3665abac3ef1a.gcov is included (trace)...
(DEBUG) --> File is excluded.
(DEBUG) Finding source file corresponding to a gcov data file
  gcov_fname   /home/sufyan/Zephyr_IOMICO/zephyr-course/app/modules/ring_buf/spinlock.h##ac54c28a46b90c889de3665abac3ef1a.gcov
  current_dir  /home/sufyan/Zephyr_IOMICO/zephyr-course/app/modules/ring_buf
  root         /home/sufyan/Zephyr_IOMICO/zephyr-course/app/modules/ring_buf
  starting_dir /home/sufyan/Zephyr_IOMICO/zephyr-course
  obj_dir      None
  gcda_fname   ../../../twister-out/native_sim_native/host/homework.unit.ring_buf/zephyr/kernel/CMakeFiles/kernel.dir/timeslicing.c.gcda
  --> fname    /home/sufyan/Zephyr_IOMICO/deps/zephyr/include/zephyr/spinlock.h
(DEBUG) Check if /home/sufyan/Zephyr_IOMICO/deps/zephyr/include/zephyr/spinlock.h is included (source file)...
(DEBUG) --> File is excluded.
(DEBUG) Check if /home/sufyan/Zephyr_IOMICO/zephyr-course/twister-out/native_sim_native/host/homework.unit.ring_buf/zephyr/kernel/CMakeFiles/kernel.dir/version.c.gcno is included (trace)...
(DEBUG)   No filter matched.
(DEBUG) --> File is excluded.
(DEBUG) Check if /home/sufyan/Zephyr_IOMICO/zephyr-course/twister-out/native_sim_native/host/homework.unit.ring_buf/zephyr/kernel/CMakeFiles/kernel.dir/version.c.gcno is included (trace)...
(DEBUG) --> File is excluded.
(DEBUG) Check if version.c##a22c3c1546d55a03076c9eefd7f9ceea.gcov is included (gcov file)...
(DEBUG)   Filter AlwaysMatchFilter() matched.
(DEBUG) --> File is included.
(DEBUG) Check if /home/sufyan/Zephyr_IOMICO/zephyr-course/app/modules/ring_buf/version.c##a22c3c1546d55a03076c9eefd7f9ceea.gcov is included (trace)...
(DEBUG)   No filter matched.
(DEBUG) --> File is excluded.
(DEBUG) Finding source file corresponding to a gcov data file
  gcov_fname   /home/sufyan/Zephyr_IOMICO/zephyr-course/app/modules/ring_buf/version.c##a22c3c1546d55a03076c9eefd7f9ceea.gcov
  current_dir  /home/sufyan/Zephyr_IOMICO/zephyr-course/app/modules/ring_buf
  root         /home/sufyan/Zephyr_IOMICO/zephyr-course/app/modules/ring_buf
  starting_dir /home/sufyan/Zephyr_IOMICO/zephyr-course
  obj_dir      None
  gcda_fname   ../../../twister-out/native_sim_native/host/homework.unit.ring_buf/zephyr/kernel/CMakeFiles/kernel.dir/version.c.gcno
  --> fname    /home/sufyan/Zephyr_IOMICO/deps/zephyr/kernel/version.c
(DEBUG) Check if /home/sufyan/Zephyr_IOMICO/deps/zephyr/kernel/version.c is included (source file)...
(DEBUG)   No filter matched.
(DEBUG) --> File is excluded.
(DEBUG) Check if /home/sufyan/Zephyr_IOMICO/zephyr-course/twister-out/native_sim_native/host/homework.unit.ring_buf/zephyr/kernel/CMakeFiles/kernel.dir/work.c.gcno is included (trace)...
(DEBUG)   No filter matched.
(DEBUG) --> File is excluded.
(DEBUG) Check if /home/sufyan/Zephyr_IOMICO/zephyr-course/twister-out/native_sim_native/host/homework.unit.ring_buf/zephyr/kernel/CMakeFiles/kernel.dir/work.c.gcno is included (trace)...
(DEBUG) --> File is excluded.
(DEBUG) Check if work.c##1228d2af3cf9369027aac25ae49ec9ed.gcov is included (gcov file)...
(DEBUG)   Filter AlwaysMatchFilter() matched.
(DEBUG) --> File is included.
(DEBUG) Check if ksched.h##ef11ea29545001937978f4e3e23cbf23.gcov is included (gcov file)...
(DEBUG) --> File is included.
(DEBUG) Check if wait_q.h##139d40669c3ee194b82a2646c4f8e821.gcov is included (gcov file)...
(DEBUG) --> File is included.
(DEBUG) Check if timeout_q.h##569a3e528a9234fdc294fc6409c26869.gcov is included (gcov file)...
(DEBUG) --> File is included.
(DEBUG) Check if kernel.h##613194e766979d51f14f46fda6f8f0e6.gcov is included (gcov file)...
(DEBUG) --> File is included.
(DEBUG) Check if kernel.h##0603b591ac855b4a2926257de0e213f1.gcov is included (gcov file)...
(DEBUG) --> File is included.
(DEBUG) Check if spinlock.h##ac54c28a46b90c889de3665abac3ef1a.gcov is included (gcov file)...
(DEBUG) --> File is included.
(DEBUG) Check if arch.h##dc70e81a221e00a96b5b011e55795c6f.gcov is included (gcov file)...
(DEBUG) --> File is included.
(DEBUG) Check if slist.h##a2be9c325ed0449952d94437f6b2e046.gcov is included (gcov file)...
(DEBUG) --> File is included.
(DEBUG) Check if dlist.h##8b38c32f07439f20ffdd7079fc0c40eb.gcov is included (gcov file)...
(DEBUG) --> File is included.
(DEBUG) Check if /home/sufyan/Zephyr_IOMICO/zephyr-course/app/modules/ring_buf/ksched.h##ef11ea29545001937978f4e3e23cbf23.gcov is included (trace)...
(DEBUG) --> File is excluded.
(DEBUG) Finding source file corresponding to a gcov data file
  gcov_fname   /home/sufyan/Zephyr_IOMICO/zephyr-course/app/modules/ring_buf/ksched.h##ef11ea29545001937978f4e3e23cbf23.gcov
  current_dir  /home/sufyan/Zephyr_IOMICO/zephyr-course/app/modules/ring_buf
  root         /home/sufyan/Zephyr_IOMICO/zephyr-course/app/modules/ring_buf
  starting_dir /home/sufyan/Zephyr_IOMICO/zephyr-course
  obj_dir      None
  gcda_fname   ../../../twister-out/native_sim_native/host/homework.unit.ring_buf/zephyr/kernel/CMakeFiles/kernel.dir/work.c.gcno
  --> fname    /home/sufyan/Zephyr_IOMICO/deps/zephyr/kernel/include/ksched.h
(DEBUG) Check if /home/sufyan/Zephyr_IOMICO/deps/zephyr/kernel/include/ksched.h is included (source file)...
(DEBUG) --> File is excluded.
(DEBUG) Check if /home/sufyan/Zephyr_IOMICO/zephyr-course/app/modules/ring_buf/arch.h##dc70e81a221e00a96b5b011e55795c6f.gcov is included (trace)...
(DEBUG) --> File is excluded.
(DEBUG) Finding source file corresponding to a gcov data file
  gcov_fname   /home/sufyan/Zephyr_IOMICO/zephyr-course/app/modules/ring_buf/arch.h##dc70e81a221e00a96b5b011e55795c6f.gcov
  current_dir  /home/sufyan/Zephyr_IOMICO/zephyr-course/app/modules/ring_buf
  root         /home/sufyan/Zephyr_IOMICO/zephyr-course/app/modules/ring_buf
  starting_dir /home/sufyan/Zephyr_IOMICO/zephyr-course
  obj_dir      None
  gcda_fname   ../../../twister-out/native_sim_native/host/homework.unit.ring_buf/zephyr/kernel/CMakeFiles/kernel.dir/work.c.gcno
  --> fname    /home/sufyan/Zephyr_IOMICO/deps/zephyr/include/zephyr/arch/posix/arch.h
(DEBUG) Check if /home/sufyan/Zephyr_IOMICO/deps/zephyr/include/zephyr/arch/posix/arch.h is included (source file)...
(DEBUG) --> File is excluded.
(DEBUG) Check if /home/sufyan/Zephyr_IOMICO/zephyr-course/app/modules/ring_buf/spinlock.h##ac54c28a46b90c889de3665abac3ef1a.gcov is included (trace)...
(DEBUG) --> File is excluded.
(DEBUG) Finding source file corresponding to a gcov data file
  gcov_fname   /home/sufyan/Zephyr_IOMICO/zephyr-course/app/modules/ring_buf/spinlock.h##ac54c28a46b90c889de3665abac3ef1a.gcov
  current_dir  /home/sufyan/Zephyr_IOMICO/zephyr-course/app/modules/ring_buf
  root         /home/sufyan/Zephyr_IOMICO/zephyr-course/app/modules/ring_buf
  starting_dir /home/sufyan/Zephyr_IOMICO/zephyr-course
  obj_dir      None
  gcda_fname   ../../../twister-out/native_sim_native/host/homework.unit.ring_buf/zephyr/kernel/CMakeFiles/kernel.dir/work.c.gcno
  --> fname    /home/sufyan/Zephyr_IOMICO/deps/zephyr/include/zephyr/spinlock.h
(DEBUG) Check if /home/sufyan/Zephyr_IOMICO/deps/zephyr/include/zephyr/spinlock.h is included (source file)...
(DEBUG) --> File is excluded.
(DEBUG) Check if /home/sufyan/Zephyr_IOMICO/zephyr-course/app/modules/ring_buf/slist.h##a2be9c325ed0449952d94437f6b2e046.gcov is included (trace)...
(DEBUG) --> File is excluded.
(DEBUG) Finding source file corresponding to a gcov data file
  gcov_fname   /home/sufyan/Zephyr_IOMICO/zephyr-course/app/modules/ring_buf/slist.h##a2be9c325ed0449952d94437f6b2e046.gcov
  current_dir  /home/sufyan/Zephyr_IOMICO/zephyr-course/app/modules/ring_buf
  root         /home/sufyan/Zephyr_IOMICO/zephyr-course/app/modules/ring_buf
  starting_dir /home/sufyan/Zephyr_IOMICO/zephyr-course
  obj_dir      None
  gcda_fname   ../../../twister-out/native_sim_native/host/homework.unit.ring_buf/zephyr/kernel/CMakeFiles/kernel.dir/work.c.gcno
  --> fname    /home/sufyan/Zephyr_IOMICO/deps/zephyr/include/zephyr/sys/slist.h
(DEBUG) Check if /home/sufyan/Zephyr_IOMICO/deps/zephyr/include/zephyr/sys/slist.h is included (source file)...
(DEBUG) --> File is excluded.
(DEBUG) Check if /home/sufyan/Zephyr_IOMICO/zephyr-course/app/modules/ring_buf/timeout_q.h##569a3e528a9234fdc294fc6409c26869.gcov is included (trace)...
(DEBUG) --> File is excluded.
(DEBUG) Finding source file corresponding to a gcov data file
  gcov_fname   /home/sufyan/Zephyr_IOMICO/zephyr-course/app/modules/ring_buf/timeout_q.h##569a3e528a9234fdc294fc6409c26869.gcov
  current_dir  /home/sufyan/Zephyr_IOMICO/zephyr-course/app/modules/ring_buf
  root         /home/sufyan/Zephyr_IOMICO/zephyr-course/app/modules/ring_buf
  starting_dir /home/sufyan/Zephyr_IOMICO/zephyr-course
  obj_dir      None
  gcda_fname   ../../../twister-out/native_sim_native/host/homework.unit.ring_buf/zephyr/kernel/CMakeFiles/kernel.dir/work.c.gcno
  --> fname    /home/sufyan/Zephyr_IOMICO/deps/zephyr/kernel/include/timeout_q.h
(DEBUG) Check if /home/sufyan/Zephyr_IOMICO/deps/zephyr/kernel/include/timeout_q.h is included (source file)...
(DEBUG) --> File is excluded.
(DEBUG) Check if /home/sufyan/Zephyr_IOMICO/zephyr-course/app/modules/ring_buf/kernel.h##613194e766979d51f14f46fda6f8f0e6.gcov is included (trace)...
(DEBUG) --> File is excluded.
(DEBUG) Finding source file corresponding to a gcov data file
  gcov_fname   /home/sufyan/Zephyr_IOMICO/zephyr-course/app/modules/ring_buf/kernel.h##613194e766979d51f14f46fda6f8f0e6.gcov
  current_dir  /home/sufyan/Zephyr_IOMICO/zephyr-course/app/modules/ring_buf
  root         /home/sufyan/Zephyr_IOMICO/zephyr-course/app/modules/ring_buf
  starting_dir /home/sufyan/Zephyr_IOMICO/zephyr-course
  obj_dir      None
  gcda_fname   ../../../twister-out/native_sim_native/host/homework.unit.ring_buf/zephyr/kernel/CMakeFiles/kernel.dir/work.c.gcno
  --> fname    /home/sufyan/Zephyr_IOMICO/zephyr-course/twister-out/native_sim_native/host/homework.unit.ring_buf/zephyr/include/generated/zephyr/syscalls/kernel.h
(DEBUG) Check if /home/sufyan/Zephyr_IOMICO/zephyr-course/twister-out/native_sim_native/host/homework.unit.ring_buf/zephyr/include/generated/zephyr/syscalls/kernel.h is included (source file)...
(DEBUG) --> File is excluded.
(DEBUG) Check if /home/sufyan/Zephyr_IOMICO/zephyr-course/app/modules/ring_buf/work.c##1228d2af3cf9369027aac25ae49ec9ed.gcov is included (trace)...
(DEBUG)   No filter matched.
(DEBUG) --> File is excluded.
(DEBUG) Finding source file corresponding to a gcov data file
  gcov_fname   /home/sufyan/Zephyr_IOMICO/zephyr-course/app/modules/ring_buf/work.c##1228d2af3cf9369027aac25ae49ec9ed.gcov
  current_dir  /home/sufyan/Zephyr_IOMICO/zephyr-course/app/modules/ring_buf
  root         /home/sufyan/Zephyr_IOMICO/zephyr-course/app/modules/ring_buf
  starting_dir /home/sufyan/Zephyr_IOMICO/zephyr-course
  obj_dir      None
  gcda_fname   ../../../twister-out/native_sim_native/host/homework.unit.ring_buf/zephyr/kernel/CMakeFiles/kernel.dir/work.c.gcno
  --> fname    /home/sufyan/Zephyr_IOMICO/deps/zephyr/kernel/work.c
(DEBUG) Check if /home/sufyan/Zephyr_IOMICO/deps/zephyr/kernel/work.c is included (source file)...
(DEBUG)   No filter matched.
(DEBUG) --> File is excluded.
(DEBUG) Check if /home/sufyan/Zephyr_IOMICO/zephyr-course/app/modules/ring_buf/wait_q.h##139d40669c3ee194b82a2646c4f8e821.gcov is included (trace)...
(DEBUG) --> File is excluded.
(DEBUG) Finding source file corresponding to a gcov data file
  gcov_fname   /home/sufyan/Zephyr_IOMICO/zephyr-course/app/modules/ring_buf/wait_q.h##139d40669c3ee194b82a2646c4f8e821.gcov
  current_dir  /home/sufyan/Zephyr_IOMICO/zephyr-course/app/modules/ring_buf
  root         /home/sufyan/Zephyr_IOMICO/zephyr-course/app/modules/ring_buf
  starting_dir /home/sufyan/Zephyr_IOMICO/zephyr-course
  obj_dir      None
  gcda_fname   ../../../twister-out/native_sim_native/host/homework.unit.ring_buf/zephyr/kernel/CMakeFiles/kernel.dir/work.c.gcno
  --> fname    /home/sufyan/Zephyr_IOMICO/deps/zephyr/kernel/include/wait_q.h
(DEBUG) Check if /home/sufyan/Zephyr_IOMICO/deps/zephyr/kernel/include/wait_q.h is included (source file)...
(DEBUG) --> File is excluded.
(DEBUG) Check if /home/sufyan/Zephyr_IOMICO/zephyr-course/app/modules/ring_buf/dlist.h##8b38c32f07439f20ffdd7079fc0c40eb.gcov is included (trace)...
(DEBUG) --> File is excluded.
(DEBUG) Finding source file corresponding to a gcov data file
  gcov_fname   /home/sufyan/Zephyr_IOMICO/zephyr-course/app/modules/ring_buf/dlist.h##8b38c32f07439f20ffdd7079fc0c40eb.gcov
  current_dir  /home/sufyan/Zephyr_IOMICO/zephyr-course/app/modules/ring_buf
  root         /home/sufyan/Zephyr_IOMICO/zephyr-course/app/modules/ring_buf
  starting_dir /home/sufyan/Zephyr_IOMICO/zephyr-course
  obj_dir      None
  gcda_fname   ../../../twister-out/native_sim_native/host/homework.unit.ring_buf/zephyr/kernel/CMakeFiles/kernel.dir/work.c.gcno
  --> fname    /home/sufyan/Zephyr_IOMICO/deps/zephyr/include/zephyr/sys/dlist.h
(DEBUG) Check if /home/sufyan/Zephyr_IOMICO/deps/zephyr/include/zephyr/sys/dlist.h is included (source file)...
(DEBUG) --> File is excluded.
(DEBUG) Check if /home/sufyan/Zephyr_IOMICO/zephyr-course/app/modules/ring_buf/kernel.h##0603b591ac855b4a2926257de0e213f1.gcov is included (trace)...
(DEBUG) --> File is excluded.
(DEBUG) Finding source file corresponding to a gcov data file
  gcov_fname   /home/sufyan/Zephyr_IOMICO/zephyr-course/app/modules/ring_buf/kernel.h##0603b591ac855b4a2926257de0e213f1.gcov
  current_dir  /home/sufyan/Zephyr_IOMICO/zephyr-course/app/modules/ring_buf
  root         /home/sufyan/Zephyr_IOMICO/zephyr-course/app/modules/ring_buf
  starting_dir /home/sufyan/Zephyr_IOMICO/zephyr-course
  obj_dir      None
  gcda_fname   ../../../twister-out/native_sim_native/host/homework.unit.ring_buf/zephyr/kernel/CMakeFiles/kernel.dir/work.c.gcno
  --> fname    /home/sufyan/Zephyr_IOMICO/deps/zephyr/include/zephyr/kernel.h
(DEBUG) Check if /home/sufyan/Zephyr_IOMICO/deps/zephyr/include/zephyr/kernel.h is included (source file)...
(DEBUG) --> File is excluded.
(DEBUG) Check if /home/sufyan/Zephyr_IOMICO/zephyr-course/twister-out/native_sim_native/host/homework.unit.ring_buf/zephyr/soc/soc/native/CMakeFiles/soc__native__inf_clock.dir/native_remap.c.gcda is included (trace)...
(DEBUG)   No filter matched.
(DEBUG) --> File is excluded.
(DEBUG) Check if /home/sufyan/Zephyr_IOMICO/zephyr-course/twister-out/native_sim_native/host/homework.unit.ring_buf/zephyr/soc/soc/native/CMakeFiles/soc__native__inf_clock.dir/native_remap.c.gcda is included (trace)...
(DEBUG) --> File is excluded.
(DEBUG) Check if native_remap.c##8310772a3d1d8fbee7df2a97d531584f.gcov is included (gcov file)...
(DEBUG)   Filter AlwaysMatchFilter() matched.
(DEBUG) --> File is included.
(DEBUG) Check if /home/sufyan/Zephyr_IOMICO/zephyr-course/app/modules/ring_buf/native_remap.c##8310772a3d1d8fbee7df2a97d531584f.gcov is included (trace)...
(DEBUG)   No filter matched.
(DEBUG) --> File is excluded.
(DEBUG) Finding source file corresponding to a gcov data file
  gcov_fname   /home/sufyan/Zephyr_IOMICO/zephyr-course/app/modules/ring_buf/native_remap.c##8310772a3d1d8fbee7df2a97d531584f.gcov
  current_dir  /home/sufyan/Zephyr_IOMICO/zephyr-course/app/modules/ring_buf
  root         /home/sufyan/Zephyr_IOMICO/zephyr-course/app/modules/ring_buf
  starting_dir /home/sufyan/Zephyr_IOMICO/zephyr-course
  obj_dir      None
  gcda_fname   ../../../twister-out/native_sim_native/host/homework.unit.ring_buf/zephyr/soc/soc/native/CMakeFiles/soc__native__inf_clock.dir/native_remap.c.gcda
  --> fname    /home/sufyan/Zephyr_IOMICO/deps/zephyr/soc/native/inf_clock/native_remap.c
(DEBUG) Check if /home/sufyan/Zephyr_IOMICO/deps/zephyr/soc/native/inf_clock/native_remap.c is included (source file)...
(DEBUG)   No filter matched.
(DEBUG) --> File is excluded.
(DEBUG) Check if /home/sufyan/Zephyr_IOMICO/zephyr-course/twister-out/native_sim_native/host/homework.unit.ring_buf/zephyr/soc/soc/native/CMakeFiles/soc__native__inf_clock.dir/native_tasks.c.gcda is included (trace)...
(DEBUG)   No filter matched.
(DEBUG) --> File is excluded.
(DEBUG) Check if /home/sufyan/Zephyr_IOMICO/zephyr-course/twister-out/native_sim_native/host/homework.unit.ring_buf/zephyr/soc/soc/native/CMakeFiles/soc__native__inf_clock.dir/native_tasks.c.gcda is included (trace)...
(DEBUG) --> File is excluded.
(DEBUG) Check if native_tasks.c##d92031516226ee6478182f55335b19c4.gcov is included (gcov file)...
(DEBUG)   Filter AlwaysMatchFilter() matched.
(DEBUG) --> File is included.
(DEBUG) Check if /home/sufyan/Zephyr_IOMICO/zephyr-course/app/modules/ring_buf/native_tasks.c##d92031516226ee6478182f55335b19c4.gcov is included (trace)...
(DEBUG)   No filter matched.
(DEBUG) --> File is excluded.
(DEBUG) Finding source file corresponding to a gcov data file
  gcov_fname   /home/sufyan/Zephyr_IOMICO/zephyr-course/app/modules/ring_buf/native_tasks.c##d92031516226ee6478182f55335b19c4.gcov
  current_dir  /home/sufyan/Zephyr_IOMICO/zephyr-course/app/modules/ring_buf
  root         /home/sufyan/Zephyr_IOMICO/zephyr-course/app/modules/ring_buf
  starting_dir /home/sufyan/Zephyr_IOMICO/zephyr-course
  obj_dir      None
  gcda_fname   ../../../twister-out/native_sim_native/host/homework.unit.ring_buf/zephyr/soc/soc/native/CMakeFiles/soc__native__inf_clock.dir/native_tasks.c.gcda
  --> fname    /home/sufyan/Zephyr_IOMICO/deps/zephyr/soc/native/inf_clock/native_tasks.c
(DEBUG) Check if /home/sufyan/Zephyr_IOMICO/deps/zephyr/soc/native/inf_clock/native_tasks.c is included (source file)...
(DEBUG)   No filter matched.
(DEBUG) --> File is excluded.
(DEBUG) Check if /home/sufyan/Zephyr_IOMICO/zephyr-course/twister-out/native_sim_native/host/homework.unit.ring_buf/zephyr/soc/soc/native/CMakeFiles/soc__native__inf_clock.dir/soc.c.gcda is included (trace)...
(DEBUG)   No filter matched.
(DEBUG) --> File is excluded.
(DEBUG) Check if /home/sufyan/Zephyr_IOMICO/zephyr-course/twister-out/native_sim_native/host/homework.unit.ring_buf/zephyr/soc/soc/native/CMakeFiles/soc__native__inf_clock.dir/soc.c.gcda is included (trace)...
(DEBUG) --> File is excluded.
(DEBUG) Check if soc.c##32f0e8dd06fbe736ffbbaa461fbff698.gcov is included (gcov file)...
(DEBUG)   Filter AlwaysMatchFilter() matched.
(DEBUG) --> File is included.
(DEBUG) Check if /home/sufyan/Zephyr_IOMICO/zephyr-course/app/modules/ring_buf/soc.c##32f0e8dd06fbe736ffbbaa461fbff698.gcov is included (trace)...
(DEBUG)   No filter matched.
(DEBUG) --> File is excluded.
(DEBUG) Finding source file corresponding to a gcov data file
  gcov_fname   /home/sufyan/Zephyr_IOMICO/zephyr-course/app/modules/ring_buf/soc.c##32f0e8dd06fbe736ffbbaa461fbff698.gcov
  current_dir  /home/sufyan/Zephyr_IOMICO/zephyr-course/app/modules/ring_buf
  root         /home/sufyan/Zephyr_IOMICO/zephyr-course/app/modules/ring_buf
  starting_dir /home/sufyan/Zephyr_IOMICO/zephyr-course
  obj_dir      None
  gcda_fname   ../../../twister-out/native_sim_native/host/homework.unit.ring_buf/zephyr/soc/soc/native/CMakeFiles/soc__native__inf_clock.dir/soc.c.gcda
  --> fname    /home/sufyan/Zephyr_IOMICO/deps/zephyr/soc/native/inf_clock/soc.c
(DEBUG) Check if /home/sufyan/Zephyr_IOMICO/deps/zephyr/soc/native/inf_clock/soc.c is included (source file)...
(DEBUG)   No filter matched.
(DEBUG) --> File is excluded.
(DEBUG) Check if /home/sufyan/Zephyr_IOMICO/zephyr-course/twister-out/native_sim_native/host/homework.unit.ring_buf/zephyr/subsys/random/CMakeFiles/subsys__random.dir/random_test_csprng.c.gcda is included (trace)...
(DEBUG)   No filter matched.
(DEBUG) --> File is excluded.
(DEBUG) Check if /home/sufyan/Zephyr_IOMICO/zephyr-course/twister-out/native_sim_native/host/homework.unit.ring_buf/zephyr/subsys/random/CMakeFiles/subsys__random.dir/random_test_csprng.c.gcda is included (trace)...
(DEBUG) --> File is excluded.
(DEBUG) Check if random_test_csprng.c##41f2fc74d66ac152395f832effde6666.gcov is included (gcov file)...
(DEBUG)   Filter AlwaysMatchFilter() matched.
(DEBUG) --> File is included.
(DEBUG) Check if random.h##37be1130d8e8f6b26bf4d76955a333f5.gcov is included (gcov file)...
(DEBUG)   Filter AlwaysMatchFilter() matched.
(DEBUG) --> File is included.
(DEBUG) Check if /home/sufyan/Zephyr_IOMICO/zephyr-course/app/modules/ring_buf/random.h##37be1130d8e8f6b26bf4d76955a333f5.gcov is included (trace)...
(DEBUG)   No filter matched.
(DEBUG) --> File is excluded.
(DEBUG) Finding source file corresponding to a gcov data file
  gcov_fname   /home/sufyan/Zephyr_IOMICO/zephyr-course/app/modules/ring_buf/random.h##37be1130d8e8f6b26bf4d76955a333f5.gcov
  current_dir  /home/sufyan/Zephyr_IOMICO/zephyr-course/app/modules/ring_buf
  root         /home/sufyan/Zephyr_IOMICO/zephyr-course/app/modules/ring_buf
  starting_dir /home/sufyan/Zephyr_IOMICO/zephyr-course
  obj_dir      None
  gcda_fname   ../../../twister-out/native_sim_native/host/homework.unit.ring_buf/zephyr/subsys/random/CMakeFiles/subsys__random.dir/random_test_csprng.c.gcda
  --> fname    /home/sufyan/Zephyr_IOMICO/zephyr-course/twister-out/native_sim_native/host/homework.unit.ring_buf/zephyr/include/generated/zephyr/syscalls/random.h
(DEBUG) Check if /home/sufyan/Zephyr_IOMICO/zephyr-course/twister-out/native_sim_native/host/homework.unit.ring_buf/zephyr/include/generated/zephyr/syscalls/random.h is included (source file)...
(DEBUG)   No filter matched.
(DEBUG) --> File is excluded.
(DEBUG) Check if /home/sufyan/Zephyr_IOMICO/zephyr-course/app/modules/ring_buf/random_test_csprng.c##41f2fc74d66ac152395f832effde6666.gcov is included (trace)...
(DEBUG)   No filter matched.
(DEBUG) --> File is excluded.
(DEBUG) Finding source file corresponding to a gcov data file
  gcov_fname   /home/sufyan/Zephyr_IOMICO/zephyr-course/app/modules/ring_buf/random_test_csprng.c##41f2fc74d66ac152395f832effde6666.gcov
  current_dir  /home/sufyan/Zephyr_IOMICO/zephyr-course/app/modules/ring_buf
  root         /home/sufyan/Zephyr_IOMICO/zephyr-course/app/modules/ring_buf
  starting_dir /home/sufyan/Zephyr_IOMICO/zephyr-course
  obj_dir      None
  gcda_fname   ../../../twister-out/native_sim_native/host/homework.unit.ring_buf/zephyr/subsys/random/CMakeFiles/subsys__random.dir/random_test_csprng.c.gcda
  --> fname    /home/sufyan/Zephyr_IOMICO/deps/zephyr/subsys/random/random_test_csprng.c
(DEBUG) Check if /home/sufyan/Zephyr_IOMICO/deps/zephyr/subsys/random/random_test_csprng.c is included (source file)...
(DEBUG)   No filter matched.
(DEBUG) --> File is excluded.
(DEBUG) Check if /home/sufyan/Zephyr_IOMICO/zephyr-course/twister-out/native_sim_native/host/homework.unit.ring_buf/zephyr/subsys/random/CMakeFiles/subsys__random.dir/random_timer.c.gcda is included (trace)...
(DEBUG)   No filter matched.
(DEBUG) --> File is excluded.
(DEBUG) Check if /home/sufyan/Zephyr_IOMICO/zephyr-course/twister-out/native_sim_native/host/homework.unit.ring_buf/zephyr/subsys/random/CMakeFiles/subsys__random.dir/random_timer.c.gcda is included (trace)...
(DEBUG) --> File is excluded.
(DEBUG) Check if random_timer.c##caab5fbbc6b0f651b714089aae5d4b8e.gcov is included (gcov file)...
(DEBUG)   Filter AlwaysMatchFilter() matched.
(DEBUG) --> File is included.
(DEBUG) Check if kernel.h##0603b591ac855b4a2926257de0e213f1.gcov is included (gcov file)...
(DEBUG) --> File is included.
(DEBUG) Check if spinlock.h##ac54c28a46b90c889de3665abac3ef1a.gcov is included (gcov file)...
(DEBUG) --> File is included.
(DEBUG) Check if arch.h##dc70e81a221e00a96b5b011e55795c6f.gcov is included (gcov file)...
(DEBUG) --> File is included.
(DEBUG) Check if /home/sufyan/Zephyr_IOMICO/zephyr-course/app/modules/ring_buf/spinlock.h##ac54c28a46b90c889de3665abac3ef1a.gcov is included (trace)...
(DEBUG) --> File is excluded.
(DEBUG) Finding source file corresponding to a gcov data file
  gcov_fname   /home/sufyan/Zephyr_IOMICO/zephyr-course/app/modules/ring_buf/spinlock.h##ac54c28a46b90c889de3665abac3ef1a.gcov
  current_dir  /home/sufyan/Zephyr_IOMICO/zephyr-course/app/modules/ring_buf
  root         /home/sufyan/Zephyr_IOMICO/zephyr-course/app/modules/ring_buf
  starting_dir /home/sufyan/Zephyr_IOMICO/zephyr-course
  obj_dir      None
  gcda_fname   ../../../twister-out/native_sim_native/host/homework.unit.ring_buf/zephyr/subsys/random/CMakeFiles/subsys__random.dir/random_timer.c.gcda
  --> fname    /home/sufyan/Zephyr_IOMICO/deps/zephyr/include/zephyr/spinlock.h
(DEBUG) Check if /home/sufyan/Zephyr_IOMICO/deps/zephyr/include/zephyr/spinlock.h is included (source file)...
(DEBUG) --> File is excluded.
(DEBUG) Check if /home/sufyan/Zephyr_IOMICO/zephyr-course/app/modules/ring_buf/arch.h##dc70e81a221e00a96b5b011e55795c6f.gcov is included (trace)...
(DEBUG) --> File is excluded.
(DEBUG) Finding source file corresponding to a gcov data file
  gcov_fname   /home/sufyan/Zephyr_IOMICO/zephyr-course/app/modules/ring_buf/arch.h##dc70e81a221e00a96b5b011e55795c6f.gcov
  current_dir  /home/sufyan/Zephyr_IOMICO/zephyr-course/app/modules/ring_buf
  root         /home/sufyan/Zephyr_IOMICO/zephyr-course/app/modules/ring_buf
  starting_dir /home/sufyan/Zephyr_IOMICO/zephyr-course
  obj_dir      None
  gcda_fname   ../../../twister-out/native_sim_native/host/homework.unit.ring_buf/zephyr/subsys/random/CMakeFiles/subsys__random.dir/random_timer.c.gcda
  --> fname    /home/sufyan/Zephyr_IOMICO/deps/zephyr/include/zephyr/arch/posix/arch.h
(DEBUG) Check if /home/sufyan/Zephyr_IOMICO/deps/zephyr/include/zephyr/arch/posix/arch.h is included (source file)...
(DEBUG) --> File is excluded.
(DEBUG) Check if /home/sufyan/Zephyr_IOMICO/zephyr-course/app/modules/ring_buf/random_timer.c##caab5fbbc6b0f651b714089aae5d4b8e.gcov is included (trace)...
(DEBUG)   No filter matched.
(DEBUG) --> File is excluded.
(DEBUG) Finding source file corresponding to a gcov data file
  gcov_fname   /home/sufyan/Zephyr_IOMICO/zephyr-course/app/modules/ring_buf/random_timer.c##caab5fbbc6b0f651b714089aae5d4b8e.gcov
  current_dir  /home/sufyan/Zephyr_IOMICO/zephyr-course/app/modules/ring_buf
  root         /home/sufyan/Zephyr_IOMICO/zephyr-course/app/modules/ring_buf
  starting_dir /home/sufyan/Zephyr_IOMICO/zephyr-course
  obj_dir      None
  gcda_fname   ../../../twister-out/native_sim_native/host/homework.unit.ring_buf/zephyr/subsys/random/CMakeFiles/subsys__random.dir/random_timer.c.gcda
  --> fname    /home/sufyan/Zephyr_IOMICO/deps/zephyr/subsys/random/random_timer.c
(DEBUG) Check if /home/sufyan/Zephyr_IOMICO/deps/zephyr/subsys/random/random_timer.c is included (source file)...
(DEBUG)   No filter matched.
(DEBUG) --> File is excluded.
(DEBUG) Check if /home/sufyan/Zephyr_IOMICO/zephyr-course/app/modules/ring_buf/kernel.h##0603b591ac855b4a2926257de0e213f1.gcov is included (trace)...
(DEBUG) --> File is excluded.
(DEBUG) Finding source file corresponding to a gcov data file
  gcov_fname   /home/sufyan/Zephyr_IOMICO/zephyr-course/app/modules/ring_buf/kernel.h##0603b591ac855b4a2926257de0e213f1.gcov
  current_dir  /home/sufyan/Zephyr_IOMICO/zephyr-course/app/modules/ring_buf
  root         /home/sufyan/Zephyr_IOMICO/zephyr-course/app/modules/ring_buf
  starting_dir /home/sufyan/Zephyr_IOMICO/zephyr-course
  obj_dir      None
  gcda_fname   ../../../twister-out/native_sim_native/host/homework.unit.ring_buf/zephyr/subsys/random/CMakeFiles/subsys__random.dir/random_timer.c.gcda
  --> fname    /home/sufyan/Zephyr_IOMICO/deps/zephyr/include/zephyr/kernel.h
(DEBUG) Check if /home/sufyan/Zephyr_IOMICO/deps/zephyr/include/zephyr/kernel.h is included (source file)...
(DEBUG) --> File is excluded.
(DEBUG) Check if /home/sufyan/Zephyr_IOMICO/zephyr-course/twister-out/native_sim_native/host/homework.unit.ring_buf/zephyr/subsys/testsuite/ztest/CMakeFiles/subsys__testsuite__ztest.dir/src/ztest.c.gcda is included (trace)...
(DEBUG)   No filter matched.
(DEBUG) --> File is excluded.
(DEBUG) Check if /home/sufyan/Zephyr_IOMICO/zephyr-course/twister-out/native_sim_native/host/homework.unit.ring_buf/zephyr/subsys/testsuite/ztest/CMakeFiles/subsys__testsuite__ztest.dir/src/ztest.c.gcda is included (trace)...
(DEBUG) --> File is excluded.
(DEBUG) Check if ztest.c##57da7da13942ec1332024f7d22874226.gcov is included (gcov file)...
(DEBUG)   Filter AlwaysMatchFilter() matched.
(DEBUG) --> File is included.
(DEBUG) Check if random.h##37be1130d8e8f6b26bf4d76955a333f5.gcov is included (gcov file)...
(DEBUG) --> File is included.
(DEBUG) Check if random.h##9b187d3d90c9169bbfcb5672e9dc4637.gcov is included (gcov file)...
(DEBUG)   Filter AlwaysMatchFilter() matched.
(DEBUG) --> File is included.
(DEBUG) Check if ztest_test.h##cdb29d377e08f19a47b4293184e9ed98.gcov is included (gcov file)...
(DEBUG)   Filter AlwaysMatchFilter() matched.
(DEBUG) --> File is included.
(DEBUG) Check if log_ctrl.h##57b6e6ed29bc9abbe1cfe0da87527331.gcov is included (gcov file)...
(DEBUG) --> File is included.
(DEBUG) Check if log_ctrl.h##c6db1d2dc30262415e433a84e7b4f017.gcov is included (gcov file)...
(DEBUG)   Filter AlwaysMatchFilter() matched.
(DEBUG) --> File is included.
(DEBUG) Check if tc_util.h##93c33c3d7545f22b74d4b5583d7f3665.gcov is included (gcov file)...
(DEBUG)   Filter AlwaysMatchFilter() matched.
(DEBUG) --> File is included.
(DEBUG) Check if kernel.h##613194e766979d51f14f46fda6f8f0e6.gcov is included (gcov file)...
(DEBUG) --> File is included.
(DEBUG) Check if kernel.h##0603b591ac855b4a2926257de0e213f1.gcov is included (gcov file)...
(DEBUG) --> File is included.
(DEBUG) Check if kobject.h##6fc576a4b03c2745b9236ffe5a2ae2ab.gcov is included (gcov file)...
(DEBUG)   Filter AlwaysMatchFilter() matched.
(DEBUG) --> File is included.
(DEBUG) Check if kobject.h##f407816aec966c41323fdc843153b6e9.gcov is included (gcov file)...
(DEBUG)   Filter AlwaysMatchFilter() matched.
(DEBUG) --> File is included.
(DEBUG) Check if arch.h##dc70e81a221e00a96b5b011e55795c6f.gcov is included (gcov file)...
(DEBUG) --> File is included.
(DEBUG) Check if /home/sufyan/Zephyr_IOMICO/zephyr-course/app/modules/ring_buf/random.h##37be1130d8e8f6b26bf4d76955a333f5.gcov is included (trace)...
(DEBUG) --> File is excluded.
(DEBUG) Finding source file corresponding to a gcov data file
  gcov_fname   /home/sufyan/Zephyr_IOMICO/zephyr-course/app/modules/ring_buf/random.h##37be1130d8e8f6b26bf4d76955a333f5.gcov
  current_dir  /home/sufyan/Zephyr_IOMICO/zephyr-course/app/modules/ring_buf
  root         /home/sufyan/Zephyr_IOMICO/zephyr-course/app/modules/ring_buf
  starting_dir /home/sufyan/Zephyr_IOMICO/zephyr-course
  obj_dir      None
  gcda_fname   ../../../twister-out/native_sim_native/host/homework.unit.ring_buf/zephyr/subsys/testsuite/ztest/CMakeFiles/subsys__testsuite__ztest.dir/src/ztest.c.gcda
  --> fname    /home/sufyan/Zephyr_IOMICO/zephyr-course/twister-out/native_sim_native/host/homework.unit.ring_buf/zephyr/include/generated/zephyr/syscalls/random.h
(DEBUG) Check if /home/sufyan/Zephyr_IOMICO/zephyr-course/twister-out/native_sim_native/host/homework.unit.ring_buf/zephyr/include/generated/zephyr/syscalls/random.h is included (source file)...
(DEBUG) --> File is excluded.
(DEBUG) Check if /home/sufyan/Zephyr_IOMICO/zephyr-course/app/modules/ring_buf/log_ctrl.h##57b6e6ed29bc9abbe1cfe0da87527331.gcov is included (trace)...
(DEBUG) --> File is excluded.
(DEBUG) Finding source file corresponding to a gcov data file
  gcov_fname   /home/sufyan/Zephyr_IOMICO/zephyr-course/app/modules/ring_buf/log_ctrl.h##57b6e6ed29bc9abbe1cfe0da87527331.gcov
  current_dir  /home/sufyan/Zephyr_IOMICO/zephyr-course/app/modules/ring_buf
  root         /home/sufyan/Zephyr_IOMICO/zephyr-course/app/modules/ring_buf
  starting_dir /home/sufyan/Zephyr_IOMICO/zephyr-course
  obj_dir      None
  gcda_fname   ../../../twister-out/native_sim_native/host/homework.unit.ring_buf/zephyr/subsys/testsuite/ztest/CMakeFiles/subsys__testsuite__ztest.dir/src/ztest.c.gcda
  --> fname    /home/sufyan/Zephyr_IOMICO/zephyr-course/twister-out/native_sim_native/host/homework.unit.ring_buf/zephyr/include/generated/zephyr/syscalls/log_ctrl.h
(DEBUG) Check if /home/sufyan/Zephyr_IOMICO/zephyr-course/twister-out/native_sim_native/host/homework.unit.ring_buf/zephyr/include/generated/zephyr/syscalls/log_ctrl.h is included (source file)...
(DEBUG) --> File is excluded.
(DEBUG) Check if /home/sufyan/Zephyr_IOMICO/zephyr-course/app/modules/ring_buf/ztest.c##57da7da13942ec1332024f7d22874226.gcov is included (trace)...
(DEBUG)   No filter matched.
(DEBUG) --> File is excluded.
(DEBUG) Finding source file corresponding to a gcov data file
  gcov_fname   /home/sufyan/Zephyr_IOMICO/zephyr-course/app/modules/ring_buf/ztest.c##57da7da13942ec1332024f7d22874226.gcov
  current_dir  /home/sufyan/Zephyr_IOMICO/zephyr-course/app/modules/ring_buf
  root         /home/sufyan/Zephyr_IOMICO/zephyr-course/app/modules/ring_buf
  starting_dir /home/sufyan/Zephyr_IOMICO/zephyr-course
  obj_dir      None
  gcda_fname   ../../../twister-out/native_sim_native/host/homework.unit.ring_buf/zephyr/subsys/testsuite/ztest/CMakeFiles/subsys__testsuite__ztest.dir/src/ztest.c.gcda
  --> fname    /home/sufyan/Zephyr_IOMICO/deps/zephyr/subsys/testsuite/ztest/src/ztest.c
(DEBUG) Check if /home/sufyan/Zephyr_IOMICO/deps/zephyr/subsys/testsuite/ztest/src/ztest.c is included (source file)...
(DEBUG)   No filter matched.
(DEBUG) --> File is excluded.
(DEBUG) Check if /home/sufyan/Zephyr_IOMICO/zephyr-course/app/modules/ring_buf/tc_util.h##93c33c3d7545f22b74d4b5583d7f3665.gcov is included (trace)...
(DEBUG)   No filter matched.
(DEBUG) --> File is excluded.
(DEBUG) Finding source file corresponding to a gcov data file
  gcov_fname   /home/sufyan/Zephyr_IOMICO/zephyr-course/app/modules/ring_buf/tc_util.h##93c33c3d7545f22b74d4b5583d7f3665.gcov
  current_dir  /home/sufyan/Zephyr_IOMICO/zephyr-course/app/modules/ring_buf
  root         /home/sufyan/Zephyr_IOMICO/zephyr-course/app/modules/ring_buf
  starting_dir /home/sufyan/Zephyr_IOMICO/zephyr-course
  obj_dir      None
  gcda_fname   ../../../twister-out/native_sim_native/host/homework.unit.ring_buf/zephyr/subsys/testsuite/ztest/CMakeFiles/subsys__testsuite__ztest.dir/src/ztest.c.gcda
  --> fname    /home/sufyan/Zephyr_IOMICO/deps/zephyr/subsys/testsuite/include/zephyr/tc_util.h
(DEBUG) Check if /home/sufyan/Zephyr_IOMICO/deps/zephyr/subsys/testsuite/include/zephyr/tc_util.h is included (source file)...
(DEBUG)   No filter matched.
(DEBUG) --> File is excluded.
(DEBUG) Check if /home/sufyan/Zephyr_IOMICO/zephyr-course/app/modules/ring_buf/arch.h##dc70e81a221e00a96b5b011e55795c6f.gcov is included (trace)...
(DEBUG) --> File is excluded.
(DEBUG) Finding source file corresponding to a gcov data file
  gcov_fname   /home/sufyan/Zephyr_IOMICO/zephyr-course/app/modules/ring_buf/arch.h##dc70e81a221e00a96b5b011e55795c6f.gcov
  current_dir  /home/sufyan/Zephyr_IOMICO/zephyr-course/app/modules/ring_buf
  root         /home/sufyan/Zephyr_IOMICO/zephyr-course/app/modules/ring_buf
  starting_dir /home/sufyan/Zephyr_IOMICO/zephyr-course
  obj_dir      None
  gcda_fname   ../../../twister-out/native_sim_native/host/homework.unit.ring_buf/zephyr/subsys/testsuite/ztest/CMakeFiles/subsys__testsuite__ztest.dir/src/ztest.c.gcda
  --> fname    /home/sufyan/Zephyr_IOMICO/deps/zephyr/include/zephyr/arch/posix/arch.h
(DEBUG) Check if /home/sufyan/Zephyr_IOMICO/deps/zephyr/include/zephyr/arch/posix/arch.h is included (source file)...
(DEBUG) --> File is excluded.
(DEBUG) Check if /home/sufyan/Zephyr_IOMICO/zephyr-course/app/modules/ring_buf/ztest_test.h##cdb29d377e08f19a47b4293184e9ed98.gcov is included (trace)...
(DEBUG)   No filter matched.
(DEBUG) --> File is excluded.
(DEBUG) Finding source file corresponding to a gcov data file
  gcov_fname   /home/sufyan/Zephyr_IOMICO/zephyr-course/app/modules/ring_buf/ztest_test.h##cdb29d377e08f19a47b4293184e9ed98.gcov
  current_dir  /home/sufyan/Zephyr_IOMICO/zephyr-course/app/modules/ring_buf
  root         /home/sufyan/Zephyr_IOMICO/zephyr-course/app/modules/ring_buf
  starting_dir /home/sufyan/Zephyr_IOMICO/zephyr-course
  obj_dir      None
  gcda_fname   ../../../twister-out/native_sim_native/host/homework.unit.ring_buf/zephyr/subsys/testsuite/ztest/CMakeFiles/subsys__testsuite__ztest.dir/src/ztest.c.gcda
  --> fname    /home/sufyan/Zephyr_IOMICO/zephyr-course/twister-out/native_sim_native/host/homework.unit.ring_buf/zephyr/include/generated/zephyr/syscalls/ztest_test.h
(DEBUG) Check if /home/sufyan/Zephyr_IOMICO/zephyr-course/twister-out/native_sim_native/host/homework.unit.ring_buf/zephyr/include/generated/zephyr/syscalls/ztest_test.h is included (source file)...
(DEBUG)   No filter matched.
(DEBUG) --> File is excluded.
(DEBUG) Check if /home/sufyan/Zephyr_IOMICO/zephyr-course/app/modules/ring_buf/kobject.h##6fc576a4b03c2745b9236ffe5a2ae2ab.gcov is included (trace)...
(DEBUG)   No filter matched.
(DEBUG) --> File is excluded.
(DEBUG) Finding source file corresponding to a gcov data file
  gcov_fname   /home/sufyan/Zephyr_IOMICO/zephyr-course/app/modules/ring_buf/kobject.h##6fc576a4b03c2745b9236ffe5a2ae2ab.gcov
  current_dir  /home/sufyan/Zephyr_IOMICO/zephyr-course/app/modules/ring_buf
  root         /home/sufyan/Zephyr_IOMICO/zephyr-course/app/modules/ring_buf
  starting_dir /home/sufyan/Zephyr_IOMICO/zephyr-course
  obj_dir      None
  gcda_fname   ../../../twister-out/native_sim_native/host/homework.unit.ring_buf/zephyr/subsys/testsuite/ztest/CMakeFiles/subsys__testsuite__ztest.dir/src/ztest.c.gcda
  --> fname    /home/sufyan/Zephyr_IOMICO/zephyr-course/twister-out/native_sim_native/host/homework.unit.ring_buf/zephyr/include/generated/zephyr/syscalls/kobject.h
(DEBUG) Check if /home/sufyan/Zephyr_IOMICO/zephyr-course/twister-out/native_sim_native/host/homework.unit.ring_buf/zephyr/include/generated/zephyr/syscalls/kobject.h is included (source file)...
(DEBUG)   No filter matched.
(DEBUG) --> File is excluded.
(DEBUG) Check if /home/sufyan/Zephyr_IOMICO/zephyr-course/app/modules/ring_buf/kobject.h##f407816aec966c41323fdc843153b6e9.gcov is included (trace)...
(DEBUG)   No filter matched.
(DEBUG) --> File is excluded.
(DEBUG) Finding source file corresponding to a gcov data file
  gcov_fname   /home/sufyan/Zephyr_IOMICO/zephyr-course/app/modules/ring_buf/kobject.h##f407816aec966c41323fdc843153b6e9.gcov
  current_dir  /home/sufyan/Zephyr_IOMICO/zephyr-course/app/modules/ring_buf
  root         /home/sufyan/Zephyr_IOMICO/zephyr-course/app/modules/ring_buf
  starting_dir /home/sufyan/Zephyr_IOMICO/zephyr-course
  obj_dir      None
  gcda_fname   ../../../twister-out/native_sim_native/host/homework.unit.ring_buf/zephyr/subsys/testsuite/ztest/CMakeFiles/subsys__testsuite__ztest.dir/src/ztest.c.gcda
  --> fname    /home/sufyan/Zephyr_IOMICO/deps/zephyr/include/zephyr/sys/kobject.h
(DEBUG) Check if /home/sufyan/Zephyr_IOMICO/deps/zephyr/include/zephyr/sys/kobject.h is included (source file)...
(DEBUG)   No filter matched.
(DEBUG) --> File is excluded.
(DEBUG) Check if /home/sufyan/Zephyr_IOMICO/zephyr-course/app/modules/ring_buf/log_ctrl.h##c6db1d2dc30262415e433a84e7b4f017.gcov is included (trace)...
(DEBUG)   No filter matched.
(DEBUG) --> File is excluded.
(DEBUG) Finding source file corresponding to a gcov data file
  gcov_fname   /home/sufyan/Zephyr_IOMICO/zephyr-course/app/modules/ring_buf/log_ctrl.h##c6db1d2dc30262415e433a84e7b4f017.gcov
  current_dir  /home/sufyan/Zephyr_IOMICO/zephyr-course/app/modules/ring_buf
  root         /home/sufyan/Zephyr_IOMICO/zephyr-course/app/modules/ring_buf
  starting_dir /home/sufyan/Zephyr_IOMICO/zephyr-course
  obj_dir      None
  gcda_fname   ../../../twister-out/native_sim_native/host/homework.unit.ring_buf/zephyr/subsys/testsuite/ztest/CMakeFiles/subsys__testsuite__ztest.dir/src/ztest.c.gcda
  --> fname    /home/sufyan/Zephyr_IOMICO/deps/zephyr/include/zephyr/logging/log_ctrl.h
(DEBUG) Check if /home/sufyan/Zephyr_IOMICO/deps/zephyr/include/zephyr/logging/log_ctrl.h is included (source file)...
(DEBUG)   No filter matched.
(DEBUG) --> File is excluded.
(DEBUG) Check if /home/sufyan/Zephyr_IOMICO/zephyr-course/app/modules/ring_buf/random.h##9b187d3d90c9169bbfcb5672e9dc4637.gcov is included (trace)...
(DEBUG)   No filter matched.
(DEBUG) --> File is excluded.
(DEBUG) Finding source file corresponding to a gcov data file
  gcov_fname   /home/sufyan/Zephyr_IOMICO/zephyr-course/app/modules/ring_buf/random.h##9b187d3d90c9169bbfcb5672e9dc4637.gcov
  current_dir  /home/sufyan/Zephyr_IOMICO/zephyr-course/app/modules/ring_buf
  root         /home/sufyan/Zephyr_IOMICO/zephyr-course/app/modules/ring_buf
  starting_dir /home/sufyan/Zephyr_IOMICO/zephyr-course
  obj_dir      None
  gcda_fname   ../../../twister-out/native_sim_native/host/homework.unit.ring_buf/zephyr/subsys/testsuite/ztest/CMakeFiles/subsys__testsuite__ztest.dir/src/ztest.c.gcda
  --> fname    /home/sufyan/Zephyr_IOMICO/deps/zephyr/include/zephyr/random/random.h
(DEBUG) Check if /home/sufyan/Zephyr_IOMICO/deps/zephyr/include/zephyr/random/random.h is included (source file)...
(DEBUG)   No filter matched.
(DEBUG) --> File is excluded.
(DEBUG) Check if /home/sufyan/Zephyr_IOMICO/zephyr-course/app/modules/ring_buf/kernel.h##613194e766979d51f14f46fda6f8f0e6.gcov is included (trace)...
(DEBUG) --> File is excluded.
(DEBUG) Finding source file corresponding to a gcov data file
  gcov_fname   /home/sufyan/Zephyr_IOMICO/zephyr-course/app/modules/ring_buf/kernel.h##613194e766979d51f14f46fda6f8f0e6.gcov
  current_dir  /home/sufyan/Zephyr_IOMICO/zephyr-course/app/modules/ring_buf
  root         /home/sufyan/Zephyr_IOMICO/zephyr-course/app/modules/ring_buf
  starting_dir /home/sufyan/Zephyr_IOMICO/zephyr-course
  obj_dir      None
  gcda_fname   ../../../twister-out/native_sim_native/host/homework.unit.ring_buf/zephyr/subsys/testsuite/ztest/CMakeFiles/subsys__testsuite__ztest.dir/src/ztest.c.gcda
  --> fname    /home/sufyan/Zephyr_IOMICO/zephyr-course/twister-out/native_sim_native/host/homework.unit.ring_buf/zephyr/include/generated/zephyr/syscalls/kernel.h
(DEBUG) Check if /home/sufyan/Zephyr_IOMICO/zephyr-course/twister-out/native_sim_native/host/homework.unit.ring_buf/zephyr/include/generated/zephyr/syscalls/kernel.h is included (source file)...
(DEBUG) --> File is excluded.
(DEBUG) Check if /home/sufyan/Zephyr_IOMICO/zephyr-course/app/modules/ring_buf/kernel.h##0603b591ac855b4a2926257de0e213f1.gcov is included (trace)...
(DEBUG) --> File is excluded.
(DEBUG) Finding source file corresponding to a gcov data file
  gcov_fname   /home/sufyan/Zephyr_IOMICO/zephyr-course/app/modules/ring_buf/kernel.h##0603b591ac855b4a2926257de0e213f1.gcov
  current_dir  /home/sufyan/Zephyr_IOMICO/zephyr-course/app/modules/ring_buf
  root         /home/sufyan/Zephyr_IOMICO/zephyr-course/app/modules/ring_buf
  starting_dir /home/sufyan/Zephyr_IOMICO/zephyr-course
  obj_dir      None
  gcda_fname   ../../../twister-out/native_sim_native/host/homework.unit.ring_buf/zephyr/subsys/testsuite/ztest/CMakeFiles/subsys__testsuite__ztest.dir/src/ztest.c.gcda
  --> fname    /home/sufyan/Zephyr_IOMICO/deps/zephyr/include/zephyr/kernel.h
(DEBUG) Check if /home/sufyan/Zephyr_IOMICO/deps/zephyr/include/zephyr/kernel.h is included (source file)...
(DEBUG) --> File is excluded.
(DEBUG) Check if /home/sufyan/Zephyr_IOMICO/zephyr-course/twister-out/native_sim_native/host/homework.unit.ring_buf/zephyr/subsys/testsuite/ztest/CMakeFiles/subsys__testsuite__ztest.dir/src/ztest_error_hook.c.gcno is included (trace)...
(DEBUG)   No filter matched.
(DEBUG) --> File is excluded.
(DEBUG) Check if /home/sufyan/Zephyr_IOMICO/zephyr-course/twister-out/native_sim_native/host/homework.unit.ring_buf/zephyr/subsys/testsuite/ztest/CMakeFiles/subsys__testsuite__ztest.dir/src/ztest_error_hook.c.gcno is included (trace)...
(DEBUG) --> File is excluded.
(DEBUG) Check if /home/sufyan/Zephyr_IOMICO/zephyr-course/twister-out/native_sim_native/host/homework.unit.ring_buf/zephyr/subsys/testsuite/ztest/CMakeFiles/subsys__testsuite__ztest.dir/src/ztest_posix.c.gcda is included (trace)...
(DEBUG)   No filter matched.
(DEBUG) --> File is excluded.
(DEBUG) Check if /home/sufyan/Zephyr_IOMICO/zephyr-course/twister-out/native_sim_native/host/homework.unit.ring_buf/zephyr/subsys/testsuite/ztest/CMakeFiles/subsys__testsuite__ztest.dir/src/ztest_posix.c.gcda is included (trace)...
(DEBUG) --> File is excluded.
(DEBUG) Check if ztest_posix.c##0a6dd653a6295ff81170c9fb90710954.gcov is included (gcov file)...
(DEBUG)   Filter AlwaysMatchFilter() matched.
(DEBUG) --> File is included.
(DEBUG) Check if ztest_test.h##cdb29d377e08f19a47b4293184e9ed98.gcov is included (gcov file)...
(DEBUG) --> File is included.
(DEBUG) Check if /home/sufyan/Zephyr_IOMICO/zephyr-course/app/modules/ring_buf/ztest_test.h##cdb29d377e08f19a47b4293184e9ed98.gcov is included (trace)...
(DEBUG) --> File is excluded.
(DEBUG) Finding source file corresponding to a gcov data file
  gcov_fname   /home/sufyan/Zephyr_IOMICO/zephyr-course/app/modules/ring_buf/ztest_test.h##cdb29d377e08f19a47b4293184e9ed98.gcov
  current_dir  /home/sufyan/Zephyr_IOMICO/zephyr-course/app/modules/ring_buf
  root         /home/sufyan/Zephyr_IOMICO/zephyr-course/app/modules/ring_buf
  starting_dir /home/sufyan/Zephyr_IOMICO/zephyr-course
  obj_dir      None
  gcda_fname   ../../../twister-out/native_sim_native/host/homework.unit.ring_buf/zephyr/subsys/testsuite/ztest/CMakeFiles/subsys__testsuite__ztest.dir/src/ztest_posix.c.gcda
  --> fname    /home/sufyan/Zephyr_IOMICO/zephyr-course/twister-out/native_sim_native/host/homework.unit.ring_buf/zephyr/include/generated/zephyr/syscalls/ztest_test.h
(DEBUG) Check if /home/sufyan/Zephyr_IOMICO/zephyr-course/twister-out/native_sim_native/host/homework.unit.ring_buf/zephyr/include/generated/zephyr/syscalls/ztest_test.h is included (source file)...
(DEBUG) --> File is excluded.
(DEBUG) Check if /home/sufyan/Zephyr_IOMICO/zephyr-course/app/modules/ring_buf/ztest_posix.c##0a6dd653a6295ff81170c9fb90710954.gcov is included (trace)...
(DEBUG)   No filter matched.
(DEBUG) --> File is excluded.
(DEBUG) Finding source file corresponding to a gcov data file
  gcov_fname   /home/sufyan/Zephyr_IOMICO/zephyr-course/app/modules/ring_buf/ztest_posix.c##0a6dd653a6295ff81170c9fb90710954.gcov
  current_dir  /home/sufyan/Zephyr_IOMICO/zephyr-course/app/modules/ring_buf
  root         /home/sufyan/Zephyr_IOMICO/zephyr-course/app/modules/ring_buf
  starting_dir /home/sufyan/Zephyr_IOMICO/zephyr-course
  obj_dir      None
  gcda_fname   ../../../twister-out/native_sim_native/host/homework.unit.ring_buf/zephyr/subsys/testsuite/ztest/CMakeFiles/subsys__testsuite__ztest.dir/src/ztest_posix.c.gcda
  --> fname    /home/sufyan/Zephyr_IOMICO/deps/zephyr/subsys/testsuite/ztest/src/ztest_posix.c
(DEBUG) Check if /home/sufyan/Zephyr_IOMICO/deps/zephyr/subsys/testsuite/ztest/src/ztest_posix.c is included (source file)...
(DEBUG)   No filter matched.
(DEBUG) --> File is excluded.
(DEBUG) Check if /home/sufyan/Zephyr_IOMICO/zephyr-course/twister-out/native_sim_native/host/homework.unit.ring_buf/zephyr/subsys/testsuite/ztest/CMakeFiles/subsys__testsuite__ztest.dir/src/ztest_rules.c.gcno is included (trace)...
(DEBUG)   No filter matched.
(DEBUG) --> File is excluded.
(DEBUG) Check if /home/sufyan/Zephyr_IOMICO/zephyr-course/twister-out/native_sim_native/host/homework.unit.ring_buf/zephyr/subsys/testsuite/ztest/CMakeFiles/subsys__testsuite__ztest.dir/src/ztest_rules.c.gcno is included (trace)...
(DEBUG) --> File is excluded.
(WARNING) All coverage data is filtered out. Please check your paths and filters.
(INFO) Writing coverage report...
Running: gcovr -r /home/sufyan/Zephyr_IOMICO/zephyr-course/app/modules/ring_buf -v --merge-mode-functions=separate --html /home/sufyan/Zephyr_IOMICO/zephyr-course/twister-out/coverage/index.html --html-details --add-tracefile /home/sufyan/Zephyr_IOMICO/zephyr-course/twister-out/coverage.json --add-tracefile /home/sufyan/Zephyr_IOMICO/zephyr-course/twister-out/ztest.json --json-summary-pretty --json-summary /home/sufyan/Zephyr_IOMICO/zephyr-course/twister-out/coverage_summary.json
(DEBUG) gcovr version 8.6
(DEBUG) File system is case sensitive.
(DEBUG) Filters for --filter: (1)
(DEBUG)  - DirectoryPrefixFilter(/home/sufyan/Zephyr_IOMICO/zephyr\-course/app/modules/ring_buf/)
(DEBUG) Filters for --exclude: (0)
(DEBUG) Filters for --include: (0)
(DEBUG) Filters for --gcov-filter: (1)
(DEBUG)  - AlwaysMatchFilter()
(DEBUG) Filters for --gcov-exclude: (0)
(DEBUG) Filters for --exclude-directory: (0)
(DEBUG) Filters for --trace-include: (0)
(DEBUG) Filters for --trace-exclude: (0)
(DEBUG) Patterns for --exclude-function: (0)
(DEBUG) Patterns for --exclude-lines-by-pattern: (0)
(DEBUG) Patterns for --exclude-branches-by-pattern: (0)
(INFO) Reading coverage data...
(DEBUG) Check if /home/sufyan/Zephyr_IOMICO/zephyr-course/twister-out/coverage.json is included (trace)...
(DEBUG)   No filter matched.
(DEBUG) --> File is excluded.
(DEBUG) Check if /home/sufyan/Zephyr_IOMICO/zephyr-course/app/modules/ring_buf/src/ring_buf.c is included (source file)...
(DEBUG)   Filter DirectoryPrefixFilter(/home/sufyan/Zephyr_IOMICO/zephyr\-course/app/modules/ring_buf/) matched for path /home/sufyan/Zephyr_IOMICO/zephyr-course/app/modules/ring_buf/src/ring_buf.c.
(DEBUG) --> File is included.
(DEBUG) Check if /home/sufyan/Zephyr_IOMICO/zephyr-course/twister-out/ztest.json is included (trace)...
(DEBUG)   No filter matched.
(DEBUG) --> File is excluded.
(INFO) Writing coverage report...
(DEBUG) Common prefix path is '/home/sufyan/Zephyr_IOMICO/zephyr-course/app/modules/ring_buf/src'.
(DEBUG) Common relative prefix path is 'app/modules/ring_buf/src/'.
(DEBUG) Common prefix path is '/home/sufyan/Zephyr_IOMICO/zephyr-course/app/modules/ring_buf/src'.
(DEBUG) Common relative prefix path is 'app/modules/ring_buf/src/'.
